Entity_Name,Incorporation_Date,Corporate_Service_Provider,License_Status,Entity_Subtype
LAKHRAIM HOLDINGS LTD,13-06-2016,,Licensed,Special purpose vehicle
TASLEEH LIMITED,23-06-2016,,Licensed,Special purpose vehicle
SOLGENICS SPV 1 LIMITED,27-07-2016,TMF GROUP FIDUCIARY SERVICES LIMITED,Licensed,Special purpose vehicle
HAJAR HOLDINGS LTD,08-09-2016,WALKERS PROFESSIONAL SERVICES (MIDDLE EAST) LIMITED,Licensed,Special purpose vehicle
ANBARA INVESTMENT LTD,08-09-2016,PRAXISIFM TRUST LIMITED,Licensed,Special purpose vehicle
KEIBAL INVESTMENT LTD,08-09-2016,WALKERS PROFESSIONAL SERVICES (MIDDLE EAST) LIMITED,License cancelled,Special purpose vehicle
MSALLI GLOBAL HOLDING LTD,08-09-2016,WALKERS PROFESSIONAL SERVICES (MIDDLE EAST) LIMITED,License cancelled,Special purpose vehicle
KHADRAWI GLOBAL HOLDING LTD,08-09-2016,WALKERS PROFESSIONAL SERVICES (MIDDLE EAST) LIMITED,License cancelled,Special purpose vehicle
SELLAJ GLOBAL INVESTMENT LTD,08-09-2016,ADS INVESTMENT SOLUTIONS LIMITED,Licensed,Special purpose vehicle
SUFRI HOLDING LTD,08-09-2016,WALKERS PROFESSIONAL SERVICES (MIDDLE EAST) LIMITED,License cancelled,Special purpose vehicle
THOORY GLOBAL INVESTMENTS LTD,08-09-2016,,Licensed,Special purpose vehicle
ZAHIDI HOLDING LTD,08-09-2016,WALKERS PROFESSIONAL SERVICES (MIDDLE EAST) LIMITED,License cancelled,Special purpose vehicle
MILU LTD,21-09-2016,M-HQ LTD,License cancelled,Special purpose vehicle
MUBADALA INFRASTRUCTURE PARTNERS PORTS LIMITED,25-09-2016,,License cancelled,Special purpose vehicle
MUBADALA INFRASTRUCTURE PARTNERS CAMPUS 1 LIMITED,25-09-2016,,License cancelled,Special purpose vehicle
AL BARQ UTILITIES AND ENERGY INVESTMENT LIMITED,25-09-2016,,License cancelled,Special purpose vehicle
JUPITER DISTRICT COOLING INVESTMENT LIMITED,25-09-2016,,License cancelled,Special purpose vehicle
NEPTUNE UTILITIES AND ENERGY INVESTMENT LIMITED,25-09-2016,,License cancelled,Special purpose vehicle
AL JEYOUN LIMITED,28-09-2016,,License cancelled,Special purpose vehicle
GINKO LTD,11-10-2016,M-HQ LTD,License cancelled,Special purpose vehicle
SGL HOLDINGS LIMITED,11-10-2016,,License cancelled,Special purpose vehicle
GLOBAL ELECTRIC VEHICLE ROAD TRIP LIMITED,13-10-2016,,License cancelled,Special purpose vehicle
SOLUQI LIMITED,16-10-2016,,License cancelled,Special purpose vehicle
HAPPY FRIDGE LIMITED,16-10-2016,,License cancelled,Special purpose vehicle
DRAEWIL TECHNOLOGIES LIMITED,18-10-2016,,Licensed,Special purpose vehicle
MEBIFARM HOLDINGS LIMITED,18-10-2016,,License cancelled,Special purpose vehicle
KASAMAR HOLDINGS SPV LTD,19-10-2016,,Licensed,Special purpose vehicle
MEDICUS LIMITED,23-10-2016,,Licensed,Special purpose vehicle
BRICKSTONE INVESTMENT HOLDING LIMITED,30-10-2016,ACCLIME CORPORATE SERVICES LIMITED,Licensed,Special purpose vehicle
EGYPTIAN FUND GENERAL PARTNER LTD,30-10-2016,,License cancelled,Special purpose vehicle
ADCORP LTD,01-11-2016,WALKERS PROFESSIONAL SERVICES (MIDDLE EAST) LIMITED,Licensed,Special purpose vehicle
TWISTAR LIMITED,03-11-2016,,License cancelled,Special purpose vehicle
INTEGRATION NEST LIMITED,08-11-2016,WALKERS PROFESSIONAL SERVICES (MIDDLE EAST) LIMITED,Licensed,Special purpose vehicle
KASAMAR HOLDINGS FLEET STREET LTD,08-11-2016,,License cancelled,Special purpose vehicle
THE LIST LIMITED,10-11-2016,M-HQ LTD,Licensed,Special purpose vehicle
TMF SERVICES HOLDCO LIMITED,13-11-2016,TMF GROUP FIDUCIARY SERVICES LIMITED,Licensed,Special purpose vehicle
NEXTGEN VENTURES LIMITED,23-11-2016,,Licensed,Special purpose vehicle
AUDALION VENTURES LIMITED,29-11-2016,ELNAGGAR & PARTNERS LIMITED,Licensed,Special purpose vehicle
SUN HOLDINGS LIMITED,08-12-2016,INTERTRUST (MIDDLE EAST) LTD,Licensed,Special purpose vehicle
ADFG TECH LTD,08-12-2016,WALKERS PROFESSIONAL SERVICES (MIDDLE EAST) LIMITED,Licensed,Special purpose vehicle
BAZ AIRCRAFT LEASING TWO L.T.D.,08-12-2016,,License cancelled,Special purpose vehicle
DIGIHEALTH LIMITED,12-12-2016,ELNAGGAR & PARTNERS LIMITED,Licensed,Special purpose vehicle
BAZ AIRCRAFT LEASING ONE L.T.D.,12-12-2016,,License cancelled,Special purpose vehicle
BAZ AIRCRAFT LEASING THREE L.T.D.,12-12-2016,,License cancelled,Special purpose vehicle
D33 HOLDINGS LIMITED,14-12-2016,,Licensed,Special purpose vehicle
EMICAPITAL HOLDING LTD,18-12-2016,M-HQ LTD,License cancelled,Special purpose vehicle
PETROSPAN TRADE AND INVESTMENTS LIMITED,18-12-2016,ACCLIME CORPORATE SERVICES LIMITED,Licensed,Special purpose vehicle
PETRORECICLE TRADE AND INVESTMENT LIMITED,18-12-2016,ACCLIME CORPORATE SERVICES LIMITED,Licensed,Special purpose vehicle
ORIENT SPECIAL ONE L.T.D.,19-12-2016,TMF GROUP FIDUCIARY SERVICES LIMITED,Licensed,Special purpose vehicle
ORIENT SPECIAL TWO L.T.D.,19-12-2016,,License cancelled,Special purpose vehicle
ORIENT SPECIAL FOUR L.T.D.,19-12-2016,,License cancelled,Special purpose vehicle
ORIENT SPECIAL FIVE L.T.D.,19-12-2016,,License cancelled,Special purpose vehicle
TRIDIFY SPV LTD,26-12-2016,,License cancelled,Special purpose vehicle
BALATIN INVESTMENTS LIMITED,26-12-2016,,License cancelled,Special purpose vehicle
ADFG TECH ESOP LTD,26-12-2016,WALKERS PROFESSIONAL SERVICES (MIDDLE EAST) LIMITED,Licensed,Special purpose vehicle
GCC SOLUTIONS HOLDING LTD,02-01-2017,,License cancelled,Special purpose vehicle
DIYAFA HOTELS INTERNATIONAL LTD,02-01-2017,CLARA FORMATIONS LIMITED,Licensed,Special purpose vehicle
ORIENT SPECIAL THREE RESTRICTED L.T.D.,10-01-2017,,License cancelled,Special purpose vehicle
WEST COAST LIMITED,23-01-2017,ACCLIME CORPORATE SERVICES LIMITED,Licensed,Special purpose vehicle
RP LIMITED,25-01-2017,,License cancelled,Special purpose vehicle
SPHERE DATA SYSTEMS LIMITED,25-01-2017,,License cancelled,Special purpose vehicle
TPS SPV LIMITED,01-02-2017,,License cancelled,Special purpose vehicle
PPWR HOLDING LIMITED,02-02-2017,SANCTUARY CORPORATE SERVICES FZ LLC,License cancelled,Special purpose vehicle
DIAMOND HOLDINGS LTD,05-02-2017,INP IBRAHIM N PARTNERS LEGAL CONSULTANCY LTD,Licensed,Special purpose vehicle
FORNAX SERVICES PRIVATE LIMITED,19-02-2017,CSP GROUP LTD,Licensed,Special purpose vehicle
TETRA HOSPITALITY INVESTMENT LTD,21-02-2017,,License cancelled,Special purpose vehicle
ZAIN CAPITAL LTD,21-02-2017,,License cancelled,Special purpose vehicle
ADFG TECHNOLOGIES LTD,23-02-2017,WALKERS PROFESSIONAL SERVICES (MIDDLE EAST) LIMITED,Licensed,Special purpose vehicle
GR SOWWAH TRADING LTD,27-02-2017,WALKERS PROFESSIONAL SERVICES (MIDDLE EAST) LIMITED,Licensed,Special purpose vehicle
SOWAIDI JOPETWIL MARINE COMPANY LIMITED,28-02-2017,,Licensed,Special purpose vehicle
VEGBERRY GROUP LIMITED,28-02-2017,,Licensed,Special purpose vehicle
ALAZAN INVESTMENTS LIMITED,01-03-2017,,Licensed,Special purpose vehicle
DIGITAL SPRING VENTURES I GP (RESTRICTED) LTD,09-03-2017,,License cancelled,Special purpose vehicle
FOURTEENTH BRIDGE RESTRICTED LIMITED,12-03-2017,,License cancelled,Special purpose vehicle
FINTECH ABU DHABI RESTRICTED LIMITED,22-03-2017,,License cancelled,Special purpose vehicle
MIC (MCP I) CARRY VEHICLE (RSC) LIMITED,28-03-2017,MAPLES FIDUCIARY SERVICES (MIDDLE EAST) LIMITED,Licensed,Special purpose vehicle
FAIR FIELD HOLDING LIMITED,02-04-2017,,License cancelled,Special purpose vehicle
INNOVATE ON DEMAND CLEANING COMPANY LTD,05-04-2017,,License cancelled,Special purpose vehicle
ETIHAD REIT (IC) LIMITED,12-04-2017,WALKERS PROFESSIONAL SERVICES (MIDDLE EAST) LIMITED,License cancelled,Special purpose vehicle
TABLEZ PROPERTIES LTD,18-04-2017,,Licensed,Special purpose vehicle
WANDERLUST HOLDINGS LIMITED,24-04-2017,,License cancelled,Special purpose vehicle
J E T HOLDINGS LIMITED,25-04-2017,,License cancelled,Special purpose vehicle
CAPITAL FITNESS HOLDING LIMITED,26-04-2017,,License cancelled,Special purpose vehicle
STRATEGIC VALUE LTD,27-04-2017,MABA CORPORATE SERVICES LIMITED,Licensed,Special purpose vehicle
T14 REEM PROJECT LTD,27-04-2017,,Licensed,Special purpose vehicle
INTERNATIONAL HOLDING COMPANY L.T.D.,30-04-2017,TMF GROUP FIDUCIARY SERVICES LIMITED,License cancelled,Special purpose vehicle
CROWCHILD CAPITAL LIMITED,03-05-2017,,License cancelled,Special purpose vehicle
ASIA PARTNERS VB LIMITED,09-05-2017,M-HQ LTD,License cancelled,Special purpose vehicle
CITY TRAINING ACADEMY HOLDING LIMITED,10-05-2017,,License cancelled,Special purpose vehicle
PPG SPV LTD,14-05-2017,,Licensed,Special purpose vehicle
FRONTERA CAPITAL FRONTIER MARKET OPPORTUNITIES LIMITED,22-05-2017,,Licensed,Special purpose vehicle
CARRIAGE HOLDING COMPANY LIMITED,25-05-2017,,Licensed,Special purpose vehicle
REEM C10 FOR REAL ESTATE DEVELOPMENT LIMITED,28-05-2017,,Licensed,Special purpose vehicle
EDYA HOLDING LIMITED,28-05-2017,M-HQ LTD,Licensed,Special purpose vehicle
SALHA EQUITY HOLDINGS LIMITED,28-05-2017,,License cancelled,Special purpose vehicle
JB BRANDS FRANCHISING LIMITED,28-05-2017,,License cancelled,Special purpose vehicle
AUDI FARSAKH HOLDINGS 1 LIMITED,29-05-2017,,License cancelled,Special purpose vehicle
NOUR AND CHARLOTTE LIMITED,30-05-2017,,License cancelled,Special purpose vehicle
SANDOOQ AL WATAN INVESTMENTS (RESTRICTED) LTD,30-05-2017,,Licensed,Special purpose vehicle
RASON EQUITY HOLDINGS LIMITED,31-05-2017,,License cancelled,Special purpose vehicle
KASAMAR HOLDINGS VENTURES LTD,04-06-2017,STROLLA LLP,Licensed,Special purpose vehicle
SAGE HOLDINGS LIMITED,08-06-2017,,License cancelled,Special purpose vehicle
BEDOUIN NETWORK LIMITED,11-06-2017,,License cancelled,Special purpose vehicle
VOUCHED4U INTERNATIONAL LIMITED,13-06-2017,,License cancelled,Special purpose vehicle
SWOO HOLDING LIMITED,14-06-2017,,License cancelled,Special purpose vehicle
EYEWA LIMITED,18-06-2017,CLARA FORMATIONS LIMITED,Licensed,Special purpose vehicle
SAKI LEBLON LTD,20-06-2017,,License cancelled,Special purpose vehicle
THE SANIGROUP LTD,20-06-2017,ROSEMONT PARTNERS CORPORATE SERVICES LIMITED,Licensed,Special purpose vehicle
HD OLBIA INVESTMENT (RESTRICTED) LTD,21-06-2017,ASSISS LTD,Licensed,Special purpose vehicle
WASAMIYYAT INTERNATIONAL LTD,22-06-2017,WALKERS PROFESSIONAL SERVICES (MIDDLE EAST) LIMITED,Licensed,Special purpose vehicle
AWAN HOLDINGS LTD,03-07-2017,J. AWAN & PARTNERS LIMITED,Licensed,Special purpose vehicle
FUTURE INVESTMENT LTD,03-07-2017,STROLLA LLP,Licensed,Special purpose vehicle
MSY HOLDING LTD,04-07-2017,ASSISS LTD,Licensed,Special purpose vehicle
ST GROUP LTD,05-07-2017,,Licensed,Special purpose vehicle
SANISERVICE INTERNATIONAL LTD,06-07-2017,,License cancelled,Special purpose vehicle
VITABRID MENA LIMITED,06-07-2017,M-HQ LTD,License cancelled,Special purpose vehicle
MC MANAGEMENT 100 RSC LTD,13-07-2017,MAPLES FIDUCIARY SERVICES (MIDDLE EAST) LIMITED,Licensed,Special purpose vehicle
AUMACO LIMITED,17-07-2017,CLARA FORMATIONS LIMITED,License cancelled,Special purpose vehicle
BAP PROPCO SPV LIMITED,17-07-2017,INTERTRUST (MIDDLE EAST) LTD,Licensed,Special purpose vehicle
ARGANIA LIMITED,18-07-2017,CLARA FORMATIONS LIMITED,Licensed,Special purpose vehicle
RUDDER LTD,18-07-2017,M-HQ LTD,Licensed,Special purpose vehicle
GULF RELATED SERVICES LTD,20-07-2017,,Licensed,Special purpose vehicle
WOOD GROUP OIL TECH INDUSTRIAL SERVICES LIMITED,20-07-2017,,License cancelled,Special purpose vehicle
ARMOUR INVESTMENTS LIMITED,23-07-2017,,License cancelled,Special purpose vehicle
AA INFRA (MIDDLE EAST) LIMITED,23-07-2017,KPI AHLI CHARTERED ACCOUNTANTS,Licensed,Special purpose vehicle
NAMSHI HOLDING SUB LIMITED,23-07-2017,,License cancelled,Special purpose vehicle
GILLIGAN HOLDINGS LIMITED,23-07-2017,ACCLIME CORPORATE SERVICES LIMITED,License cancelled,Special purpose vehicle
EREKLE CAPITAL LIMITED,24-07-2017,,License cancelled,Special purpose vehicle
REJUV HOLDING COMPANY LIMITED,27-07-2017,,License cancelled,Special purpose vehicle
BAY ASSETS LTD,27-07-2017,,License cancelled,Special purpose vehicle
MF HOLDINGS LIMITED,27-07-2017,CLARA FORMATIONS LIMITED,Licensed,Special purpose vehicle
ZIG ZAG 3 LIMITED,27-07-2017,,License cancelled,Special purpose vehicle
ZIG ZAG 4 LIMITED,27-07-2017,,License cancelled,Special purpose vehicle
HORIZONTAL MARKETING LIMITED,30-07-2017,,License cancelled,Special purpose vehicle
LIMMAT LIMITED,30-07-2017,CLARA FORMATIONS LIMITED,License cancelled,Special purpose vehicle
ENERWHERE LIMITED,31-07-2017,CLARA FORMATIONS LIMITED,Licensed,Special purpose vehicle
MLA LIMITED,01-08-2017,M-HQ LTD,Licensed,Special purpose vehicle
VELOQX LIMITED,09-08-2017,,Licensed,Special purpose vehicle
FOUNDER'S CONSORTIUM LIMITED,09-08-2017,M-HQ LTD,Licensed,Special purpose vehicle
HAMMAD CORPORATE HOLDINGS LIMITED,10-08-2017,CLARA FORMATIONS LIMITED,Licensed,Special purpose vehicle
SIXTY FOURTH SBVF 1 (RESTRICTED) LIMITED,14-08-2017,WALKERS PROFESSIONAL SERVICES (MIDDLE EAST) LIMITED,Licensed,Special purpose vehicle
SIXTY FOURTH SBVF 2 (RESTRICTED) LIMITED,14-08-2017,WALKERS PROFESSIONAL SERVICES (MIDDLE EAST) LIMITED,Licensed,Special purpose vehicle
SIXTY FOURTH SBVF 3 (RESTRICTED) LIMITED,14-08-2017,WALKERS PROFESSIONAL SERVICES (MIDDLE EAST) LIMITED,Licensed,Special purpose vehicle
GLOBAL CATERING SOLUTIONS LIMITED,14-08-2017,CLARA FORMATIONS LIMITED,Licensed,Special purpose vehicle
PG LTD,17-08-2017,,Licensed,Special purpose vehicle
STELLA HOLDING LIMITED,17-08-2017,,License cancelled,Special purpose vehicle
FOUNT HOLDING (RESTRICTED) LIMITED,17-08-2017,ASSISS LTD,Licensed,Special purpose vehicle
FOUNT INVESTMENT (RESTRICTED) LIMITED,17-08-2017,ASSISS LTD,Licensed,Special purpose vehicle
BRS INVESTMENT PROPERTY LIMITED,20-08-2017,10 LEAVES LIMITED,Licensed,Special purpose vehicle
MIC CAPITAL MANAGEMENT (RESTRICTED) 5 LTD,22-08-2017,MAPLES FIDUCIARY SERVICES (MIDDLE EAST) LIMITED,Licensed,Special purpose vehicle
ORIGIN HOLDINGS LIMITED,22-08-2017,,License cancelled,Special purpose vehicle
MIC CAPITAL MANAGEMENT (RESTRICTED) 6 LTD,22-08-2017,MAPLES FIDUCIARY SERVICES (MIDDLE EAST) LIMITED,License cancelled,Special purpose vehicle
MIC CAPITAL MANAGEMENT (RESTRICTED) 7 LTD,22-08-2017,WALKERS PROFESSIONAL SERVICES (MIDDLE EAST) LIMITED,Licensed,Special purpose vehicle
MIC CAPITAL MANAGEMENT (RESTRICTED) 8 LTD,22-08-2017,WALKERS PROFESSIONAL SERVICES (MIDDLE EAST) LIMITED,Licensed,Special purpose vehicle
MAMOURA TREASURY HOLDING COMPANY (RESTRICTED) LTD,22-08-2017,WALKERS PROFESSIONAL SERVICES (MIDDLE EAST) LIMITED,Licensed,Special purpose vehicle
MIC CAPITAL MANAGEMENT (RESTRICTED) 13 LTD,22-08-2017,WALKERS PROFESSIONAL SERVICES (MIDDLE EAST) LIMITED,Licensed,Special purpose vehicle
FLOW HOLDINGS LIMITED,22-08-2017,10 LEAVES LIMITED,Licensed,Special purpose vehicle
UNIQUE STRUCTURES HOLDINGS LIMITED,22-08-2017,10 LEAVES LIMITED,Licensed,Special purpose vehicle
MUBADALA ENERGY (INDO HOLDINGS) RSC LTD,22-08-2017,WALKERS PROFESSIONAL SERVICES (MIDDLE EAST) LIMITED,Licensed,Special purpose vehicle
SIXTY FOURTH SBVF 4 RSC LIMITED,22-08-2017,WALKERS PROFESSIONAL SERVICES (MIDDLE EAST) LIMITED,Licensed,Special purpose vehicle
MIC (VENTURES) CARRY VEHICLE (RSC) LIMITED,22-08-2017,MAPLES FIDUCIARY SERVICES (MIDDLE EAST) LIMITED,Licensed,Special purpose vehicle
MIC (NON-US OPPORTUNITIES) CARRY VEHICLE (RSC) LIMITED,22-08-2017,MAPLES FIDUCIARY SERVICES (MIDDLE EAST) LIMITED,Licensed,Special purpose vehicle
MIC (MCP II) CARRY VEHICLE (RSC) LIMITED,22-08-2017,MAPLES FIDUCIARY SERVICES (MIDDLE EAST) LIMITED,Licensed,Special purpose vehicle
SIGNIA GROUP LIMITED,24-08-2017,KPI AHLI CHARTERED ACCOUNTANTS,Licensed,Special purpose vehicle
STRADBROKE HOLDINGS LTD,24-08-2017,CLARA FORMATIONS LIMITED,Licensed,Special purpose vehicle
BQ AGRO LIMITED,24-08-2017,,License cancelled,Special purpose vehicle
TRAVELZ TECHNOLOGIES LTD,28-08-2017,,License cancelled,Special purpose vehicle
UBUY LIMITED,28-08-2017,CLARA FORMATIONS LIMITED,Licensed,Special purpose vehicle
BINALOT LIMITED,29-08-2017,,License cancelled,Special purpose vehicle
FIRST FOODS LIMITED,29-08-2017,CLARA FORMATIONS LIMITED,License cancelled,Special purpose vehicle
STRADBROKE LTD,04-09-2017,CLARA FORMATIONS LIMITED,Licensed,Special purpose vehicle
DISA CAPITAL LIMITED,07-09-2017,,License cancelled,Special purpose vehicle
THE BOX LIMITED,10-09-2017,CLARA FORMATIONS LIMITED,Licensed,Special purpose vehicle
ALBAZI HOLDINGS RSC LTD,10-09-2017,ASSISS LTD,Licensed,Special purpose vehicle
ASIC INVESTMENT RSC LTD,10-09-2017,ASSISS LTD,Licensed,Special purpose vehicle
ETHOS INTERACTIVE HOLDINGS LIMITED,11-09-2017,,License cancelled,Special purpose vehicle
CONTENDER RECREATIONAL BOAT HOLDING LTD,11-09-2017,,License cancelled,Special purpose vehicle
T14 SWISS HOLDINGS LTD,11-09-2017,10 LEAVES LIMITED,Licensed,Special purpose vehicle
ELIA INVESTMENTS LIMITED,12-09-2017,,License cancelled,Special purpose vehicle
BENE GESSERIT LIMITED,14-09-2017,,License cancelled,Special purpose vehicle
THE INFLUENCER LIMITED,17-09-2017,,License cancelled,Special purpose vehicle
RETOLD LIMITED,17-09-2017,CLARA FORMATIONS LIMITED,Licensed,Special purpose vehicle
BINALOT HOLDINGS LIMITED,18-09-2017,,License cancelled,Special purpose vehicle
HONEYCOMB LIMITED,18-09-2017,,License cancelled,Special purpose vehicle
TRUKKER HOLDING LIMITED,18-09-2017,CLARA FORMATIONS LIMITED,Licensed,Special purpose vehicle
SKS ESTATES HOLDING LTD,19-09-2017,,License cancelled,Special purpose vehicle
FOX VENTURES LIMITED,19-09-2017,M-HQ LTD,License cancelled,Special purpose vehicle
SOCIAL N CO LIMITED,19-09-2017,,License cancelled,Special purpose vehicle
ZOOQ LIMITED,19-09-2017,OCORIAN CORPORATE SERVICES (ME) LIMITED,Licensed,Special purpose vehicle
MALAEB LIMITED,25-09-2017,CLARA FORMATIONS LIMITED,Licensed,Special purpose vehicle
LEGALTECH LAB LIMITED,25-09-2017,ELNAGGAR & PARTNERS LIMITED,Licensed,Special purpose vehicle
LNXQ8 VENTURES HOLDING LTD,26-09-2017,CLARA FORMATIONS LIMITED,Licensed,Special purpose vehicle
THE ISLANDER LIMITED,27-09-2017,,License cancelled,Special purpose vehicle
UNIFLAT LTD,27-09-2017,,License cancelled,Special purpose vehicle
MZRE RSC LTD,28-09-2017,,License cancelled,Special purpose vehicle
TMS GLOBAL LTD,02-10-2017,,Licensed,Special purpose vehicle
KH HOLDINGS LIMITED,03-10-2017,CLARA FORMATIONS LIMITED,License cancelled,Special purpose vehicle
CHAPTER III FOUNDATION,03-10-2017,M-HQ LTD,Licensed,Foundation
SOUTH CITY PROJECTS (MIDDLE EAST) LIMITED,10-10-2017,,License cancelled,Special purpose vehicle
MOLDOVAN INVESTMENT HOLDING COMPANY LIMITED,10-10-2017,,License cancelled,Special purpose vehicle
FINTECH GALAXY LIMITED,11-10-2017,CLARA FORMATIONS LIMITED,Licensed,Special purpose vehicle
POINTCHECKOUT HOLDING COMPANY LIMITED,11-10-2017,CLARA FORMATIONS LIMITED,Licensed,Special purpose vehicle
PETRAM FORTIS HOLDINGS LIMITED,11-10-2017,CLARA FORMATIONS LIMITED,License cancelled,Special purpose vehicle
PREMIUM PARTNERS SOLUTIONS LIMITED,11-10-2017,M-HQ LTD,Licensed,Special purpose vehicle
SAED PRIVATE INVESTMENT LIMITED,12-10-2017,CROWE MAK LLP,Licensed,Special purpose vehicle
VALLEY VENTURES LIMITED,15-10-2017,ACCLIME CORPORATE SERVICES LIMITED,License cancelled,Special purpose vehicle
LAMBA LTD,19-10-2017,,License cancelled,Special purpose vehicle
RAPID VENTURES LIMITED,19-10-2017,ACCLIME CORPORATE SERVICES LIMITED,License cancelled,Special purpose vehicle
VPMD PROPERTIES HOLDINGS LIMITED,19-10-2017,WALKERS PROFESSIONAL SERVICES (MIDDLE EAST) LIMITED,Licensed,Special purpose vehicle
JAYWICK INTERNATIONAL HOLDING LIMITED,19-10-2017,,License cancelled,Special purpose vehicle
GRISOSUB FOUNDATION,19-10-2017,SWISS GROUP LEGAL LTD,License cancelled,Foundation
SUISSE HOLDING LIMITED,24-10-2017,,License cancelled,Special purpose vehicle
GLOBAL COMMUNICATIONS HOLDING COMPANY LIMITED,31-10-2017,CLARA FORMATIONS LIMITED,Licensed,Special purpose vehicle
NOMISMA LIMITED,31-10-2017,,License cancelled,Special purpose vehicle
MQ MEDIA HOLDINGS LIMITED,02-11-2017,M-HQ LTD,Licensed,Special purpose vehicle
AFLAJ RESOURCES RSC LTD,02-11-2017,ASSISS LTD,Licensed,Special purpose vehicle
RGM PRIVATE ASSET MANAGEMENT RSC LTD,02-11-2017,ASSISS LTD,Licensed,Special purpose vehicle
SOLIDUS INVESTMENT HOLDINGS LTD,05-11-2017,INP IBRAHIM N PARTNERS LEGAL CONSULTANCY LTD,Licensed,Special purpose vehicle
ATLANTIC FOUNDATION,07-11-2017,,License cancelled,Foundation
ICOS FOUNDATION,07-11-2017,ACCLIME CORPORATE SERVICES LIMITED,Licensed,Foundation
RFK SA INVESTMENT RSC LTD,08-11-2017,ASSISS LTD,Licensed,Special purpose vehicle
MML HOLDINGS LIMITED,09-11-2017,M-HQ LTD,Licensed,Special purpose vehicle
AUH PROPERTIES LTD,09-11-2017,,License cancelled,Special purpose vehicle
GROUP THREE CONSULTANTS LTD,09-11-2017,,License cancelled,Special purpose vehicle
LEYDEN VENTURES LIMITED,09-11-2017,CLARA FORMATIONS LIMITED,Licensed,Special purpose vehicle
FOUNT ENTERPRISES RSC LTD,09-11-2017,ASSISS LTD,Licensed,Special purpose vehicle
MSY PTC RSC LTD,12-11-2017,ASSISS LTD,Licensed,Special purpose vehicle
HKS PTC RSC LTD,14-11-2017,ASSISS LTD,Licensed,Special purpose vehicle
OHA PTC RSC LTD,14-11-2017,ACCLIME CORPORATE SERVICES LIMITED,License cancelled,Special purpose vehicle
RFK PTC RSC LTD,14-11-2017,ASSISS LTD,Licensed,Special purpose vehicle
ARK LTD,16-11-2017,,License cancelled,Special purpose vehicle
RG PROCUREMENT RSC LTD,16-11-2017,ASSISS LTD,Licensed,Special purpose vehicle
MILLENNIUM INVESTMENT HOLDINGS LIMITED,19-11-2017,,License cancelled,Special purpose vehicle
SCOEN GROUP HOLDING COMPANY LIMITED,20-11-2017,,License cancelled,Special purpose vehicle
SRQ-RS HOLDINGS LIMITED,20-11-2017,CLARA FORMATIONS LIMITED,Licensed,Special purpose vehicle
KD INVESTMENTS HOLDINGS LTD,20-11-2017,,License cancelled,Special purpose vehicle
BRESSON LIMITED,20-11-2017,SWISS GROUP LEGAL LTD,License cancelled,Special purpose vehicle
SOVEREIGN VENTURES LIMITED,20-11-2017,,License cancelled,Special purpose vehicle
IMKAN INTERNATIONAL HOLDING LIMITED,21-11-2017,CLARA FORMATIONS LIMITED,Licensed,Special purpose vehicle
IMKAN INTERNATIONAL WATER FRONT HOLDING LIMITED,21-11-2017,CLARA FORMATIONS LIMITED,Licensed,Special purpose vehicle
H HOSPITALITY COLLECTION HOLDING LIMITED,21-11-2017,WALKERS PROFESSIONAL SERVICES (MIDDLE EAST) LIMITED,Licensed,Special purpose vehicle
AH ALPHA INVESTMENTS (HOLDINGS) 1 LTD,21-11-2017,,Licensed,Special purpose vehicle
AH ALPHA INVESTMENTS (HOLDINGS) 2 LTD,21-11-2017,,Licensed,Special purpose vehicle
WELTOU LTD,23-11-2017,,License cancelled,Special purpose vehicle
ASANA HOLDING LIMITED,23-11-2017,,License cancelled,Special purpose vehicle
EAG INVESTMENT HOLDING COMPANY LTD,27-11-2017,,License cancelled,Special purpose vehicle
FULCRUM HOLDINGS LIMITED,28-11-2017,ACCLIME CORPORATE SERVICES LIMITED,Licensed,Special purpose vehicle
KASAMAR HOLDINGS KABAYAN KORNER LTD,28-11-2017,,Licensed,Special purpose vehicle
MAR LARGO FOUNDATION,28-11-2017,,License cancelled,Foundation
MILLENNIUM AUTOMOTIVE HOLDINGS LIMITED,29-11-2017,,License cancelled,Special purpose vehicle
MENA UTILITIES HOLDINGS LTD,29-11-2017,,Licensed,Special purpose vehicle
MENA HEALTHCARE HOLDINGS LTD,29-11-2017,,Licensed,Special purpose vehicle
MENA AIRPORT HOLDING LTD,29-11-2017,,Licensed,Special purpose vehicle
SPRING OCEAN ENERGY HOLDINGS LIMITED,29-11-2017,,License cancelled,Special purpose vehicle
MILLENNIUM PROPERTY HOLDINGS LIMITED,29-11-2017,,License cancelled,Special purpose vehicle
TANQUAM EDUCATION HOLDINGS I LTD,04-12-2017,ACCLIME CORPORATE SERVICES LIMITED,License cancelled,Special purpose vehicle
HKS HOLDING RSC LTD,05-12-2017,ASSISS LTD,Licensed,Special purpose vehicle
SEEDCO LIMITED,06-12-2017,M-HQ LTD,License cancelled,Special purpose vehicle
ECBC HOLDINGS LTD,06-12-2017,M-HQ LTD,Licensed,Special purpose vehicle
KASAMAR HOLDINGS KK1 LTD,07-12-2017,,Licensed,Special purpose vehicle
RFK HOLDING RSC LTD,07-12-2017,ASSISS LTD,Licensed,Special purpose vehicle
OLIVCOM HOLDING LIMITED,10-12-2017,,License cancelled,Special purpose vehicle
SHANARA HOLDINGS LTD,10-12-2017,M-HQ LTD,Licensed,Special purpose vehicle
INTUITIVE HOLDINGS LTD,10-12-2017,M-HQ LTD,Licensed,Special purpose vehicle
PREMIER INTERNATIONAL INVESTMENTS HOLDINGS LIMITED,10-12-2017,CLARA FORMATIONS LIMITED,License cancelled,Special purpose vehicle
EDUCATION TRANSFORMATION PARTNERS HOLDINGS LIMITED,10-12-2017,CLARA FORMATIONS LIMITED,License cancelled,Special purpose vehicle
PREMIER HOLDINGS LIMITED,10-12-2017,CLARA FORMATIONS LIMITED,Licensed,Special purpose vehicle
STS HOLDINGS LIMITED,10-12-2017,CLARA FORMATIONS LIMITED,License cancelled,Special purpose vehicle
SAFECOR HOLDINGS LIMITED,10-12-2017,CLARA FORMATIONS LIMITED,License cancelled,Special purpose vehicle
UNIFORM HOLDINGS LIMITED,10-12-2017,CLARA FORMATIONS LIMITED,License cancelled,Special purpose vehicle
SUPPORT HOLDINGS LIMITED,10-12-2017,CLARA FORMATIONS LIMITED,Licensed,Special purpose vehicle
SPICEY HOLDINGS LTD,11-12-2017,M-HQ LTD,Licensed,Special purpose vehicle
CLASSIC FASHION HOLDING LIMITED,11-12-2017,CROWE MAK LLP,Licensed,Special purpose vehicle
OHA HOLDING RSC LTD,12-12-2017,ASSISS LTD,Licensed,Special purpose vehicle
ABERCANDA HOLDING LIMITED,13-12-2017,KPI AHLI CHARTERED ACCOUNTANTS,Licensed,Special purpose vehicle
FOUNT PROPERTY HOLDING RSC LTD,13-12-2017,ASSISS LTD,Licensed,Special purpose vehicle
STARSIN LIMITED,14-12-2017,,License cancelled,Special purpose vehicle
INNOVATION 360 HOLDINGS LIMITED,14-12-2017,,License cancelled,Special purpose vehicle
BILOBA LIMITED,14-12-2017,M-HQ LTD,License cancelled,Special purpose vehicle
MEDIHOLDING LIMITED,17-12-2017,,License cancelled,Special purpose vehicle
BLISS HEALTHCARE HOLDINGS LTD,17-12-2017,INTERTRUST (MIDDLE EAST) LTD,Licensed,Special purpose vehicle
EAG CAPITAL HOLDING LTD,17-12-2017,,License cancelled,Special purpose vehicle
GAT INVEST HOLDING LIMITED,17-12-2017,CLARA FORMATIONS LIMITED,License cancelled,Special purpose vehicle
SLCG I SPV LIMITED,17-12-2017,SWISS GROUP LEGAL LTD,Licensed,Special purpose vehicle
OHA INVESTMENT SPV RSC LTD,17-12-2017,ASSISS LTD,Licensed,Special purpose vehicle
HKS INVESTMENT SPV RSC LTD,17-12-2017,ASSISS LTD,Licensed,Special purpose vehicle
RFK INVESTMENT SPV RSC LTD,17-12-2017,ASSISS LTD,Licensed,Special purpose vehicle
MAYFAIR HEALTHCARE HOLDINGS LTD,18-12-2017,INTERTRUST (MIDDLE EAST) LTD,Licensed,Special purpose vehicle
LIFECARE HOLDINGS LTD,18-12-2017,INTERTRUST (MIDDLE EAST) LTD,Licensed,Special purpose vehicle
INNOVISION HOLDING LTD,18-12-2017,,Licensed,Special purpose vehicle
MIC CAPITAL MANAGEMENT 22 RSC LTD,21-12-2017,WALKERS PROFESSIONAL SERVICES (MIDDLE EAST) LIMITED,Licensed,Special purpose vehicle
MIC CAPITAL MANAGEMENT 18 RSC LTD,21-12-2017,WALKERS PROFESSIONAL SERVICES (MIDDLE EAST) LIMITED,Licensed,Special purpose vehicle
MIC CAPITAL MANAGEMENT 24 RSC LTD,21-12-2017,WALKERS PROFESSIONAL SERVICES (MIDDLE EAST) LIMITED,Licensed,Special purpose vehicle
MIC CAPITAL MANAGEMENT 21 RSC LTD,21-12-2017,WALKERS PROFESSIONAL SERVICES (MIDDLE EAST) LIMITED,Licensed,Special purpose vehicle
MUBADALA ENERGY (ANDAMAN 1) RSC LTD,21-12-2017,WALKERS PROFESSIONAL SERVICES (MIDDLE EAST) LIMITED,Licensed,Special purpose vehicle
MUBADALA ENERGY (ANDAMAN 2) RSC LTD,21-12-2017,WALKERS PROFESSIONAL SERVICES (MIDDLE EAST) LIMITED,Licensed,Special purpose vehicle
MSY INVESTMENT HOLDING RSC LTD,21-12-2017,ASSISS LTD,Licensed,Special purpose vehicle
MIC CAPITAL MANAGEMENT 19 RSC LTD,21-12-2017,WALKERS PROFESSIONAL SERVICES (MIDDLE EAST) LIMITED,Licensed,Special purpose vehicle
MIC CAPITAL MANAGEMENT 20 RSC LTD,21-12-2017,WALKERS PROFESSIONAL SERVICES (MIDDLE EAST) LIMITED,Licensed,Special purpose vehicle
MIC CAPITAL MANAGEMENT 23 RSC LTD,21-12-2017,WALKERS PROFESSIONAL SERVICES (MIDDLE EAST) LIMITED,Licensed,Special purpose vehicle
MIC CAPITAL MANAGEMENT 25 RSC LTD,21-12-2017,MAPLES FIDUCIARY SERVICES (MIDDLE EAST) LIMITED,Licensed,Special purpose vehicle
TROVANT CAPITAL SPV II LTD,25-12-2017,INP IBRAHIM N PARTNERS LEGAL CONSULTANCY LTD,Licensed,Special purpose vehicle
LC HOLDING LTD,26-12-2017,,Licensed,Special purpose vehicle
HMZA PRIVATE INVESTMENTS COMPANY LIMITED,02-01-2018,,License cancelled,Special purpose vehicle
SAGMA VENTURES HOLDING LIMITED,02-01-2018,,License cancelled,Special purpose vehicle
BAYZARA CAPITAL HOLDINGS MIDDLE EAST LTD,03-01-2018,,License cancelled,Special purpose vehicle
MILLENNIUM ENTERPRISE HOLDINGS LIMITED,04-01-2018,,License cancelled,Special purpose vehicle
JINOMIX HOLDINGS SPV LIMITED,04-01-2018,,License cancelled,Special purpose vehicle
POKE POKE HOLDINGS LIMITED,04-01-2018,CLARA FORMATIONS LIMITED,Licensed,Special purpose vehicle
PEARL PLAZA HOLDINGS LTD,04-01-2018,M-HQ LTD,Licensed,Special purpose vehicle
SABIAH INVESTMENTS HOLDING LTD,04-01-2018,10 LEAVES LIMITED,License cancelled,Special purpose vehicle
BESPOKE HOLDING LTD,07-01-2018,,Licensed,Special purpose vehicle
YAP HOLDING LTD,07-01-2018,,License cancelled,Special purpose vehicle
PHG AVI HOLDING 1 RSC LTD,08-01-2018,ASSISS LTD,Licensed,Special purpose vehicle
ALSHOAIBAH SPV LIMITED,09-01-2018,CLARA FORMATIONS LIMITED,Licensed,Special purpose vehicle
PLATINUM FALCON B 2018 RSC LIMITED,09-01-2018,,Licensed,Special purpose vehicle
ACRELEC HOLDING MIDDLE EAST LIMITED,10-01-2018,M-HQ LTD,License cancelled,Special purpose vehicle
YAP 971 HOLDING LTD,10-01-2018,CLARA FORMATIONS LIMITED,License cancelled,Special purpose vehicle
VAIL RIVERSIDE FOUNDATION,10-01-2018,MOORE JFC LIMITED,Licensed,Foundation
EAG AIRCRAFT HOLDING COMPANY ONE LTD,11-01-2018,,License cancelled,Special purpose vehicle
AC SPENCER HOLDING LTD,11-01-2018,CLARA FORMATIONS LIMITED,Licensed,Special purpose vehicle
TOWA TECHNOLOGIES HOLDINGS LIMITED,11-01-2018,,Licensed,Special purpose vehicle
ALGORITHM LIMITED,11-01-2018,ELNAGGAR & PARTNERS LIMITED,Licensed,Special purpose vehicle
ABLE & BAKER HOLDINGS LTD,14-01-2018,M-HQ LTD,Licensed,Special purpose vehicle
GREAT SCOT HOLDINGS LIMITED,15-01-2018,ACCLIME CORPORATE SERVICES LIMITED,Licensed,Special purpose vehicle
ZEN HOLDINGS PRIVATE LIMITED,15-01-2018,10 LEAVES LIMITED,Licensed,Special purpose vehicle
RICAP SPV LTD,15-01-2018,,License cancelled,Special purpose vehicle
CF HOLDINGS LIMITED,15-01-2018,CLARA FORMATIONS LIMITED,License cancelled,Special purpose vehicle
HOLMBRIDGE FOUNDATION,15-01-2018,M-HQ LTD,Licensed,Foundation
ALLIANCE INVESTMENT HOLDING LIMITED,17-01-2018,ACCLIME CORPORATE SERVICES LIMITED,Licensed,Special purpose vehicle
DAI CARSWITCH HOLDINGS LIMITED,17-01-2018,CLARA FORMATIONS LIMITED,Licensed,Special purpose vehicle
BAMH HOLDINGS LIMITED,18-01-2018,CLARA FORMATIONS LIMITED,Licensed,Special purpose vehicle
ACCORDIA INVESTMENT HOLDING LIMITED,18-01-2018,M-HQ LTD,Licensed,Special purpose vehicle
AWJ INC SPV LTD,22-01-2018,WALKERS PROFESSIONAL SERVICES (MIDDLE EAST) LIMITED,Licensed,Special purpose vehicle
RAED HOLDING I LIMITED,22-01-2018,IDARAH CORPORATE LIMITED,Licensed,Special purpose vehicle
FIRST BLOCK HOLDING LIMITED,24-01-2018,CLARA FORMATIONS LIMITED,License cancelled,Special purpose vehicle
GWTF HOLDING LIMITED,24-01-2018,SWISS GROUP LEGAL LTD,Licensed,Special purpose vehicle
AYOR CAPITAL HOLDINGS LIMITED,28-01-2018,,License cancelled,Special purpose vehicle
HOLDING 5 LIMITED,30-01-2018,,License cancelled,Special purpose vehicle
SAGITTARII HOLDING LIMITED,30-01-2018,,License cancelled,Special purpose vehicle
AUTOGRILL MIDDLE EAST LTD,31-01-2018,,License cancelled,Special purpose vehicle
MENADAX HOLDING LIMITED,01-02-2018,,License cancelled,Special purpose vehicle
525K HOLDINGS LTD,01-02-2018,10 LEAVES LIMITED,Licensed,Special purpose vehicle
ECOCOAST HOLDINGS LIMITED,01-02-2018,CLARA FORMATIONS LIMITED,Licensed,Special purpose vehicle
FIAM FOUNDATION,04-02-2018,10 LEAVES LIMITED,Licensed,Foundation
MAGENTA HOLDING LTD,05-02-2018,ACCLIME CORPORATE SERVICES LIMITED,License cancelled,Special purpose vehicle
YAOS FOUNDATION,05-02-2018,,Licensed,Foundation
YALLLO LIMITED,06-02-2018,,License cancelled,Special purpose vehicle
DV HOLDINGS LTD,06-02-2018,,License cancelled,Special purpose vehicle
AC POOL HOLDING LTD,06-02-2018,CLARA FORMATIONS LIMITED,Licensed,Special purpose vehicle
HAMMAD HOLDING COMPANY LIMITED,06-02-2018,CLARA FORMATIONS LIMITED,Licensed,Special purpose vehicle
ADNOC MARKETING INTERNATIONAL (INDIA) RSC LIMITED,07-02-2018,,Licensed,Special purpose vehicle
SMART CROWD HOLDINGS LTD,08-02-2018,CLARA FORMATIONS LIMITED,Licensed,Special purpose vehicle
KASAMAR HOLDINGS KK2 LTD,08-02-2018,,License cancelled,Special purpose vehicle
AH ALPHA INVESTMENTS (HOLDINGS) 3 LTD,11-02-2018,,Licensed,Special purpose vehicle
TS INVESTMENT HOLDINGS LTD,12-02-2018,ROSEMONT PARTNERS CORPORATE SERVICES LIMITED,Licensed,Special purpose vehicle
RMA GROUP HOLDING LTD,12-02-2018,CLARA FORMATIONS LIMITED,Licensed,Special purpose vehicle
PROSTEM MIDDLE EAST HOLDINGS LIMITED,12-02-2018,,License cancelled,Special purpose vehicle
ALWANS HOLDINGS LTD,13-02-2018,10 LEAVES LIMITED,Licensed,Special purpose vehicle
WEBEDIA ARABIA HOLDING LTD,14-02-2018,,Licensed,Special purpose vehicle
AUROUS INVESTMENTS SPV LTD,14-02-2018,,License cancelled,Special purpose vehicle
CASTLE GROUP HOLDINGS LIMITED,15-02-2018,,License cancelled,Special purpose vehicle
PERMIAN HOLDING SPV LTD,19-02-2018,,License cancelled,Special purpose vehicle
SUFINI HOLDING LTD,20-02-2018,ROSEMONT PARTNERS CORPORATE SERVICES LIMITED,Licensed,Special purpose vehicle
TELEDERA LIMITED,21-02-2018,,License cancelled,Special purpose vehicle
ZENITH HOLDING COMPANY LIMITED,21-02-2018,,License cancelled,Special purpose vehicle
LAGARDERE HWH TRAVEL RETAIL HOLDINGS LTD,21-02-2018,CLARA FORMATIONS LIMITED,Licensed,Special purpose vehicle
PLATINUM COMPASS B 2018 RSC LIMITED,21-02-2018,,Licensed,Special purpose vehicle
SHAHEEN SPV LTD,25-02-2018,TMF GROUP FIDUCIARY SERVICES LIMITED,Licensed,Special purpose vehicle
NEW HORIZONS FOUNDATION,25-02-2018,10 LEAVES LIMITED,Licensed,Foundation
EKAR HOLDING LTD,26-02-2018,CLARA FORMATIONS LIMITED,Licensed,Special purpose vehicle
NORTHACRE LIMITED,27-02-2018,WALKERS PROFESSIONAL SERVICES (MIDDLE EAST) LIMITED,Licensed,Special purpose vehicle
CORAL HOLDINGS LIMITED,27-02-2018,,License cancelled,Special purpose vehicle
CHORINEA HOLDING RSC LTD,27-02-2018,ASSISS LTD,Licensed,Special purpose vehicle
AL MANHAL INVESTMENT LTD,28-02-2018,OCORIAN CORPORATE SERVICES (ME) LIMITED,Licensed,Special purpose vehicle
LAMTOS LIMITED,28-02-2018,,License cancelled,Special purpose vehicle
LILAC HEALTH HOLDINGS LTD,01-03-2018,,License cancelled,Special purpose vehicle
DEEP OCEAN SPV LIMITED,04-03-2018,,License cancelled,Special purpose vehicle
LG&G SYSTEM SOLUTIONS HOLDING LTD,05-03-2018,EQUIOM CORPORATE SERVICES (MIDDLE EAST) LTD,Licensed,Special purpose vehicle
CARE HOLDINGS LTD,06-03-2018,CLARA FORMATIONS LIMITED,License cancelled,Special purpose vehicle
LILAC HEALTH INTERNATIONAL HOLDINGS LTD,06-03-2018,,License cancelled,Special purpose vehicle
LILAC HEALTH MIDDLE EAST HOLDINGS LTD,07-03-2018,,License cancelled,Special purpose vehicle
FORETAM HOLDING LIMITED,07-03-2018,,License cancelled,Special purpose vehicle
ARMAMENTARIUM HOLDINGS LIMITED,11-03-2018,M-HQ LTD,License cancelled,Special purpose vehicle
INVEST CREEK HOLDINGS LIMITED,11-03-2018,M-HQ LTD,License cancelled,Special purpose vehicle
FORETUS HOLDING LIMITED,15-03-2018,,License cancelled,Special purpose vehicle
RESPONSIVE INDUSTRIES LIMITED,15-03-2018,,License cancelled,Special purpose vehicle
XSECURITIES HOLDING LIMITED,15-03-2018,,License cancelled,Special purpose vehicle
SHINE SPV (HOLDING) 1 LIMITED,19-03-2018,WALKERS PROFESSIONAL SERVICES (MIDDLE EAST) LIMITED,Licensed,Special purpose vehicle
JAZ FOUNDATION,19-03-2018,,Licensed,Foundation
AKEED HOLDINGS LIMITED,20-03-2018,CLARA FORMATIONS LIMITED,Licensed,Special purpose vehicle
LORING HOLDINGS LIMITED,20-03-2018,,License cancelled,Special purpose vehicle
SHINE SPV (HOLDING) 3 LIMITED,20-03-2018,WALKERS PROFESSIONAL SERVICES (MIDDLE EAST) LIMITED,License cancelled,Special purpose vehicle
SARA HOLDING LIMITED,21-03-2018,INTERTRUST (MIDDLE EAST) LTD,Licensed,Special purpose vehicle
AL KABEER HOLDING LIMITED,21-03-2018,INTERTRUST (MIDDLE EAST) LTD,Licensed,Special purpose vehicle
ALPHA HOLDING LTD,21-03-2018,ASSISS LTD,Licensed,Special purpose vehicle
PRODUCT DEVELOPMENT TECHNOLOGIES HOLDINGS LTD,22-03-2018,,License cancelled,Special purpose vehicle
SHINE SPV (HOLDING) 4 LIMITED,22-03-2018,WALKERS PROFESSIONAL SERVICES (MIDDLE EAST) LIMITED,License cancelled,Special purpose vehicle
SOLAR PRO HOLDINGS LIMITED,26-03-2018,CLARA FORMATIONS LIMITED,Licensed,Special purpose vehicle
SHINE SPV (HOLDING) 2 LIMITED,27-03-2018,WALKERS PROFESSIONAL SERVICES (MIDDLE EAST) LIMITED,Licensed,Special purpose vehicle
VERAGON WATER SOLUTIONS ME LTD,28-03-2018,,License cancelled,Special purpose vehicle
WHITE DOOR HOLDINGS LIMITED,28-03-2018,M-HQ LTD,License cancelled,Special purpose vehicle
DIGITAL SERVICES HOLDING LTD,28-03-2018,CLARA FORMATIONS LIMITED,Licensed,Special purpose vehicle
ABT ONE LIMITED,29-03-2018,STROLLA LLP,Licensed,Special purpose vehicle
PLATINUM LOTUS B 2018 RSC LIMITED,29-03-2018,,Licensed,Special purpose vehicle
MAST HOLDING RSC LTD,29-03-2018,ASSISS LTD,Licensed,Special purpose vehicle
LUNATE HOLDING RSC LTD,29-03-2018,,Licensed,Special purpose vehicle
MIC CAPITAL MANAGEMENT 34 RSC LTD,30-03-2018,MAPLES FIDUCIARY SERVICES (MIDDLE EAST) LIMITED,License cancelled,Special purpose vehicle
MIC CAPITAL MANAGEMENT 30 RSC LTD,30-03-2018,MAPLES FIDUCIARY SERVICES (MIDDLE EAST) LIMITED,License cancelled,Special purpose vehicle
MIC VENTURES CAPITAL PARTNERS (EUROPE) INVESTMENTS RSC LTD,30-03-2018,MAPLES FIDUCIARY SERVICES (MIDDLE EAST) LIMITED,Licensed,Special purpose vehicle
MIC CAPITAL MANAGEMENT 29 RSC LTD,30-03-2018,WALKERS PROFESSIONAL SERVICES (MIDDLE EAST) LIMITED,Licensed,Special purpose vehicle
MIC CAPITAL MANAGEMENT 26 RSC LTD,30-03-2018,WALKERS PROFESSIONAL SERVICES (MIDDLE EAST) LIMITED,Licensed,Special purpose vehicle
MIC CAPITAL MANAGEMENT 28 RSC LTD,30-03-2018,WALKERS PROFESSIONAL SERVICES (MIDDLE EAST) LIMITED,Licensed,Special purpose vehicle
MIC CAPITAL MANAGEMENT 33 RSC LTD,30-03-2018,WALKERS PROFESSIONAL SERVICES (MIDDLE EAST) LIMITED,Licensed,Special purpose vehicle
MDC CAPITAL PARTNERS II FORTRESS BLOCKER (RSC) LTD,30-03-2018,MAPLES FIDUCIARY SERVICES (MIDDLE EAST) LIMITED,Licensed,Special purpose vehicle
MIC CAPITAL MANAGEMENT 27 RSC LTD,01-04-2018,,Licensed,Special purpose vehicle
SANADEEG HOLDING LIMITED,02-04-2018,,Licensed,Special purpose vehicle
TECHNOVA 500 HOLDING LIMITED,02-04-2018,WALKERS PROFESSIONAL SERVICES (MIDDLE EAST) LIMITED,Licensed,Special purpose vehicle
TAQNYAT HOLDING LIMITED,03-04-2018,CLARA FORMATIONS LIMITED,Licensed,Special purpose vehicle
DELEVERA INVESTMENT HOLDING LIMITED,03-04-2018,CLARA FORMATIONS LIMITED,Licensed,Special purpose vehicle
QP HOLDINGS LIMITED,03-04-2018,M-HQ LTD,Licensed,Special purpose vehicle
BUSINESS PARTNER SOLUTIONS HOLDING LIMITED,04-04-2018,M-HQ LTD,Licensed,Special purpose vehicle
HORIZON HARBOUR SPV LIMITED,04-04-2018,WALKERS PROFESSIONAL SERVICES (MIDDLE EAST) LIMITED,Licensed,Special purpose vehicle
WEALTH OWL HOLDINGS LIMITED,04-04-2018,MABA CORPORATE SERVICES LIMITED,Licensed,Special purpose vehicle
FIDELIS HOLDING LIMITED,05-04-2018,ACCLIME CORPORATE SERVICES LIMITED,License cancelled,Special purpose vehicle
AL ADWANI FOUNDATION,05-04-2018,ACCLIME CORPORATE SERVICES LIMITED,Licensed,Foundation
LUMIERE HOLDING LIMITED,08-04-2018,10 LEAVES LIMITED,Licensed,Special purpose vehicle
800FLOWER HOLDING LIMITED,09-04-2018,,License cancelled,Special purpose vehicle
ACME HOLDING LIMITED,09-04-2018,M-HQ LTD,Licensed,Special purpose vehicle
WIMO HOLDING LIMITED,10-04-2018,CLARA FORMATIONS LIMITED,License cancelled,Special purpose vehicle
MEZEDES HOLDING LTD,10-04-2018,,License cancelled,Special purpose vehicle
AXIOM CORDAGES LIMITED,11-04-2018,,License cancelled,Special purpose vehicle
1001 APP HOLDINGS LIMITED,12-04-2018,CLARA FORMATIONS LIMITED,Licensed,Special purpose vehicle
NFT GROUP HOLDING LIMITED,12-04-2018,SWISS GROUP LEGAL LTD,Licensed,Special purpose vehicle
BRIDGE HOLDINGS LIMITED,15-04-2018,,License cancelled,Special purpose vehicle
AOC HOLDINGS LIMITED,15-04-2018,,License cancelled,Special purpose vehicle
MADAR FARMS HOLDING LIMITED,17-04-2018,,License cancelled,Special purpose vehicle
SANKARI HOLDING SPV LTD,17-04-2018,,License cancelled,Special purpose vehicle
NOVA HOLDING LIMITED,17-04-2018,ACCLIME CORPORATE SERVICES LIMITED,License cancelled,Special purpose vehicle
BLUE MORPHO HOLDING LIMITED,17-04-2018,CLARA FORMATIONS LIMITED,License cancelled,Special purpose vehicle
MSY INVESTMENT SPV RSC LTD,17-04-2018,ASSISS LTD,Licensed,Special purpose vehicle
ZADFRESH HOLDING LIMITED,18-04-2018,CLARA FORMATIONS LIMITED,License cancelled,Special purpose vehicle
THE BRIDGE PROPERTY MANAGEMENT LIMITED,18-04-2018,,License cancelled,Special purpose vehicle
MENA HOTELS SPV LIMITED,22-04-2018,10 LEAVES LIMITED,Licensed,Special purpose vehicle
PACE HOLDING LIMITED,22-04-2018,,License cancelled,Special purpose vehicle
ALDAR INVESTMENT HOLDING RESTRICTED LIMITED,22-04-2018,,Licensed,Special purpose vehicle
DHAD HLD LTD,22-04-2018,,License cancelled,Special purpose vehicle
PERFECT HOLDING LTD,22-04-2018,ACCLIME CORPORATE SERVICES LIMITED,Licensed,Special purpose vehicle
UNVILLA HOLDINGS LIMITED,23-04-2018,,License cancelled,Special purpose vehicle
ASPIRE HOLDINGS LIMITED,23-04-2018,,Licensed,Special purpose vehicle
HMBF GROUP HAJ MAHMOOD JASIM ALBUNNIA FAMILY HOLDING LTD,24-04-2018,CLARA FORMATIONS LIMITED,License cancelled,Special purpose vehicle
VAIDY TECHNOLOGIES HOLDINGS LIMITED,24-04-2018,,License cancelled,Special purpose vehicle
BLUE RIDGE HOLDING LTD,25-04-2018,10 LEAVES LIMITED,License cancelled,Special purpose vehicle
SALLA HOLDING LIMITED,25-04-2018,WALKERS PROFESSIONAL SERVICES (MIDDLE EAST) LIMITED,Licensed,Special purpose vehicle
PLUTUS CAMPUS HOLDINGS LIMITED,25-04-2018,EQUIOM CORPORATE SERVICES (MIDDLE EAST) LTD,Licensed,Special purpose vehicle
ATLAS GROUP OF COMPANIES HOLDING LTD,25-04-2018,M-HQ LTD,Licensed,Special purpose vehicle
GLOBAL HOLDINGS LIMITED,25-04-2018,,License cancelled,Special purpose vehicle
D A N HOLDING LTD,26-04-2018,,Licensed,Special purpose vehicle
MATRIXONE HOLDINGS LTD,26-04-2018,,Licensed,Special purpose vehicle
ALFRED STROLLA FOUNDATION,26-04-2018,,License cancelled,Foundation
V HOLDINGS LIMITED,29-04-2018,,Licensed,Special purpose vehicle
HALO HOLDINGS LIMITED,29-04-2018,ARGENTUM LAW LTD,Licensed,Special purpose vehicle
SWM SPV LTD,30-04-2018,,Licensed,Special purpose vehicle
NAICO HOLDING LIMITED,30-04-2018,ACCLIME CORPORATE SERVICES LIMITED,License cancelled,Special purpose vehicle
MILL CAPITAL ME HOLDINGS LIMITED,01-05-2018,,License cancelled,Special purpose vehicle
DORMAKABA MIDDLE EAST SPV LIMITED,01-05-2018,CLARA FORMATIONS LIMITED,Licensed,Special purpose vehicle
GOLDMARK VENTURES SPV LTD,01-05-2018,,License cancelled,Special purpose vehicle
SUNRISE HOLDING COMPANY LIMITED,01-05-2018,MOORE JFC LIMITED,Licensed,Special purpose vehicle
THREE SEEDS HOLDING LIMITED,02-05-2018,,License cancelled,Special purpose vehicle
ALESCA LIFE TECHNOLOGIES MENA HOLDINGS LTD,03-05-2018,CLARA FORMATIONS LIMITED,Licensed,Special purpose vehicle
ARABIANCHAIN HOLDING LTD,03-05-2018,CLARA FORMATIONS LIMITED,License cancelled,Special purpose vehicle
NOTA NOTA HOLDING LIMITED,06-05-2018,CLARA FORMATIONS LIMITED,License cancelled,Special purpose vehicle
DTCC MENA HOLDINGS LIMITED,06-05-2018,M-HQ LTD,Licensed,Special purpose vehicle
MIDEAST CORP HOLDING LTD,07-05-2018,,Licensed,Special purpose vehicle
ORION HOLDING LIMITED,07-05-2018,M-HQ LTD,Licensed,Special purpose vehicle
INDUS HOLDING LIMITED,07-05-2018,,License cancelled,Special purpose vehicle
JUMBO HOLDINGS LIMITED,08-05-2018,ACCLIME CORPORATE SERVICES LIMITED,License cancelled,Special purpose vehicle
GLOBAL HOUSING INVESTMENT HOLDING LIMITED,09-05-2018,,License cancelled,Special purpose vehicle
PLANTSHOP HOLDING LTD,09-05-2018,CLARA FORMATIONS LIMITED,License cancelled,Special purpose vehicle
TRIBE INFRASTRUCTURE HOLDINGS LTD,10-05-2018,,Licensed,Special purpose vehicle
BLOCKWATER CAPITAL RAIN SPV LIMITED,10-05-2018,MAPLES FIDUCIARY SERVICES (MIDDLE EAST) LIMITED,License cancelled,Special purpose vehicle
RETHINK MIDDLE EAST HOLDINGS LIMITED,10-05-2018,M-HQ LTD,License cancelled,Special purpose vehicle
GRYPHON HOLDING LIMITED,10-05-2018,CLARA FORMATIONS LIMITED,Licensed,Special purpose vehicle
BLUECAST HOLDINGS LIMITED,14-05-2018,SWISS GROUP LEGAL LTD,Licensed,Special purpose vehicle
PROPDON HOLDING LTD,14-05-2018,,License cancelled,Special purpose vehicle
RASHED AL MAZROUEI HOLDING LTD,14-05-2018,,Licensed,Special purpose vehicle
ENHANCE SPV LIMITED,14-05-2018,CLARA FORMATIONS LIMITED,Licensed,Special purpose vehicle
PLATINUM IVY B 2018 RSC LIMITED,14-05-2018,,Licensed,Special purpose vehicle
LA MAISON NORDIQUE HOLDING LIMITED,15-05-2018,M-HQ LTD,Licensed,Special purpose vehicle
AL SARIYA THIRD COMMERCIAL INVESTMENTS RSC LIMITED,16-05-2018,,Licensed,Special purpose vehicle
HUDA AL MATROOSHI HOLDINGS LTD,17-05-2018,,License cancelled,Special purpose vehicle
MATSU HOLDINGS LTD,17-05-2018,,License cancelled,Special purpose vehicle
UNITED GLOBAL HOLDING LIMITED,20-05-2018,ROSEMONT PARTNERS CORPORATE SERVICES LIMITED,Licensed,Special purpose vehicle
UNITED GLOBAL LIMITED,21-05-2018,ROSEMONT PARTNERS CORPORATE SERVICES LIMITED,Licensed,Special purpose vehicle
WILD PEETA GLOBAL HOLDING LIMITED,22-05-2018,,License cancelled,Special purpose vehicle
ARTIS HOLDINGS LIMITED,22-05-2018,ACCLIME CORPORATE SERVICES LIMITED,License cancelled,Special purpose vehicle
AC NETWORK HOLDING LTD,24-05-2018,CLARA FORMATIONS LIMITED,Licensed,Special purpose vehicle
TGME VENTURES SPV LIMITED,24-05-2018,,License cancelled,Special purpose vehicle
VELA HOLDING LIMITED,27-05-2018,,License cancelled,Special purpose vehicle
INTEGRATED INVESTMENT HOLDING LIMITED,27-05-2018,10 LEAVES LIMITED,Licensed,Special purpose vehicle
BIT HOLDING LTD,27-05-2018,,License cancelled,Special purpose vehicle
AZALEA INVESTMENT HOLDINGS LIMITED,27-05-2018,WALKERS PROFESSIONAL SERVICES (MIDDLE EAST) LIMITED,Licensed,Special purpose vehicle
CAVENDISH MAXWELL AL OSAIMI HOLDINGS LIMITED,27-05-2018,CLARA FORMATIONS LIMITED,Licensed,Special purpose vehicle
GPT HOLDINGS LIMITED,28-05-2018,,License cancelled,Special purpose vehicle
BRS INVESTMENT HOLDINGS 1 LIMITED,29-05-2018,,Licensed,Special purpose vehicle
SCRUMPTIIOUS ENTERPRISE HOLDING LIMITED,29-05-2018,,License cancelled,Special purpose vehicle
PEARLY HOLDING SPV LTD,30-05-2018,,License cancelled,Special purpose vehicle
DOMUS FLOWER FARM HOLDING LTD,30-05-2018,,License cancelled,Special purpose vehicle
BUGLANCE HOLDING LTD,30-05-2018,CLARA FORMATIONS LIMITED,License cancelled,Special purpose vehicle
OHA DENS SPV RSC LTD,31-05-2018,ASSISS LTD,License cancelled,Special purpose vehicle
HMR PTC RSC LTD,31-05-2018,ASSISS LTD,Licensed,Special purpose vehicle
HMR INVESTMENT SPV RSC LTD,31-05-2018,ASSISS LTD,Licensed,Special purpose vehicle
GROUP 42 HOLDING LTD,04-06-2018,,Licensed,Special purpose vehicle
WHITE OAKS INVESTMENT HOLDING LIMITED,04-06-2018,ACCLIME CORPORATE SERVICES LIMITED,License cancelled,Special purpose vehicle
SYNERGY METALS & MINING INVESTMENT HOLDINGS LIMITED,05-06-2018,WALKERS PROFESSIONAL SERVICES (MIDDLE EAST) LIMITED,Licensed,Special purpose vehicle
EAGLE TECH HOLDING SPV LTD,06-06-2018,MAPLES FIDUCIARY SERVICES (MIDDLE EAST) LIMITED,Licensed,Special purpose vehicle
SALAM EDUCATION HOLDINGS LIMITED,06-06-2018,KPI AHLI CHARTERED ACCOUNTANTS,License cancelled,Special purpose vehicle
SOVEREIGN INVESTMENT SPV LTD,06-06-2018,,Licensed,Special purpose vehicle
DAHL HOLDINGS LTD,07-06-2018,CLARA FORMATIONS LIMITED,License cancelled,Special purpose vehicle
AHP I HEALTHCARE SPV LIMITED,07-06-2018,INTERTRUST (MIDDLE EAST) LTD,License cancelled,Special purpose vehicle
GLOBAL BRANDS HOLDINGS LTD,10-06-2018,,License cancelled,Special purpose vehicle
CAVENDISH MAXWELL HOLDINGS LIMITED,10-06-2018,CLARA FORMATIONS LIMITED,Licensed,Special purpose vehicle
PROPERTY MONITOR HOLDINGS LIMITED,10-06-2018,CLARA FORMATIONS LIMITED,Licensed,Special purpose vehicle
BRS INVESTMENT HOLDINGS 2 LIMITED,10-06-2018,,Licensed,Special purpose vehicle
BRS INVESTMENT HOLDINGS 3 LIMITED,10-06-2018,,Licensed,Special purpose vehicle
UX INVESTMENT HOLDINGS LIMITED,10-06-2018,,Licensed,Special purpose vehicle
INARAH HOLDING RSC LIMITED,10-06-2018,WALKERS PROFESSIONAL SERVICES (MIDDLE EAST) LIMITED,Licensed,Special purpose vehicle
AL MAHA INVESTMENTS RSC LIMITED,11-06-2018,,Licensed,Special purpose vehicle
PLATINUM ORCHID B 2018 RSC LIMITED,12-06-2018,,Licensed,Special purpose vehicle
PROJECT INTERNATIONAL MIDDLE EAST LTD,13-06-2018,,Licensed,Special purpose vehicle
TBE HOLDINGS LIMITED,13-06-2018,,License cancelled,Special purpose vehicle
HC&CO SPV LTD,13-06-2018,CLARA FORMATIONS LIMITED,Licensed,Special purpose vehicle
AHE ETHOS LIMITED,13-06-2018,,Licensed,Special purpose vehicle
AURA LAB HOLDING LIMITED,18-06-2018,,License cancelled,Special purpose vehicle
LAVOJ SPV LIMITED,18-06-2018,ACCLIME CORPORATE SERVICES LIMITED,Licensed,Special purpose vehicle
BRGTKSA HOLDINGS LIMITED,18-06-2018,,License cancelled,Special purpose vehicle
COOKIE FOUNDATION,18-06-2018,M-HQ LTD,Licensed,Foundation
GLOBAL MARKETING HOLDINGS LTD,19-06-2018,,License cancelled,Special purpose vehicle
KASAMAR HOLDINGS CANIS LTD,19-06-2018,,License cancelled,Special purpose vehicle
AVINGTON FOUNDATION,19-06-2018,OCORIAN CORPORATE SERVICES (ME) LIMITED,Licensed,Foundation
MABROUK FOUNDATION,19-06-2018,M-HQ LTD,Licensed,Foundation
LEXLABS HOLDINGS LIMITED,24-06-2018,CLARA FORMATIONS LIMITED,License cancelled,Special purpose vehicle
HIM ANGEL SPV LIMITED,25-06-2018,,License cancelled,Special purpose vehicle
FALCON HOLDING SPV LTD,25-06-2018,MAPLES FIDUCIARY SERVICES (MIDDLE EAST) LIMITED,Licensed,Special purpose vehicle
JISR HR HOLDING LTD,26-06-2018,WALKERS PROFESSIONAL SERVICES (MIDDLE EAST) LIMITED,Licensed,Special purpose vehicle
ENERGY FOUNDATION,26-06-2018,AZHARI & ASSOCIATES LTD,License cancelled,Foundation
NORTHWEST HEALTHCARE HOLDINGS LIMITED,27-06-2018,,License cancelled,Special purpose vehicle
SCENE SOCIAL ENTERTAINMENT HOLDINGS LTD,27-06-2018,CLARA FORMATIONS LIMITED,License cancelled,Special purpose vehicle
TALEB HOLDINGS LIMITED,27-06-2018,10 LEAVES LIMITED,License cancelled,Special purpose vehicle
BROOKSFIELD HOLDING LIMITED,27-06-2018,OCORIAN CORPORATE SERVICES (ME) LIMITED,Licensed,Special purpose vehicle
INTERNATIONAL SUPPLY COMPANY SPV LTD,27-06-2018,,License cancelled,Special purpose vehicle
SECURITYACT SPV LTD,28-06-2018,,License cancelled,Special purpose vehicle
GLOBAL PARTNERS HOLDING LTD,28-06-2018,,License cancelled,Special purpose vehicle
IDDC SPV LIMITED,28-06-2018,,License cancelled,Special purpose vehicle
DEVMARX HOLDINGS LIMITED,01-07-2018,ACCLIME CORPORATE SERVICES LIMITED,License cancelled,Special purpose vehicle
NANO INTERNET HOLDINGS LIMITED,01-07-2018,,License cancelled,Special purpose vehicle
CODIFY HOLDING LTD,01-07-2018,,Licensed,Special purpose vehicle
LEARN HOLDINGS LTD,01-07-2018,CLARA FORMATIONS LIMITED,License cancelled,Special purpose vehicle
A CLOUD HOLDING LTD,02-07-2018,CLARA FORMATIONS LIMITED,Licensed,Special purpose vehicle
TATHEER VENTURES HOLDING LIMITED,03-07-2018,,License cancelled,Special purpose vehicle
BERRY HOLDING SPV LTD,03-07-2018,,License cancelled,Special purpose vehicle
GREEN HOLDING SPV LTD,03-07-2018,,License cancelled,Special purpose vehicle
PENTUGRAM HOLDINGS LTD,05-07-2018,CLARA FORMATIONS LIMITED,License cancelled,Special purpose vehicle
MRSOOL HOLDINGS LTD,08-07-2018,,Licensed,Special purpose vehicle
PLG HOLDING LTD,08-07-2018,ACCLIME CORPORATE SERVICES LIMITED,License cancelled,Special purpose vehicle
STANHOPE RG INVESTMENTS RSC LIMITED,09-07-2018,,Licensed,Special purpose vehicle
HALA GROUP HOLDING LTD,10-07-2018,10 LEAVES LIMITED,Licensed,Special purpose vehicle
SRQ-FTI HOLDINGS LIMITED,10-07-2018,CLARA FORMATIONS LIMITED,Licensed,Special purpose vehicle
HMBS PORTS HOLDING LTD,10-07-2018,CLARA FORMATIONS LIMITED,License cancelled,Special purpose vehicle
SHAWCOR COMPOSITE PIPE SYSTEMS SPV LIMITED,11-07-2018,M-HQ LTD,Licensed,Special purpose vehicle
SAN 5 HOLDING SPV LTD,12-07-2018,STROLLA LLP,Licensed,Special purpose vehicle
CW HOLDINGS LTD,15-07-2018,,License cancelled,Special purpose vehicle
AG HOLDING LIMITED,15-07-2018,M-HQ LTD,Licensed,Special purpose vehicle
DORADA HOLDING RSC LTD,15-07-2018,ACCLIME CORPORATE SERVICES LIMITED,License cancelled,Special purpose vehicle
GINCO INVESTMENTS SPV LIMITED,16-07-2018,CLARA FORMATIONS LIMITED,Licensed,Special purpose vehicle
AGRO PROCESSORS SPV LTD,16-07-2018,WALKERS PROFESSIONAL SERVICES (MIDDLE EAST) LIMITED,Licensed,Special purpose vehicle
NATURE GREEN MIDDLE EAST SPV LIMITED,16-07-2018,ACCLIME CORPORATE SERVICES LIMITED,Licensed,Special purpose vehicle
ANDALOS HOLDING RSC LTD,16-07-2018,ASSISS LTD,Licensed,Special purpose vehicle
MINITHERIUM FOUNDATION,16-07-2018,AZHARI & ASSOCIATES LTD,License cancelled,Foundation
NEW SKIES SPV LIMITED,18-07-2018,INTERTRUST (MIDDLE EAST) LTD,Licensed,Special purpose vehicle
CP HOLDING LTD,22-07-2018,CLARA FORMATIONS LIMITED,Licensed,Special purpose vehicle
BIZIONIC TECHNOLOGIES HOLDING LIMITED,24-07-2018,,License cancelled,Special purpose vehicle
BLOOMSBURY HOLDINGS LIMITED,24-07-2018,WALKERS PROFESSIONAL SERVICES (MIDDLE EAST) LIMITED,Licensed,Special purpose vehicle
KISHMISH HOLDING LIMITED,24-07-2018,,License cancelled,Special purpose vehicle
ADITUM HOLDING LIMITED,24-07-2018,WALKERS PROFESSIONAL SERVICES (MIDDLE EAST) LIMITED,Licensed,Special purpose vehicle
INTERNATIONAL SUPPLY HOLDING COMPANY LTD,25-07-2018,IDARAH CORPORATE LIMITED,License cancelled,Special purpose vehicle
CE INVESTMENT HOLDINGS LTD,25-07-2018,,License cancelled,Special purpose vehicle
LUX WORLDWIDE HOLDING LIMITED,26-07-2018,,License cancelled,Special purpose vehicle
DMWA RESOURCES HOLDING LTD,26-07-2018,10 LEAVES LIMITED,License cancelled,Special purpose vehicle
AL NAWWAR INVESTMENTS RSC LIMITED,26-07-2018,,Licensed,Special purpose vehicle
AL WARDA INVESTMENTS RSC LIMITED,26-07-2018,,Licensed,Special purpose vehicle
AL SAHA INVESTMENTS RSC LIMITED,26-07-2018,,Licensed,Special purpose vehicle
MERSAT HOLDING RSC LTD,26-07-2018,,Licensed,Special purpose vehicle
AFFORDABLE HOUSING LAND SPV RSC LTD,26-07-2018,,Licensed,Special purpose vehicle
RAJKA HOLDING LIMITED,28-07-2018,ACCLIME CORPORATE SERVICES LIMITED,License cancelled,Special purpose vehicle
LAZULI FOUNDATION,28-07-2018,M-HQ LTD,License cancelled,Foundation
WASHMEN HOLDING LIMITED,29-07-2018,CLARA FORMATIONS LIMITED,Licensed,Special purpose vehicle
AMBER SPV LIMITED,29-07-2018,M-HQ LTD,License cancelled,Special purpose vehicle
M I C HOLDING RSC LIMITED,30-07-2018,,License cancelled,Special purpose vehicle
HUMANIA SGHE 1 HOLDING LIMITED,31-07-2018,ACCLIME CORPORATE SERVICES LIMITED,Licensed,Special purpose vehicle
NEXUS HOLDING LIMITED,31-07-2018,M-HQ LTD,Licensed,Special purpose vehicle
FINABLR VENTURES HOLDINGS LIMITED,31-07-2018,,Licensed,Special purpose vehicle
SHIFTLING HOLDING SPV LTD,31-07-2018,10 LEAVES LIMITED,License cancelled,Special purpose vehicle
MQ INVESTMENT HOLDINGS RSC LIMITED,31-07-2018,,License cancelled,Special purpose vehicle
CANARY VENTURES SPV LTD,01-08-2018,,Licensed,Special purpose vehicle
FIRST STONE HOLDING LIMITED,01-08-2018,,License cancelled,Special purpose vehicle
REDWIND I HOLDING LTD,05-08-2018,,License cancelled,Special purpose vehicle
SRQ-FTII HOLDINGS LIMITED,07-08-2018,CLARA FORMATIONS LIMITED,Licensed,Special purpose vehicle
AC HOLDING LIMITED,08-08-2018,,Licensed,Special purpose vehicle
NGWAH HOLDING LTD,08-08-2018,CLARA FORMATIONS LIMITED,License cancelled,Special purpose vehicle
INNOVATIVE TECHNOLOGIES HOLDINGS LTD,12-08-2018,,License cancelled,Special purpose vehicle
SILVERARROW CONSTRUCTION HOLDING LIMITED,13-08-2018,SWISS GROUP LEGAL LTD,Licensed,Special purpose vehicle
NEO STRATEGIC HOLDING LIMITED,13-08-2018,10 LEAVES LIMITED,License cancelled,Special purpose vehicle
PLATE HOLDING LTD,14-08-2018,CLARA FORMATIONS LIMITED,License cancelled,Special purpose vehicle
ADS EURASIAN INVESTMENT FUND HOLDING GP LIMITED,15-08-2018,,License cancelled,Special purpose vehicle
MIC CAPITAL MANAGEMENT 37 RSC LTD,16-08-2018,WALKERS PROFESSIONAL SERVICES (MIDDLE EAST) LIMITED,Licensed,Special purpose vehicle
MIC CAPITAL MANAGEMENT 36 RSC LTD,16-08-2018,WALKERS PROFESSIONAL SERVICES (MIDDLE EAST) LIMITED,Licensed,Special purpose vehicle
MAIIZON PROPERTIES HOLDING LIMITED,26-08-2018,,License cancelled,Special purpose vehicle
SCHOOL PARTNER HOLDINGS LIMITED,27-08-2018,KPI AHLI CHARTERED ACCOUNTANTS,License cancelled,Special purpose vehicle
SEAFOOD SOUQ HOLDING LTD,27-08-2018,CLARA FORMATIONS LIMITED,Licensed,Special purpose vehicle
ARC FITNESS SPV LIMITED,28-08-2018,INTERTRUST (MIDDLE EAST) LTD,Licensed,Special purpose vehicle
BB HEALTH INVEST SPV LIMITED,28-08-2018,,License cancelled,Special purpose vehicle
MEEG HOLDINGS LIMITED,29-08-2018,CLARA FORMATIONS LIMITED,Licensed,Special purpose vehicle
HITRA INVESTMENTS HOLDINGS LIMITED,29-08-2018,SWISS GROUP LEGAL LTD,License cancelled,Special purpose vehicle
SQUAD PARTNERS HOLDING LTD,29-08-2018,CLARA FORMATIONS LIMITED,License cancelled,Special purpose vehicle
H2AIM HOLDING LIMITED,02-09-2018,CLARA FORMATIONS LIMITED,Licensed,Special purpose vehicle
GREEN WORLD ENVIRONMENT HOLDING LTD,03-09-2018,,License cancelled,Special purpose vehicle
LMD HOLDINGS LIMITED,03-09-2018,ACCLIME CORPORATE SERVICES LIMITED,Licensed,Special purpose vehicle
HMHR HOLDING RSC LTD,03-09-2018,ASSISS LTD,Licensed,Special purpose vehicle
TAALEEM SPV LIMITED,04-09-2018,M-HQ LTD,Licensed,Special purpose vehicle
RM HOLDINGS LIMITED,05-09-2018,10 LEAVES LIMITED,Licensed,Special purpose vehicle
PLATINUM OASIS A 2018 RSC LIMITED,06-09-2018,,Licensed,Special purpose vehicle
DEX HOLDING LTD,06-09-2018,,License cancelled,Special purpose vehicle
IB RECEIVABLES SPV 1 LIMITED,06-09-2018,ACCLIME CORPORATE SERVICES LIMITED,License cancelled,Special purpose vehicle
THE TRITON FOUNDATION,06-09-2018,,Licensed,Foundation
SUNBULAH INVESTMENTS HOLDING LTD,08-09-2018,CLARA FORMATIONS LIMITED,License cancelled,Special purpose vehicle
NEWTECNIC HOLDING LIMITED,08-09-2018,,License cancelled,Special purpose vehicle
SKY JET HOLDING LTD,08-09-2018,ELNAGGAR & PARTNERS LIMITED,Licensed,Special purpose vehicle
KIKLABB INVESTMENT HOLDING LIMITED,09-09-2018,MABA CORPORATE SERVICES LIMITED,Licensed,Special purpose vehicle
SOV VENTURES HOLDING SPV LIMITED,10-09-2018,,Licensed,Special purpose vehicle
AEROSIVA HOLDINGS LTD,12-09-2018,10 LEAVES LIMITED,Licensed,Special purpose vehicle
MIC CAPITAL MANAGEMENT 39 RSC LTD,12-09-2018,WALKERS PROFESSIONAL SERVICES (MIDDLE EAST) LIMITED,Licensed,Special purpose vehicle
MIC CAPITAL MANAGEMENT 43 RSC LTD,12-09-2018,WALKERS PROFESSIONAL SERVICES (MIDDLE EAST) LIMITED,Licensed,Special purpose vehicle
MIC CAPITAL MANAGEMENT 38 RSC LTD,12-09-2018,WALKERS PROFESSIONAL SERVICES (MIDDLE EAST) LIMITED,Licensed,Special purpose vehicle
SIXTY FOURTH SBVF 5 RSC LIMITED,12-09-2018,WALKERS PROFESSIONAL SERVICES (MIDDLE EAST) LIMITED,Licensed,Special purpose vehicle
SIXTY FOURTH 6 RSC LIMITED,12-09-2018,WALKERS PROFESSIONAL SERVICES (MIDDLE EAST) LIMITED,Licensed,Special purpose vehicle
MIC CAPITAL MANAGEMENT 44 RSC LTD,12-09-2018,WALKERS PROFESSIONAL SERVICES (MIDDLE EAST) LIMITED,Licensed,Special purpose vehicle
MIC CAPITAL MANAGEMENT 45 RSC LTD,12-09-2018,WALKERS PROFESSIONAL SERVICES (MIDDLE EAST) LIMITED,Licensed,Special purpose vehicle
MIC CAPITAL MANAGEMENT 47 RSC LTD,12-09-2018,MAPLES FIDUCIARY SERVICES (MIDDLE EAST) LIMITED,License cancelled,Special purpose vehicle
MIC CAPITAL MANAGEMENT 46 RSC LTD,12-09-2018,MAPLES FIDUCIARY SERVICES (MIDDLE EAST) LIMITED,Licensed,Special purpose vehicle
UDRIVE HOLDING LIMITED,16-09-2018,CLARA FORMATIONS LIMITED,Licensed,Special purpose vehicle
SOV CONNECTIONS HOLDING SPV LIMITED,16-09-2018,,Licensed,Special purpose vehicle
PHARMA SPV LTD,17-09-2018,,License cancelled,Special purpose vehicle
TRIBE PROJECT HOLDINGS LIMITED,17-09-2018,,Licensed,Special purpose vehicle
GATHERN HOLDING LTD,17-09-2018,WALKERS PROFESSIONAL SERVICES (MIDDLE EAST) LIMITED,Licensed,Special purpose vehicle
MIC CAPITAL MANAGEMENT 40 RSC LTD,17-09-2018,MAPLES FIDUCIARY SERVICES (MIDDLE EAST) LIMITED,License cancelled,Special purpose vehicle
ANNABELLE SPV LIMITED,18-09-2018,,License cancelled,Special purpose vehicle
TRIBE ENERGY HOLDINGS LTD,18-09-2018,,Licensed,Special purpose vehicle
UNION HOLDING RSC LIMITED,18-09-2018,STROLLA LLP,Licensed,Special purpose vehicle
METROPOLIS HOLDING RSC LIMITED,18-09-2018,,License cancelled,Special purpose vehicle
SYNDEO HOLDINGS LTD,19-09-2018,CLARA FORMATIONS LIMITED,Licensed,Special purpose vehicle
METIS HOLDINGS LIMITED,19-09-2018,,License cancelled,Special purpose vehicle
ZID HOLDING LTD,22-09-2018,CLARA FORMATIONS LIMITED,Licensed,Special purpose vehicle
AUGUSTUS MEDIA HOLDINGS LTD,22-09-2018,CLARA FORMATIONS LIMITED,Licensed,Special purpose vehicle
SQUARE YARDS SPV LIMITED,23-09-2018,10 LEAVES LIMITED,Licensed,Special purpose vehicle
PROMETHEUS SOLUTIONS SPV LIMITED,23-09-2018,,License cancelled,Special purpose vehicle
IMPULSE 2018 HOLDINGS LIMITED,23-09-2018,,License cancelled,Special purpose vehicle
APPAREL IQ HOLDING LIMITED,24-09-2018,CLARA FORMATIONS LIMITED,License cancelled,Special purpose vehicle
UNION 39 LEASING LIMITED,24-09-2018,WALKERS PROFESSIONAL SERVICES (MIDDLE EAST) LIMITED,Licensed,Special purpose vehicle
SAKR INVESTMENTS HOLDING SPV LTD,24-09-2018,MAPLES FIDUCIARY SERVICES (MIDDLE EAST) LIMITED,Licensed,Special purpose vehicle
UNION 41 LEASING LIMITED,24-09-2018,WALKERS PROFESSIONAL SERVICES (MIDDLE EAST) LIMITED,License cancelled,Special purpose vehicle
UNION 43 LEASING LIMITED,24-09-2018,WALKERS PROFESSIONAL SERVICES (MIDDLE EAST) LIMITED,License cancelled,Special purpose vehicle
ANI INTERNATIONAL WATER FRONT HOLDING LIMITED,25-09-2018,WALKERS PROFESSIONAL SERVICES (MIDDLE EAST) LIMITED,Licensed,Special purpose vehicle
M.R.S. FOOD SPV LTD,25-09-2018,INTERTRUST (MIDDLE EAST) LTD,Licensed,Special purpose vehicle
H&H FINITY HOLDING LIMITED,25-09-2018,CLARA FORMATIONS LIMITED,License cancelled,Special purpose vehicle
ARABYADS HOLDING LIMITED,25-09-2018,CLARA FORMATIONS LIMITED,Licensed,Special purpose vehicle
EMIRATES CAPITAL LTD,25-09-2018,,License cancelled,Special purpose vehicle
UNION 40 LEASING LIMITED,30-09-2018,WALKERS PROFESSIONAL SERVICES (MIDDLE EAST) LIMITED,Licensed,Special purpose vehicle
ORYX INVESTMENTS HOLDING SPV LTD,30-09-2018,MAPLES FIDUCIARY SERVICES (MIDDLE EAST) LIMITED,Licensed,Special purpose vehicle
CONDOR HOLDINGS LIMITED,01-10-2018,KPI AHLI CHARTERED ACCOUNTANTS,Licensed,Special purpose vehicle
BAKER HUGHES HOLDING SPV LTD,03-10-2018,ELNAGGAR & PARTNERS LIMITED,Licensed,Special purpose vehicle
OHA HEALTH INVESTMENT SPV RSC LTD,03-10-2018,ASSISS LTD,Licensed,Special purpose vehicle
PIVOT ASSET HOLDING RSC LTD,03-10-2018,,Licensed,Special purpose vehicle
MILE SOLUTIONS HOLDING LTD,07-10-2018,KPI AHLI CHARTERED ACCOUNTANTS,Licensed,Special purpose vehicle
SELENIUM HOLDING LTD,07-10-2018,CLARA FORMATIONS LIMITED,License cancelled,Special purpose vehicle
EEK INVESTMENT HOLDING LTD,08-10-2018,MOORE JFC LIMITED,Licensed,Special purpose vehicle
ADDMIND HOSPITALITY HOLDING LIMITED,09-10-2018,10 LEAVES LIMITED,Licensed,Special purpose vehicle
SHYFT MIDDLE EAST HOLDINGS LIMITED,09-10-2018,,License cancelled,Special purpose vehicle
SUNBURNT HOLDINGS LIMITED,09-10-2018,CLARA FORMATIONS LIMITED,Licensed,Special purpose vehicle
PAWAME HOLDING LIMITED,09-10-2018,,License cancelled,Special purpose vehicle
INTEGRATED DESIGN & CONSTRUCTION MANAGEMENT HOLDING LIMITED,09-10-2018,,License cancelled,Special purpose vehicle
KBBOBRS INVESTMENTS HOLDINGS LTD,09-10-2018,,Licensed,Special purpose vehicle
BRSKBBO INVESTMENTS HOLDINGS LTD,09-10-2018,,Licensed,Special purpose vehicle
PROPERTY FINDER IP HOLDING LTD,10-10-2018,INTERTRUST (MIDDLE EAST) LTD,Licensed,Special purpose vehicle
NILE INVESTMENT HOLDING LTD,11-10-2018,M-HQ LTD,Licensed,Special purpose vehicle
FOEDERIS INVESTMENT SPV LIMITED,11-10-2018,,License cancelled,Special purpose vehicle
COPPER BRANCH HOLDING GCC LTD,14-10-2018,,License cancelled,Special purpose vehicle
HD CHELI INVESTMENT RSC LTD,14-10-2018,ASSISS LTD,Licensed,Special purpose vehicle
AHMED RASHED AL MAZROUEI HOLDINGS LTD,15-10-2018,CROWE MAK LLP,Licensed,Special purpose vehicle
BORROMEO HOLDING LTD,15-10-2018,,Licensed,Special purpose vehicle
HORIZON HOLDING LIMITED,15-10-2018,,License cancelled,Special purpose vehicle
EDB SUKUK SPV LIMITED,15-10-2018,MAPLES FIDUCIARY SERVICES (MIDDLE EAST) LIMITED,Licensed,Special purpose vehicle
POSEIDON FOUNDATION,15-10-2018,AZHARI & ASSOCIATES LTD,License cancelled,Foundation
EVENTAGRATE HOLDING LIMITED,18-10-2018,,Licensed,Special purpose vehicle
AWJ THE ZONE SPV LTD,18-10-2018,WALKERS PROFESSIONAL SERVICES (MIDDLE EAST) LIMITED,Licensed,Special purpose vehicle
WAREHOUSE OF INTERACTIVE HOLDING LIMITED,21-10-2018,,License cancelled,Special purpose vehicle
I&F HOLDINGS RSC LIMITED,22-10-2018,10 LEAVES LIMITED,Licensed,Special purpose vehicle
HOLDING 1 LTD,24-10-2018,MAPLES FIDUCIARY SERVICES (MIDDLE EAST) LIMITED,Licensed,Special purpose vehicle
DANUBE CAPITAL SPV LIMITED,24-10-2018,,License cancelled,Special purpose vehicle
NBO HOLDINGS LIMITED,24-10-2018,,License cancelled,Special purpose vehicle
MINT HOLDING LTD,25-10-2018,,License cancelled,Special purpose vehicle
MINT SPV LTD,25-10-2018,,License cancelled,Special purpose vehicle
COOLIDGE FOUNDATION,25-10-2018,ACCLIME CORPORATE SERVICES LIMITED,Licensed,Foundation
CIRCUIT CAPITAL SPV LIMITED,29-10-2018,,License cancelled,Special purpose vehicle
VESTRA HOLDING LIMITED,29-10-2018,INTERTRUST (MIDDLE EAST) LTD,Licensed,Special purpose vehicle
TOKENPAY FOUNDATION,29-10-2018,AZHARI & ASSOCIATES LTD,License cancelled,Foundation
DANAD HOLDING LIMITED,30-10-2018,M-HQ LTD,Licensed,Special purpose vehicle
AFG PTC RSC LIMITED,30-10-2018,,Licensed,Special purpose vehicle
CONFIANZA HOLDINGS LIMITED,31-10-2018,,License cancelled,Special purpose vehicle
CONSTELLATION HOLDINGS LIMITED,31-10-2018,CLARA FORMATIONS LIMITED,License cancelled,Special purpose vehicle
AFG HOLDING RSC LIMITED,31-10-2018,,Licensed,Special purpose vehicle
ADEL MOHAMED HOLDINGS LTD,01-11-2018,,License cancelled,Special purpose vehicle
YAHYA MATAR HOLDINGS LTD,01-11-2018,,License cancelled,Special purpose vehicle
AUDIANC HOLDINGS LTD,01-11-2018,,Licensed,Special purpose vehicle
SHAIKH SULTAN HOLDINGS LTD,04-11-2018,,License cancelled,Special purpose vehicle
AHMAD MOSSA HOLDINGS LTD,04-11-2018,,License cancelled,Special purpose vehicle
PHI HOLDINGS LIMITED,04-11-2018,,License cancelled,Special purpose vehicle
UNION 44 LEASING LIMITED,05-11-2018,WALKERS PROFESSIONAL SERVICES (MIDDLE EAST) LIMITED,License cancelled,Special purpose vehicle
UNION 42 LEASING LIMITED,05-11-2018,WALKERS PROFESSIONAL SERVICES (MIDDLE EAST) LIMITED,Licensed,Special purpose vehicle
GAMA AVIATION SPV LIMITED,06-11-2018,M-HQ LTD,License cancelled,Special purpose vehicle
STELLAR HOLDINGS LIMITED,06-11-2018,ACCLIME CORPORATE SERVICES LIMITED,License cancelled,Special purpose vehicle
NOOK HOLDINGS LIMITED,08-11-2018,CLARA FORMATIONS LIMITED,Licensed,Special purpose vehicle
GREENSTONE INTERNATIONAL HOLDING LTD,08-11-2018,GRIFFIN CORPORATE SERVICES LTD,License cancelled,Special purpose vehicle
ENTO CAPITAL HOLDINGS LIMITED,09-11-2018,,License cancelled,Special purpose vehicle
TECHNOLOGIES SPV LTD,11-11-2018,10 LEAVES LIMITED,License cancelled,Special purpose vehicle
AMM HOLDING LIMITED,11-11-2018,,License cancelled,Special purpose vehicle
MOONPORT HOLDING LIMITED,11-11-2018,CLARA FORMATIONS LIMITED,Licensed,Special purpose vehicle
SUBSAH HOLDING LTD,11-11-2018,,License cancelled,Special purpose vehicle
THARWA HOLDINGS LTD,12-11-2018,CLARA FORMATIONS LIMITED,Licensed,Special purpose vehicle
CREATORS HOLDING LTD,13-11-2018,,License cancelled,Special purpose vehicle
BANO PURATOS HOLDING LTD,14-11-2018,MAPLES FIDUCIARY SERVICES (MIDDLE EAST) LIMITED,Licensed,Special purpose vehicle
EXELON HOLDINGS MIDEAST SPV LTD,14-11-2018,,License cancelled,Special purpose vehicle
ALLIANZ MARINE AND LOGISTICS SERVICES HOLDING LTD,15-11-2018,WALKERS PROFESSIONAL SERVICES (MIDDLE EAST) LIMITED,Licensed,Special purpose vehicle
XISCHE VENTURES SPV LIMITED,15-11-2018,CLARA FORMATIONS LIMITED,Licensed,Special purpose vehicle
M&CO HOLDING LTD,15-11-2018,ACCLIME CORPORATE SERVICES LIMITED,Licensed,Special purpose vehicle
LE BRIDGE HOLDING LIMITED,19-11-2018,,License cancelled,Special purpose vehicle
ZYAY HOLDINGS LIMITED,19-11-2018,M-HQ LTD,Licensed,Special purpose vehicle
MAGNUM OPUS SPV LIMITED,19-11-2018,WALKERS PROFESSIONAL SERVICES (MIDDLE EAST) LIMITED,Licensed,Special purpose vehicle
BALMAINE FOUNDATION,19-11-2018,RAD CORPORATE SERVICES LIMITED,Licensed,Foundation
GOLDILOCKS INVESTMENT HOLDING 1 LIMITED,20-11-2018,WALKERS PROFESSIONAL SERVICES (MIDDLE EAST) LIMITED,Licensed,Special purpose vehicle
AL DOBOWI HOLDING SPV LIMITED,20-11-2018,WALKERS PROFESSIONAL SERVICES (MIDDLE EAST) LIMITED,Licensed,Special purpose vehicle
GLOBAL PRIVATE INVESTMENTS LIMITED,21-11-2018,10 LEAVES LIMITED,Licensed,Special purpose vehicle
STARBURST HOLDINGS LIMITED,21-11-2018,ACCLIME CORPORATE SERVICES LIMITED,Licensed,Special purpose vehicle
GLOBAL PRIVATE HOLDINGS RSC LIMITED,21-11-2018,10 LEAVES LIMITED,License cancelled,Special purpose vehicle
SIDDIQUE & JAMAL HOLDINGS LTD,23-11-2018,,License cancelled,Special purpose vehicle
CLARA HOLDINGS LIMITED,23-11-2018,CLARA FORMATIONS LIMITED,Licensed,Special purpose vehicle
MULTI ASSETS HOLDING LTD,25-11-2018,,Licensed,Special purpose vehicle
ADS AGARTHA HOLDING GP LTD,25-11-2018,ADS INVESTMENT SOLUTIONS LIMITED,Licensed,Special purpose vehicle
ABS PIONEERS HOLDING LIMITED,25-11-2018,ACCLIME CORPORATE SERVICES LIMITED,License cancelled,Special purpose vehicle
AL MOUMAYAZA HOLDING LTD,26-11-2018,MAPLES FIDUCIARY SERVICES (MIDDLE EAST) LIMITED,Licensed,Special purpose vehicle
MMD INVESTMENTS HOLDING LTD,26-11-2018,,Licensed,Special purpose vehicle
ENERGY INTERNATIONAL HOLDING LIMITED,26-11-2018,WALKERS PROFESSIONAL SERVICES (MIDDLE EAST) LIMITED,Licensed,Special purpose vehicle
OLYMPEA HOLDING LIMITED,28-11-2018,,License cancelled,Special purpose vehicle
ATLANTIC HOLDINGS SPV LTD,03-12-2018,,Licensed,Special purpose vehicle
TACTICAL HOLDING LTD,04-12-2018,,License cancelled,Special purpose vehicle
RIDDLE FORTUNE SPV LTD,05-12-2018,M-HQ LTD,License cancelled,Special purpose vehicle
MIDEAST PROJECT SHIPPING HOLDING LIMITED,06-12-2018,,License cancelled,Special purpose vehicle
DF VENTURES SPV LIMITED,06-12-2018,,License cancelled,Special purpose vehicle
MANFALOUTI HOLDING LTD,09-12-2018,,License cancelled,Special purpose vehicle
SWICORP HOLDINGS LIMITED,10-12-2018,SWISS GROUP LEGAL LTD,Licensed,Special purpose vehicle
SENOJ HOLDING LTD,11-12-2018,,License cancelled,Special purpose vehicle
SRQ-PFIII HOLDINGS LIMITED,11-12-2018,,License cancelled,Special purpose vehicle
ENJI HOLDING LTD,11-12-2018,,License cancelled,Special purpose vehicle
DOKKANAFKAR.COM HOLDING LTD,12-12-2018,,License cancelled,Special purpose vehicle
SKYZ HOLDING RSC LTD,13-12-2018,ASSISS LTD,Licensed,Special purpose vehicle
MAKASEB REAL ESTATE INVESTMENT SPV LIMITED,16-12-2018,OCORIAN CORPORATE SERVICES (ME) LIMITED,Licensed,Special purpose vehicle
HI SPORTS HOLDING RSC LTD,17-12-2018,ASSISS LTD,Licensed,Special purpose vehicle
FINABLR TECH HOLDINGS LIMITED,18-12-2018,,Licensed,Special purpose vehicle
QIDZ HOLDING LTD,19-12-2018,CLARA FORMATIONS LIMITED,Licensed,Special purpose vehicle
TASTUS HOLDING LIMITED,19-12-2018,,License cancelled,Special purpose vehicle
SOROYA HOLDINGS PHARMA LTD,20-12-2018,SWISS GROUP LEGAL LTD,Licensed,Special purpose vehicle
THE LIDA FOUNDATION,23-12-2018,M-HQ LTD,License cancelled,Foundation
ALPHABETS HOLDING LTD,24-12-2018,M-HQ LTD,License cancelled,Special purpose vehicle
INVEST HOSPITALITY PLUS HOLDING LTD,24-12-2018,CSP GROUP LTD,Licensed,Special purpose vehicle
CITY STORAGE SYSTEMS HOLDING COMPANY LIMITED,24-12-2018,M-HQ LTD,Licensed,Special purpose vehicle
OBN HOLDINGS LIMITED,26-12-2018,,License cancelled,Special purpose vehicle
BROOKHOUSE CORNER SPV LIMITED,26-12-2018,MAPLES FIDUCIARY SERVICES (MIDDLE EAST) LIMITED,Licensed,Special purpose vehicle
OHARAX HOLDING LTD,27-12-2018,ACCLIME CORPORATE SERVICES LIMITED,License cancelled,Special purpose vehicle
PGC INVESTMENT SPV RSC LTD,27-12-2018,ASSISS LTD,Licensed,Special purpose vehicle
DOKKAN ALAFKAR HOLDING LTD,30-12-2018,,License cancelled,Special purpose vehicle
PETROMAR ENERGY SERVICES SPV LTD,30-12-2018,,License cancelled,Special purpose vehicle
MAISON HOLDING LIMITED,30-12-2018,,License cancelled,Special purpose vehicle
SIXTY FOURTH SBVF 9 RSC LIMITED,30-12-2018,WALKERS PROFESSIONAL SERVICES (MIDDLE EAST) LIMITED,Licensed,Special purpose vehicle
SIXTY FOURTH 8 RSC LIMITED,30-12-2018,WALKERS PROFESSIONAL SERVICES (MIDDLE EAST) LIMITED,Licensed,Special purpose vehicle
MIC CAPITAL MANAGEMENT 51 RSC LTD,30-12-2018,WALKERS PROFESSIONAL SERVICES (MIDDLE EAST) LIMITED,Licensed,Special purpose vehicle
MIC CAPITAL MANAGEMENT 54 RSC LTD,30-12-2018,MAPLES FIDUCIARY SERVICES (MIDDLE EAST) LIMITED,Licensed,Special purpose vehicle
MIC CAPITAL MANAGEMENT 49 RSC LTD,30-12-2018,MAPLES FIDUCIARY SERVICES (MIDDLE EAST) LIMITED,License cancelled,Special purpose vehicle
SIXTY FOURTH 7 RSC LIMITED,30-12-2018,WALKERS PROFESSIONAL SERVICES (MIDDLE EAST) LIMITED,Licensed,Special purpose vehicle
PLATINUM EAGLE C 2018 RSC LIMITED,31-12-2018,,Licensed,Special purpose vehicle
AWJ AZURE SPV LTD,31-12-2018,,License cancelled,Special purpose vehicle
AIRSCAPE HOLDING LTD,07-01-2019,,License cancelled,Special purpose vehicle
NTH HOLDING LIMITED,07-01-2019,,License cancelled,Special purpose vehicle
MAYUR HOLDING LTD,07-01-2019,,Licensed,Special purpose vehicle
EDUCATION CORP HOLDING LIMITED,07-01-2019,WALKERS PROFESSIONAL SERVICES (MIDDLE EAST) LIMITED,Licensed,Special purpose vehicle
EXPERTS CORP HOLDING LIMITED,07-01-2019,WALKERS PROFESSIONAL SERVICES (MIDDLE EAST) LIMITED,Licensed,Special purpose vehicle
EA CORP HOLDING LIMITED,07-01-2019,WALKERS PROFESSIONAL SERVICES (MIDDLE EAST) LIMITED,License cancelled,Special purpose vehicle
MADEN HOLDING LIMITED,08-01-2019,CLARA FORMATIONS LIMITED,Licensed,Special purpose vehicle
MAREN HOLDING LIMITED,08-01-2019,CLARA FORMATIONS LIMITED,Licensed,Special purpose vehicle
ASIT HOLDING LIMITED,08-01-2019,,License cancelled,Special purpose vehicle
BAITAK TECHNOLOGIES HOLDING LIMITED,09-01-2019,CLARA FORMATIONS LIMITED,Licensed,Special purpose vehicle
MOVTECH HOLDINGS LTD,10-01-2019,,License cancelled,Special purpose vehicle
NOON EDUCATION HOLDING LTD,10-01-2019,10 LEAVES LIMITED,Licensed,Special purpose vehicle
MAKEEN HOLDING LIMITED,10-01-2019,,Licensed,Special purpose vehicle
AL MAKIN HOLDING LIMITED,11-01-2019,,Licensed,Special purpose vehicle
SPRII HOLDINGS LIMITED,13-01-2019,,License cancelled,Special purpose vehicle
TTRO LEARNING ME HOLDINGS LIMITED,14-01-2019,CLARA FORMATIONS LIMITED,Licensed,Special purpose vehicle
CW FOUNDATION,14-01-2019,,License cancelled,Foundation
INNOCAPITAL HOLDINGS LIMITED,15-01-2019,,License cancelled,Special purpose vehicle
TRUXAPP MENA HOLDINGS LIMITED,20-01-2019,,License cancelled,Special purpose vehicle
ICONIC LOCATIONS ME HOLDING CO. LTD,23-01-2019,ACCLIME CORPORATE SERVICES LIMITED,Licensed,Special purpose vehicle
T14 INTERNATIONAL INVESTMENT HOLDINGS LTD,23-01-2019,10 LEAVES LIMITED,Licensed,Special purpose vehicle
WADI VENTURES 1 SPV LIMITED,26-01-2019,,Licensed,Special purpose vehicle
INDCAP INVESTMENT SPV RSC LTD,27-01-2019,,License cancelled,Special purpose vehicle
ECLIPSE HOLDING SPV LIMITED,28-01-2019,M-HQ LTD,License cancelled,Special purpose vehicle
AERO PIONEER HOLDING LIMITED,28-01-2019,,License cancelled,Special purpose vehicle
ARCA HOLDING LIMITED,28-01-2019,10 LEAVES LIMITED,Licensed,Special purpose vehicle
INNOVATIVE COMMUNICATIONS HOLDING LTD,28-01-2019,,License cancelled,Special purpose vehicle
JOUD INVESTMENT HOLDING LTD,29-01-2019,IDARAH CORPORATE LIMITED,Licensed,Special purpose vehicle
ARC INVESTMENTS 1 SPV LIMITED,29-01-2019,INTERTRUST (MIDDLE EAST) LTD,Licensed,Special purpose vehicle
ARC INVESTMENTS 2 SPV LIMITED,29-01-2019,INTERTRUST (MIDDLE EAST) LTD,Licensed,Special purpose vehicle
ALTO FOUNDATION,29-01-2019,INTERTRUST (DUBAI) LIMITED,Licensed,Foundation
PLUTUS CAMPUS HOLDINGS II LIMITED,01-02-2019,EQUIOM CORPORATE SERVICES (MIDDLE EAST) LTD,Licensed,Special purpose vehicle
GLOMAX HOLDING LIMITED,02-02-2019,VISTRA (MIDDLE EAST) LTD,License cancelled,Special purpose vehicle
AL SHARQIA HOLDINGS LIMITED,02-02-2019,KPI AHLI CHARTERED ACCOUNTANTS,Licensed,Special purpose vehicle
URENT HOLDING LIMITED,03-02-2019,,License cancelled,Special purpose vehicle
PLATINUM SPRING B 2019 RSC LIMITED,03-02-2019,,Licensed,Special purpose vehicle
VALIANCE FOUNDATION,03-02-2019,M-HQ LTD,Licensed,Foundation
BERKALO HOLDINGS LIMITED,05-02-2019,,License cancelled,Special purpose vehicle
ONE HOLDINGS LTD,05-02-2019,CLARA FORMATIONS LIMITED,Licensed,Special purpose vehicle
CO INVESTORS HOLDING SPV LIMITED,06-02-2019,10 LEAVES LIMITED,License cancelled,Special purpose vehicle
GLOBAL INVESTORS HOLDING SPV LIMITED,06-02-2019,10 LEAVES LIMITED,Licensed,Special purpose vehicle
JADE INVESTMENTS SPV LTD,06-02-2019,,Licensed,Special purpose vehicle
AVIATEK AEROSPACE SPV LIMITED,10-02-2019,,Licensed,Special purpose vehicle
KIND HOLDING LIMITED,10-02-2019,,License cancelled,Special purpose vehicle
MAVISA HOLDING LIMITED,10-02-2019,,License cancelled,Special purpose vehicle
GALBOT HOLDING RSC LTD,10-02-2019,,Licensed,Special purpose vehicle
M.M.E. HOLDINGS LTD,11-02-2019,SWISS GROUP LEGAL LTD,Licensed,Special purpose vehicle
RADIANCE HOLDING LIMITED,11-02-2019,M-HQ LTD,Licensed,Special purpose vehicle
AL DOBOWI GROUP SPV LIMITED,11-02-2019,WALKERS PROFESSIONAL SERVICES (MIDDLE EAST) LIMITED,Licensed,Special purpose vehicle
PIERRE CARDIN HOLDING SPV LTD,11-02-2019,,License cancelled,Special purpose vehicle
AYM GROUP HOLDING LIMITED,11-02-2019,,Licensed,Special purpose vehicle
AC BUS SPV LTD,11-02-2019,TMF GROUP FIDUCIARY SERVICES LIMITED,Licensed,Special purpose vehicle
WESTERN INTERNATIONAL HOLDINGS LTD,12-02-2019,,License cancelled,Special purpose vehicle
CARLTON INTERNATIONAL HOLDINGS LTD,12-02-2019,AL TAMIMI & CO. CORPORATE SERVICES LIMITED,Licensed,Special purpose vehicle
DR. O GROUP HOLDING LTD,12-02-2019,CLARA FORMATIONS LIMITED,Licensed,Special purpose vehicle
GLOW FOR INVESTMENT HOLDING LIMITED,12-02-2019,,License cancelled,Special purpose vehicle
BREEJ HOLDING LTD,12-02-2019,ACCLIME CORPORATE SERVICES LIMITED,License cancelled,Special purpose vehicle
MEDICA HOLDINGS LTD,13-02-2019,,Licensed,Special purpose vehicle
ANTELOPE INTERNATIONAL HOLDINGS LTD,13-02-2019,AL TAMIMI & CO. CORPORATE SERVICES LIMITED,Licensed,Special purpose vehicle
IRBIS HOLDING LTD,16-02-2019,,Licensed,Special purpose vehicle
VAUGHN INTERNATIONAL HOLDINGS LTD,16-02-2019,AL TAMIMI & CO. CORPORATE SERVICES LIMITED,Licensed,Special purpose vehicle
BRENBAR HOLDINGS LIMITED,16-02-2019,,License cancelled,Special purpose vehicle
QUORUM FOUNDATION,16-02-2019,M-HQ LTD,Licensed,Foundation
LOTUS HOLDINGS LTD,17-02-2019,,Licensed,Special purpose vehicle
AL MADAR SPV LTD,17-02-2019,,License cancelled,Special purpose vehicle
AQMARTECH HOLDING LTD,17-02-2019,ACCLIME CORPORATE SERVICES LIMITED,License cancelled,Special purpose vehicle
MARSTECH HOLDING LTD,17-02-2019,ACCLIME CORPORATE SERVICES LIMITED,License cancelled,Special purpose vehicle
AC VENTURES HOLDING LIMITED,18-02-2019,,License cancelled,Special purpose vehicle
VSG HOLDINGS LTD,19-02-2019,,Licensed,Special purpose vehicle
BIN ARAR HOLDING LTD,19-02-2019,,License cancelled,Special purpose vehicle
JUNGLLEARN HOLDINGS LTD,20-02-2019,,Licensed,Special purpose vehicle
EDUCATION VENTURES COMPANY HOLDING LIMITED,21-02-2019,KPI AHLI CHARTERED ACCOUNTANTS,Licensed,Special purpose vehicle
FOCUS INTERNATIONAL HOLDINGS LTD,21-02-2019,AL TAMIMI & CO. CORPORATE SERVICES LIMITED,Licensed,Special purpose vehicle
KONCEPT HOLDINGS LTD,21-02-2019,ACCLIME CORPORATE SERVICES LIMITED,License cancelled,Special purpose vehicle
PLATINUM DESERT B 2019 RSC LIMITED,21-02-2019,,Licensed,Special purpose vehicle
VILLA 26 HOLDING RSC LTD,21-02-2019,ASSISS LTD,Licensed,Special purpose vehicle
ZSK HOLDING RSC LTD,21-02-2019,CLARA FORMATIONS LIMITED,Licensed,Special purpose vehicle
PROCERV HOLDING LIMITED,24-02-2019,,License cancelled,Special purpose vehicle
FUTURE INDUSTRIES HOLDING LIMITED,26-02-2019,CLARA FORMATIONS LIMITED,License cancelled,Special purpose vehicle
4SCALE CAPITAL HOLDING LTD,26-02-2019,,License cancelled,Special purpose vehicle
FASSET HOLDING LIMITED,26-02-2019,IDARAH CORPORATE LIMITED,Licensed,Special purpose vehicle
MIC SL GP RSC LTD,26-02-2019,WALKERS PROFESSIONAL SERVICES (MIDDLE EAST) LIMITED,Licensed,Special purpose vehicle
MIC CAPITAL PARTNERS (PUBLIC) GP RSC LTD,26-02-2019,MAPLES FIDUCIARY SERVICES (MIDDLE EAST) LIMITED,License cancelled,Special purpose vehicle
THE YELLOW BOATS HOLDINGS LIMITED,27-02-2019,M-HQ LTD,Licensed,Special purpose vehicle
PLATINUM DUNES C 2019 RSC LIMITED,27-02-2019,,Licensed,Special purpose vehicle
DENTACARTS HOLDINGS LTD,28-02-2019,CLARA FORMATIONS LIMITED,Licensed,Special purpose vehicle
AYM INVESTMENTS HOLDING LIMITED,03-03-2019,,Licensed,Special purpose vehicle
UNION 45 LEASING LIMITED,03-03-2019,WALKERS PROFESSIONAL SERVICES (MIDDLE EAST) LIMITED,License cancelled,Special purpose vehicle
GOLDSTART HOLDING LIMITED,04-03-2019,CLARA FORMATIONS LIMITED,License cancelled,Special purpose vehicle
BALTIC HOLDINGS LTD,05-03-2019,M-HQ LTD,Licensed,Special purpose vehicle
MDGH GMTN (RSC) LTD,06-03-2019,WALKERS PROFESSIONAL SERVICES (MIDDLE EAST) LIMITED,Licensed,Special purpose vehicle
MIC CAPITAL MANAGEMENT 56 RSC LTD,06-03-2019,WALKERS PROFESSIONAL SERVICES (MIDDLE EAST) LIMITED,Licensed,Special purpose vehicle
MIC CAPITAL MANAGEMENT 62 RSC LTD,06-03-2019,WALKERS PROFESSIONAL SERVICES (MIDDLE EAST) LIMITED,Licensed,Special purpose vehicle
GALAXY 59 HOLDING LIMITED,06-03-2019,WALKERS PROFESSIONAL SERVICES (MIDDLE EAST) LIMITED,Licensed,Special purpose vehicle
BEACONHOUSE INVESTMENTS HOLDING LIMITED,06-03-2019,,License cancelled,Special purpose vehicle
EAMAR ALBYADER HOLDING LTD,06-03-2019,ELNAGGAR & PARTNERS LIMITED,Licensed,Special purpose vehicle
MIC CAPITAL MANAGEMENT 61 RSC LTD,06-03-2019,WALKERS PROFESSIONAL SERVICES (MIDDLE EAST) LIMITED,License cancelled,Special purpose vehicle
MIC CAPITAL MANAGEMENT 57 RSC LTD,06-03-2019,MAPLES FIDUCIARY SERVICES (MIDDLE EAST) LIMITED,Licensed,Special purpose vehicle
MIC CAPITAL MANAGEMENT 63 RSC LTD,06-03-2019,WALKERS PROFESSIONAL SERVICES (MIDDLE EAST) LIMITED,Licensed,Special purpose vehicle
MIC (PUBLIC) CARRY VEHICLE RSC LTD,06-03-2019,MAPLES FIDUCIARY SERVICES (MIDDLE EAST) LIMITED,License cancelled,Special purpose vehicle
MIC CAPITAL MANAGEMENT 60 RSC LTD,06-03-2019,WALKERS PROFESSIONAL SERVICES (MIDDLE EAST) LIMITED,Licensed,Special purpose vehicle
MIC (MCP III) CARRY VEHICLE RSC LIMITED,06-03-2019,MAPLES FIDUCIARY SERVICES (MIDDLE EAST) LIMITED,Licensed,Special purpose vehicle
TRIANGLE HOLDINGS LIMITED,10-03-2019,ACCLIME CORPORATE SERVICES LIMITED,Licensed,Special purpose vehicle
MIC CAPITAL PARTNERS HOLDINGS MANAGEMENT PTE LIMITED,10-03-2019,,License cancelled,Special purpose vehicle
MIC CAPITAL PARTNERS HOLDING PTE LIMITED,10-03-2019,MAPLES FIDUCIARY SERVICES (MIDDLE EAST) LIMITED,License cancelled,Special purpose vehicle
XPENCE GLOBAL HOLDINGS LTD,11-03-2019,,Licensed,Special purpose vehicle
TAWAKKUL HOLDINGS LTD,11-03-2019,,Licensed,Special purpose vehicle
CLEARMOVE HOLDINGS LIMITED,12-03-2019,,Licensed,Special purpose vehicle
MS HOLDINGS LIMITED,12-03-2019,,License cancelled,Special purpose vehicle
FUTURE HOLDINGS LIMITED,12-03-2019,CLARA FORMATIONS LIMITED,License cancelled,Special purpose vehicle
83CF HOLDING LTD,13-03-2019,CLARA FORMATIONS LIMITED,Licensed,Special purpose vehicle
EMS HOLDINGS LTD,13-03-2019,,Licensed,Special purpose vehicle
S I C HOLDINGS LIMITED,13-03-2019,,License cancelled,Special purpose vehicle
TUE TECH HOLDINGS LIMITED,13-03-2019,ACCLIME CORPORATE SERVICES LIMITED,License cancelled,Special purpose vehicle
BUYBACK BAZAAR HOLDING LIMITED,13-03-2019,WALKERS PROFESSIONAL SERVICES (MIDDLE EAST) LIMITED,Licensed,Special purpose vehicle
ING HOLDING LTD,14-03-2019,SWISS GROUP LEGAL LTD,License cancelled,Special purpose vehicle
MEDCO HOLDING LTD,14-03-2019,,Licensed,Special purpose vehicle
MATEENBAR HOLDINGS LTD,15-03-2019,M-HQ LTD,License cancelled,Special purpose vehicle
FORESIGHT HOLDING LTD,17-03-2019,CSP GROUP LTD,Licensed,Special purpose vehicle
WESTERN INTERNATIONAL ELECTRONICS & HOUSEHOLD HOLDINGS LTD,17-03-2019,,License cancelled,Special purpose vehicle
WESTERN INTERNATIONAL GARMENTS & FOOTWEAR HOLDINGS LTD,17-03-2019,,License cancelled,Special purpose vehicle
BEDAYA FUND I GP LTD,17-03-2019,,Licensed,Special purpose vehicle
WESTERN INTERNATIONAL SUPERMARKETS & RETAIL HOLDINGS LTD,17-03-2019,,License cancelled,Special purpose vehicle
YAS FINANCE HOLDINGS LIMITED,18-03-2019,KPI AHLI CHARTERED ACCOUNTANTS,Licensed,Special purpose vehicle
WADI VENTURES 2 SPV LIMITED,18-03-2019,,License cancelled,Special purpose vehicle
JOY CAR HOLDING LIMITED,19-03-2019,ACCLIME CORPORATE SERVICES LIMITED,License cancelled,Special purpose vehicle
GEPARD HOLDING LIMITED,19-03-2019,10 LEAVES LIMITED,Licensed,Special purpose vehicle
THE TALENT ENTERPRISE HOLDING LIMITED,19-03-2019,CLARA FORMATIONS LIMITED,License cancelled,Special purpose vehicle
FUTURE TECHNOLOGY HOLDING LTD,19-03-2019,,License cancelled,Special purpose vehicle
AGRINV SPV RSC LIMITED,19-03-2019,CROWE MAK LLP,Licensed,Special purpose vehicle
AK SANKARI HOLDING SPV LTD,20-03-2019,,License cancelled,Special purpose vehicle
SANKARI AK HOLDING SPV LTD,20-03-2019,,License cancelled,Special purpose vehicle
HEALTH GATES HOLDING LIMITED,21-03-2019,WALKERS PROFESSIONAL SERVICES (MIDDLE EAST) LIMITED,Licensed,Special purpose vehicle
FERTILIZERS EXPORTS HOLDING I LIMITED,21-03-2019,CLARA FORMATIONS LIMITED,License cancelled,Special purpose vehicle
PLATINUM ALPHA HOLDINGS A 2019 RSC LIMITED,24-03-2019,,Licensed,Special purpose vehicle
PROTEIN BAKESHOP HOLDING LTD,24-03-2019,CLARA FORMATIONS LIMITED,Licensed,Special purpose vehicle
DAKILU FOUNDATION,24-03-2019,,Licensed,Foundation
BTQ HOLDING LTD,25-03-2019,CLARA FORMATIONS LIMITED,Licensed,Special purpose vehicle
CELEBRITY INVESTMENTS HOLDING LTD,25-03-2019,,Licensed,Special purpose vehicle
PLATINUM PALMS B 2019 RSC LIMITED,25-03-2019,,Licensed,Special purpose vehicle
CHRONIC CARE COMPANY HOLDINGS LTD,26-03-2019,CLARA FORMATIONS LIMITED,Licensed,Special purpose vehicle
CRUDE DYNAMICS HOLDINGS LIMITED,26-03-2019,,License cancelled,Special purpose vehicle
ORBIS SYSTEMS SPV LIMITED,26-03-2019,,License cancelled,Special purpose vehicle
VENUS INVESTMENT HOLDING LTD,26-03-2019,,Licensed,Special purpose vehicle
ORYX HOLDINGS RSC LIMITED,27-03-2019,WALKERS PROFESSIONAL SERVICES (MIDDLE EAST) LIMITED,Licensed,Special purpose vehicle
PLATINUM ALPHA OPPORTUNITIES B 2019 RSC LIMITED,27-03-2019,,Licensed,Special purpose vehicle
PLATINUM ALPHA INVESTMENTS B 2019 RSC LIMITED,27-03-2019,,Licensed,Special purpose vehicle
PLATINUM ALPHA DIRECT B 2019 RSC LIMITED,27-03-2019,,Licensed,Special purpose vehicle
NVELOP X HOLDING LIMITED,27-03-2019,,License cancelled,Special purpose vehicle
ARJAA INVEST HOLDING LTD,28-03-2019,,License cancelled,Special purpose vehicle
MAJD INVEST HOLDING LTD,31-03-2019,IDARAH CORPORATE LIMITED,Licensed,Special purpose vehicle
INTEGRATIVE INNOVATIONS HOLDING LIMITED,01-04-2019,10 LEAVES LIMITED,Licensed,Special purpose vehicle
ESTASHEER HOLDINGS LTD,02-04-2019,CLARA FORMATIONS LIMITED,License cancelled,Special purpose vehicle
MSA FOUNDATION,02-04-2019,M-HQ LTD,Licensed,Foundation
INNOVATIVE INVESTMENTS COMPANY SPV LTD,03-04-2019,,Licensed,Special purpose vehicle
BCG HOLDING LTD,03-04-2019,,License cancelled,Special purpose vehicle
KUIPER HOLDING I LIMITED,03-04-2019,,License cancelled,Special purpose vehicle
THARAWAT HOLDING RSC LIMITED,04-04-2019,WALKERS PROFESSIONAL SERVICES (MIDDLE EAST) LIMITED,Licensed,Special purpose vehicle
DAR AL SHIFAA HOLDING LTD,04-04-2019,,License cancelled,Special purpose vehicle
MIC CAPITAL MANAGEMENT 66 RSC LTD,04-04-2019,WALKERS PROFESSIONAL SERVICES (MIDDLE EAST) LIMITED,Licensed,Special purpose vehicle
MIC CAPITAL MANAGEMENT 67 RSC LTD,04-04-2019,WALKERS PROFESSIONAL SERVICES (MIDDLE EAST) LIMITED,Licensed,Special purpose vehicle
MIC CAPITAL MANAGEMENT 65 RSC LTD,04-04-2019,WALKERS PROFESSIONAL SERVICES (MIDDLE EAST) LIMITED,Licensed,Special purpose vehicle
ZM FOUNDATION,04-04-2019,M-HQ LTD,Licensed,Foundation
AGRICOOL MIDDLE EAST HOLDING LTD,07-04-2019,,License cancelled,Special purpose vehicle
SEEZ APP HOLDING LTD,07-04-2019,CLARA FORMATIONS LIMITED,Licensed,Special purpose vehicle
HASEEL COMPANY HOLDING LTD,08-04-2019,CLARA FORMATIONS LIMITED,Licensed,Special purpose vehicle
FALCON INVESTMENT HOLDING RSC LIMITED,10-04-2019,,License cancelled,Special purpose vehicle
NEPTUNE FOUNDATION,10-04-2019,AZHARI & ASSOCIATES LTD,Licensed,Foundation
ALTA ROCA FOUNDATION,10-04-2019,M-HQ LTD,Licensed,Foundation
M & Y HOLDINGS LTD,11-04-2019,,License cancelled,Special purpose vehicle
UNION 46 LEASING LIMITED,11-04-2019,WALKERS PROFESSIONAL SERVICES (MIDDLE EAST) LIMITED,Licensed,Special purpose vehicle
UNION 47 LEASING LIMITED,11-04-2019,WALKERS PROFESSIONAL SERVICES (MIDDLE EAST) LIMITED,Licensed,Special purpose vehicle
UNION 48 LEASING LIMITED,11-04-2019,WALKERS PROFESSIONAL SERVICES (MIDDLE EAST) LIMITED,Licensed,Special purpose vehicle
UNION 49 LEASING LIMITED,11-04-2019,WALKERS PROFESSIONAL SERVICES (MIDDLE EAST) LIMITED,Licensed,Special purpose vehicle
AQEED GROUP HOLDINGS LIMITED,14-04-2019,CLARA FORMATIONS LIMITED,License cancelled,Special purpose vehicle
SCHRODERS CAPITAL PRIVATE EQUITY 2019 ACQUISITION HOLDING LIMITED,14-04-2019,OCORIAN CORPORATE SERVICES (ME) LIMITED,Licensed,Special purpose vehicle
A.Q. & CO HOLDINGS LTD,14-04-2019,,License cancelled,Special purpose vehicle
HR HOLDINGS LIMITED,15-04-2019,,License cancelled,Special purpose vehicle
CLEAR CREEK HOLDING LIMITED,16-04-2019,,Licensed,Special purpose vehicle
R&F HOLDING LTD,16-04-2019,CLARA FORMATIONS LIMITED,Licensed,Special purpose vehicle
FEDS GROUP HOLDINGS LTD,16-04-2019,CLARA FORMATIONS LIMITED,Licensed,Special purpose vehicle
Z DESIGN HOLDINGS LTD,17-04-2019,CLARA FORMATIONS LIMITED,License cancelled,Special purpose vehicle
TECH VENTURE HOLDINGS LIMITED,17-04-2019,J. AWAN & PARTNERS LIMITED,Licensed,Special purpose vehicle
ZM SPV LIMITED,17-04-2019,M-HQ LTD,Licensed,Special purpose vehicle
ABT TWO SPV LIMITED,18-04-2019,,Licensed,Special purpose vehicle
SURUSH HOLDINGS LIMITED,18-04-2019,,License cancelled,Special purpose vehicle
ALROMAIH HOLDING CO. LIMITED,18-04-2019,CLARA FORMATIONS LIMITED,Licensed,Special purpose vehicle
ACACIA HOLDING LTD,21-04-2019,CSP GROUP LTD,Licensed,Special purpose vehicle
SPRUCE SPV LIMITED,22-04-2019,10 LEAVES LIMITED,Licensed,Special purpose vehicle
THE PANGOLIN HOLDINGS LTD,22-04-2019,M-HQ LTD,License cancelled,Special purpose vehicle
LIFE PHARMA HOLDING PVT LTD,23-04-2019,INP IBRAHIM N PARTNERS LEGAL CONSULTANCY LTD,Licensed,Special purpose vehicle
SOLAS HOLDING LTD,24-04-2019,ACCLIME CORPORATE SERVICES LIMITED,Licensed,Special purpose vehicle
AS HOLDING LTD,24-04-2019,CLARA FORMATIONS LIMITED,Licensed,Special purpose vehicle
ONYX INVESTMENTS HOLDING LTD,24-04-2019,,License cancelled,Special purpose vehicle
AGOSTA HOLDING LIMITED,25-04-2019,M-HQ LTD,Licensed,Special purpose vehicle
ASWAT HOLDING LTD,25-04-2019,CLARA FORMATIONS LIMITED,Licensed,Special purpose vehicle
GLOBAL HOSPITALITY HOLDING LIMITED,25-04-2019,INTERTRUST (MIDDLE EAST) LTD,Licensed,Special purpose vehicle
EUROPEAN I HOSPITALITY HOLDING LIMITED,25-04-2019,INTERTRUST (MIDDLE EAST) LTD,Licensed,Special purpose vehicle
GREBES AVIATION ONE SPV LIMITED,25-04-2019,,License cancelled,Special purpose vehicle
GREBES AVIATION TWO SPV LIMITED,25-04-2019,,License cancelled,Special purpose vehicle
PHARMENA SPV LTD,27-04-2019,,License cancelled,Special purpose vehicle
MIC CAPITAL PARTNERS III GP (AD) RSC LTD,28-04-2019,MAPLES FIDUCIARY SERVICES (MIDDLE EAST) LIMITED,License cancelled,Special purpose vehicle
SATURN FOUNDATION,28-04-2019,AZHARI & ASSOCIATES LTD,License cancelled,Foundation
ERADAH IP HOLDING LIMITED,29-04-2019,CLYDE SERVICES LIMITED,Licensed,Special purpose vehicle
HAH HOLDING COMPANY LTD,29-04-2019,ELNAGGAR & PARTNERS LIMITED,Licensed,Special purpose vehicle
TAJ HOLDING COMPANY LTD,29-04-2019,ELNAGGAR & PARTNERS LIMITED,Licensed,Special purpose vehicle
ALHAMBRA HOLDINGS LIMITED,29-04-2019,,Licensed,Special purpose vehicle
YAS HOLDING COMPANY LTD,30-04-2019,ELNAGGAR & PARTNERS LIMITED,Licensed,Special purpose vehicle
MAQ HOLDING COMPANY LTD,30-04-2019,ELNAGGAR & PARTNERS LIMITED,Licensed,Special purpose vehicle
MAR HOLDING COMPANY LTD,30-04-2019,ELNAGGAR & PARTNERS LIMITED,Licensed,Special purpose vehicle
HACKED KITCHEN HOLDING LTD,30-04-2019,10 LEAVES LIMITED,License cancelled,Special purpose vehicle
TRIBEX HOLDINGS LTD,30-04-2019,,License cancelled,Special purpose vehicle
PSP HOLDINGS LIMITED,01-05-2019,ACCLIME CORPORATE SERVICES LIMITED,License cancelled,Special purpose vehicle
EFRESHLI HOLDINGS LTD,01-05-2019,CLARA FORMATIONS LIMITED,Licensed,Special purpose vehicle
PLAY FOR MUSIC SPV LIMITED,02-05-2019,,License cancelled,Special purpose vehicle
CROSSOVER VENTURES HOLDING LIMITED,02-05-2019,CLARA FORMATIONS LIMITED,Licensed,Special purpose vehicle
MERIDIAN FOUNDATION,03-05-2019,10 LEAVES LIMITED,Licensed,Foundation
T14 DUTCH HOLDINGS LTD,05-05-2019,10 LEAVES LIMITED,Licensed,Special purpose vehicle
SWYFT DELIVERY HOLDING LTD,06-05-2019,,License cancelled,Special purpose vehicle
SALASA HOLDING LTD,06-05-2019,CLARA FORMATIONS LIMITED,Licensed,Special purpose vehicle
MLC GO HOLDING LIMITED,06-05-2019,,License cancelled,Special purpose vehicle
POWERBAR HOLDINGS LTD,06-05-2019,,License cancelled,Special purpose vehicle
PROGRESSIVE EDUCATION SPV LIMITED,07-05-2019,,License cancelled,Special purpose vehicle
MENTOR HOLDINGS LTD,07-05-2019,,License cancelled,Special purpose vehicle
SPVA HOLDINGS LIMITED,07-05-2019,,License cancelled,Special purpose vehicle
COGNITA PARTNER HOLDINGS LIMITED,08-05-2019,EQUIOM CORPORATE SERVICES (MIDDLE EAST) LTD,Licensed,Special purpose vehicle
COGNITA MIDDLE EAST OPCO HOLDINGS LIMITED,09-05-2019,EQUIOM CORPORATE SERVICES (MIDDLE EAST) LTD,Licensed,Special purpose vehicle
STARTING BLOCK TECHNOLOGIES HOLDING LIMITED,09-05-2019,,License cancelled,Special purpose vehicle
ENABLING FUTURE SPV LTD,09-05-2019,M-HQ LTD,License cancelled,Special purpose vehicle
T14 AMS HOLDINGS LTD,09-05-2019,10 LEAVES LIMITED,Licensed,Special purpose vehicle
WHANAU INVESTMENT HOLDINGS LTD,09-05-2019,,Licensed,Special purpose vehicle
ITMAM HOLDING LIMITED,12-05-2019,CLARA FORMATIONS LIMITED,License cancelled,Special purpose vehicle
FRESH QUICK HOLDING 1 SPV LIMITED,12-05-2019,MAPLES FIDUCIARY SERVICES (MIDDLE EAST) LIMITED,Licensed,Special purpose vehicle
EAST COAST SHELLFISH HOLDING LTD,12-05-2019,CLARA FORMATIONS LIMITED,License cancelled,Special purpose vehicle
FRESH QUICK HOLDING 2 SPV LIMITED,12-05-2019,MAPLES FIDUCIARY SERVICES (MIDDLE EAST) LIMITED,Licensed,Special purpose vehicle
ALPLA MIDDLE EAST HOLDING SPV LTD,12-05-2019,,Licensed,Special purpose vehicle
OPTIMAZO HOLDINGS LIMITED,13-05-2019,M-HQ LTD,Licensed,Special purpose vehicle
LEXIRO INTERNATIONAL HOLDINGS LIMITED,13-05-2019,M-HQ LTD,Licensed,Special purpose vehicle
CAESTI MIDDLE EAST SPV LIMITED,13-05-2019,M-HQ LTD,License cancelled,Special purpose vehicle
VIBEO SPV LTD,13-05-2019,IDARAH CORPORATE LIMITED,Licensed,Special purpose vehicle
MUBADALA ENERGY (RED SEA BLOCK 4) HOLDING RSC LTD,13-05-2019,WALKERS PROFESSIONAL SERVICES (MIDDLE EAST) LIMITED,Licensed,Special purpose vehicle
MAJD MULTI-ASSET SPV LIMITED,14-05-2019,IDARAH CORPORATE LIMITED,Licensed,Special purpose vehicle
PLATINUM SANDS A 2019 RSC LIMITED,15-05-2019,,Licensed,Special purpose vehicle
MAVERICK INVESTMENT HOLDING LTD,15-05-2019,ACCLIME CORPORATE SERVICES LIMITED,Licensed,Special purpose vehicle
FOOTBALL DREAMS HOLDING LTD,15-05-2019,WALKERS PROFESSIONAL SERVICES (MIDDLE EAST) LIMITED,Licensed,Special purpose vehicle
COGNITA MIDDLE EAST REGIONAL HOLDINGS LIMITED,15-05-2019,EQUIOM CORPORATE SERVICES (MIDDLE EAST) LTD,Licensed,Special purpose vehicle
VPLATFORM HOLDING LIMITED,15-05-2019,CLARA FORMATIONS LIMITED,Licensed,Special purpose vehicle
KANOONY HOLDING LIMITED,16-05-2019,,License cancelled,Special purpose vehicle
BRITUS EDUCATION SPV LTD,18-05-2019,WALKERS PROFESSIONAL SERVICES (MIDDLE EAST) LIMITED,Licensed,Special purpose vehicle
ORBITAL AL REEF HOLDINGS LIMITED,19-05-2019,ACCLIME CORPORATE SERVICES LIMITED,License cancelled,Special purpose vehicle
TDS EG HOLDING LTD,19-05-2019,CLARA FORMATIONS LIMITED,License cancelled,Special purpose vehicle
ANGALA HOLDINGS LTD,19-05-2019,,License cancelled,Special purpose vehicle
DUMA HOLDINGS LTD,19-05-2019,,License cancelled,Special purpose vehicle
GALATEA FOUNDATION,19-05-2019,10 LEAVES LIMITED,Licensed,Foundation
FLOOR FOUNDATION,19-05-2019,10 LEAVES LIMITED,License cancelled,Foundation
PLATINUM CORNER B 2019 RSC LIMITED,23-05-2019,,Licensed,Special purpose vehicle
BRIGHT EDUCATION SPV LTD,23-05-2019,WALKERS PROFESSIONAL SERVICES (MIDDLE EAST) LIMITED,Licensed,Special purpose vehicle
ADCELERATERS HOLDING LIMITED,26-05-2019,,License cancelled,Special purpose vehicle
AFLAJ PROPCO HOLDING RSC LTD,26-05-2019,ASSISS LTD,Licensed,Special purpose vehicle
SOCRATES HOLDING LIMITED,27-05-2019,INP IBRAHIM N PARTNERS LEGAL CONSULTANCY LTD,Licensed,Special purpose vehicle
SQUAD PARTNERS GROUP HOLDING LTD,27-05-2019,,License cancelled,Special purpose vehicle
SANBOK HOLDING LTD,27-05-2019,ASSISS LTD,Licensed,Special purpose vehicle
G42 ENTERPRISES HOLDING RSC LTD,27-05-2019,,Licensed,Special purpose vehicle
AMUR HOLDING RSC LTD,27-05-2019,ACCLIME CORPORATE SERVICES LIMITED,License cancelled,Special purpose vehicle
DBO INVESTMENT HOLDING LIMITED,28-05-2019,,Licensed,Special purpose vehicle
FMC HOLDING CO LTD,29-05-2019,,Licensed,Special purpose vehicle
DIGITAL GLOBAL IP HOLDINGS LTD,29-05-2019,,License cancelled,Special purpose vehicle
KUIPER HOLDING II LIMITED,29-05-2019,,License cancelled,Special purpose vehicle
TECHNOVA HOLDING LTD,29-05-2019,WALKERS PROFESSIONAL SERVICES (MIDDLE EAST) LIMITED,Licensed,Special purpose vehicle
DRECFORD HOLDING LTD,29-05-2019,M-HQ LTD,Licensed,Special purpose vehicle
MK CAPITAL HOLDING LTD,30-05-2019,,License cancelled,Special purpose vehicle
YAS HILLS INTERNATIONAL HOLDINGS LTD,30-05-2019,,License cancelled,Special purpose vehicle
TERRA NOVA HOLDINGS LTD,09-06-2019,M-HQ LTD,License cancelled,Special purpose vehicle
CONSOLIDATED HOLDINGS LIMITED,09-06-2019,,License cancelled,Special purpose vehicle
MYCON HOLDING LIMITED,09-06-2019,WALKERS PROFESSIONAL SERVICES (MIDDLE EAST) LIMITED,License cancelled,Special purpose vehicle
BOUTIQUE HOLDING LIMITED,09-06-2019,,License cancelled,Special purpose vehicle
FINYAL MEDIA HOLDING LTD,10-06-2019,CLARA FORMATIONS LIMITED,License cancelled,Special purpose vehicle
SRQ FOI HOLDINGS LIMITED,10-06-2019,CLARA FORMATIONS LIMITED,Licensed,Special purpose vehicle
PL1 HOLDINGS LTD,11-06-2019,,Licensed,Special purpose vehicle
HSQ HOLDINGS LTD,11-06-2019,,Licensed,Special purpose vehicle
AL SUWAIDI FOUNDATION,11-06-2019,J. AWAN & PARTNERS LIMITED,Licensed,Foundation
AHMED ALMEHRZI HOLDINGS LIMITED,12-06-2019,CLARA FORMATIONS LIMITED,Licensed,Special purpose vehicle
MAHA FOUNDATION,12-06-2019,M-HQ LTD,License cancelled,Foundation
WATERWA HOLDINGS LTD,16-06-2019,CLARA FORMATIONS LIMITED,License cancelled,Special purpose vehicle
DFS HOLDING LIMITED,16-06-2019,CLARA FORMATIONS LIMITED,Licensed,Special purpose vehicle
THE OPEN CRATE HOLDING LTD,18-06-2019,CLARA FORMATIONS LIMITED,Licensed,Special purpose vehicle
SPARE TECHNOLOGIES HOLDING LIMITED,18-06-2019,CLARA FORMATIONS LIMITED,Licensed,Special purpose vehicle
AFLAK HOLDING RSC LTD,18-06-2019,ASSISS LTD,Licensed,Special purpose vehicle
GOLD DEN HOLDING LTD,19-06-2019,,License cancelled,Special purpose vehicle
STAR EDUCATION SPV LTD,19-06-2019,,Licensed,Special purpose vehicle
CARAVAN HOLDING LIMITED,19-06-2019,CLARA FORMATIONS LIMITED,License cancelled,Special purpose vehicle
FONDATION GOBIT FOUNDATION,19-06-2019,M-HQ LTD,License cancelled,Foundation
ALSAREE3 HOLDING COMPANY LTD,20-06-2019,CLARA FORMATIONS LIMITED,Licensed,Special purpose vehicle
EUROPEAN II HOSPITALITY HOLDING LIMITED,20-06-2019,INTERTRUST (MIDDLE EAST) LTD,Licensed,Special purpose vehicle
FONDATION AVENIR FOUNDATION,20-06-2019,M-HQ LTD,License cancelled,Foundation
SHERQ ENGINEERING HOLDING COMPANY LIMITED,22-06-2019,CLARA FORMATIONS LIMITED,License cancelled,Special purpose vehicle
CLARION HOLDING LIMITED,23-06-2019,,Licensed,Special purpose vehicle
STRAFTON HOLDINGS LIMITED,23-06-2019,ACCLIME CORPORATE SERVICES LIMITED,License cancelled,Special purpose vehicle
FUELME HOLDING LIMITED,23-06-2019,,License cancelled,Special purpose vehicle
RATIO PARTNERS HOLDING LIMITED,23-06-2019,,License cancelled,Special purpose vehicle
ADNOC MARKETING HOLDCO RSC LTD,23-06-2019,,Licensed,Special purpose vehicle
MANABE' INVESTMENT 1 HOLDING LIMITED,24-06-2019,,License cancelled,Special purpose vehicle
MOSHARAKA CAPITAL 1 HOLDING LIMITED,24-06-2019,,License cancelled,Special purpose vehicle
GLOBAL CAPITAL INVESTMENT HOLDING 1 LTD,24-06-2019,,License cancelled,Special purpose vehicle
MAJD REAL ESTATE SPV LTD,24-06-2019,IDARAH CORPORATE LIMITED,Licensed,Special purpose vehicle
JS INVESTMENT HOLDING LTD,24-06-2019,,License cancelled,Special purpose vehicle
TJV RSC LTD,24-06-2019,,Licensed,Special purpose vehicle
KNOX GROUP HOLDING ONSHORE LTD,25-06-2019,,Licensed,Special purpose vehicle
30 AVENUE GEORGES V HOLDING LTD,25-06-2019,ACCLIME CORPORATE SERVICES LIMITED,Licensed,Special purpose vehicle
WHITE LILY HOLDINGS LIMITED,25-06-2019,ROSEMONT PARTNERS CORPORATE SERVICES LIMITED,Licensed,Special purpose vehicle
MIC CAPITAL MANAGEMENT 73 RSC LTD,25-06-2019,MAPLES FIDUCIARY SERVICES (MIDDLE EAST) LIMITED,License cancelled,Special purpose vehicle
MIC CAPITAL MANAGEMENT 72 RSC LTD,25-06-2019,MAPLES FIDUCIARY SERVICES (MIDDLE EAST) LIMITED,Licensed,Special purpose vehicle
NGALA HOLDINGS LTD,26-06-2019,,License cancelled,Special purpose vehicle
WOMAN FITNESS HOLDING LIMITED,26-06-2019,,License cancelled,Special purpose vehicle
MART HOLDING LIMITED,26-06-2019,CLARA FORMATIONS LIMITED,License cancelled,Special purpose vehicle
TWENTY NINETEEN HOLDINGS LIMITED,26-06-2019,,Licensed,Special purpose vehicle
EKAR 971 HOLDING LIMITED,27-06-2019,CLARA FORMATIONS LIMITED,License cancelled,Special purpose vehicle
IRIS SPV LIMITED,27-06-2019,,Licensed,Special purpose vehicle
T ENTERTAINMENT HOLDING LIMITED,28-06-2019,,Licensed,Special purpose vehicle
THISTLE BUYER HOLDING SPV LIMITED,01-07-2019,MAPLES FIDUCIARY SERVICES (MIDDLE EAST) LIMITED,Licensed,Special purpose vehicle
KNOWLEDGE E HOLDINGS LTD,02-07-2019,CLARA FORMATIONS LIMITED,Licensed,Special purpose vehicle
CHATEAUSTONE LOCAL EQUITIES HOLDING LIMITED,02-07-2019,WALKERS PROFESSIONAL SERVICES (MIDDLE EAST) LIMITED,Licensed,Special purpose vehicle
BEUTI HOLDING LIMITED,03-07-2019,,License cancelled,Special purpose vehicle
EMIRAL INVESTMENTS SPV LTD,03-07-2019,ACCLIME CORPORATE SERVICES LIMITED,Licensed,Special purpose vehicle
THISTLE EDUCATION SPV LIMITED,03-07-2019,MAPLES FIDUCIARY SERVICES (MIDDLE EAST) LIMITED,Licensed,Special purpose vehicle
SHIFT AND CO SPV LIMITED,03-07-2019,CLARA FORMATIONS LIMITED,License cancelled,Special purpose vehicle
BHATIA INVESTMENT HOLDING LIMITED,03-07-2019,SANCTUARY CORPORATE SERVICES FZ LLC,Licensed,Special purpose vehicle
SONDER SPV LIMITED,06-07-2019,INTERTRUST (MIDDLE EAST) LTD,Licensed,Special purpose vehicle
WAFI ENERGY HOLDING LTD,06-07-2019,ACCLIME CORPORATE SERVICES LIMITED,Licensed,Special purpose vehicle
SINGLEVIEW HOLDING LIMITED,08-07-2019,CLARA FORMATIONS LIMITED,Licensed,Special purpose vehicle
UNION 50 LEASING LIMITED,08-07-2019,WALKERS PROFESSIONAL SERVICES (MIDDLE EAST) LIMITED,License cancelled,Special purpose vehicle
RAMCO FOUNDATION,08-07-2019,ELNAGGAR & PARTNERS LIMITED,License cancelled,Foundation
THARWA GROUP HOLDING COMPANY LTD,09-07-2019,MAPLES FIDUCIARY SERVICES (MIDDLE EAST) LIMITED,License cancelled,Special purpose vehicle
SKY GATE HOLDING LTD,10-07-2019,,License cancelled,Special purpose vehicle
MIC CAPITAL MANAGEMENT 74 RSC LTD,10-07-2019,WALKERS PROFESSIONAL SERVICES (MIDDLE EAST) LIMITED,Licensed,Special purpose vehicle
MIC CAPITAL MANAGEMENT 75 RSC LTD,10-07-2019,WALKERS PROFESSIONAL SERVICES (MIDDLE EAST) LIMITED,Licensed,Special purpose vehicle
MIC CAPITAL MANAGEMENT 69 RSC LTD,10-07-2019,WALKERS PROFESSIONAL SERVICES (MIDDLE EAST) LIMITED,Licensed,Special purpose vehicle
MIC CAPITAL MANAGEMENT 70 RSC LTD,10-07-2019,WALKERS PROFESSIONAL SERVICES (MIDDLE EAST) LIMITED,Licensed,Special purpose vehicle
MIC CAPITAL MANAGEMENT 68 RSC LTD,10-07-2019,WALKERS PROFESSIONAL SERVICES (MIDDLE EAST) LIMITED,Licensed,Special purpose vehicle
MIC CAPITAL MANAGEMENT 71 RSC LTD,10-07-2019,WALKERS PROFESSIONAL SERVICES (MIDDLE EAST) LIMITED,Licensed,Special purpose vehicle
BGZ HOLDINGS LIMITED,11-07-2019,MABA CORPORATE SERVICES LIMITED,Licensed,Special purpose vehicle
GO BUSINESS PLUS HOLDINGS LTD,13-07-2019,CLARA FORMATIONS LIMITED,Licensed,Special purpose vehicle
FADI SAFADI & SONS HOLDING LTD,14-07-2019,CLARA FORMATIONS LIMITED,Licensed,Special purpose vehicle
T&T HOLDING LTD,14-07-2019,ASSISS LTD,Licensed,Special purpose vehicle
BRITANNICA SOLUTIONS HOLDINGS LIMITED,15-07-2019,ACCLIME CORPORATE SERVICES LIMITED,License cancelled,Special purpose vehicle
NOMOREBOTTLES MENA HOLDING LIMITED,15-07-2019,,License cancelled,Special purpose vehicle
CHARTER CLICK HOLDING LIMITED,16-07-2019,ELNAGGAR & PARTNERS LIMITED,Licensed,Special purpose vehicle
FRANK PORTER HOLDING LTD,16-07-2019,CLARA FORMATIONS LIMITED,Licensed,Special purpose vehicle
PARAGON PROPERTIES HOLDING LTD,17-07-2019,M-HQ LTD,Licensed,Special purpose vehicle
IHC HOLDING RSC LTD,17-07-2019,CROWE MAK LLP,Licensed,Special purpose vehicle
AL BOUM HOLDINGS LIMITED,18-07-2019,CLARA FORMATIONS LIMITED,Licensed,Special purpose vehicle
CAPITAL TOWER HOLDINGS LIMITED,18-07-2019,,License cancelled,Special purpose vehicle
OUSHA BINT KHALIFA AL SUWAIDI (FATAT AL ARAB) FOUNDATION,18-07-2019,,Licensed,Foundation
GLOBAL TECH HUB SPV LIMITED,19-07-2019,,License cancelled,Special purpose vehicle
FOURDIRECTIONS INVESTMENTS HOLDINGS LTD,19-07-2019,,License cancelled,Special purpose vehicle
SEDCO PRIVATE HOLDINGS LTD,21-07-2019,M-HQ LTD,Licensed,Special purpose vehicle
AURUM LEASING SPV LIMITED,21-07-2019,ROSEMONT PARTNERS CORPORATE SERVICES LIMITED,Licensed,Special purpose vehicle
AJMCE HOLDING LTD,21-07-2019,CLARA FORMATIONS LIMITED,Licensed,Special purpose vehicle
EVERGREEN HOLDINGS LIMITED,22-07-2019,,License cancelled,Special purpose vehicle
SAQR PROPRIETARY INVESTMENTS LTD,22-07-2019,,License cancelled,Special purpose vehicle
THINK FUTURE HOLDINGS LIMITED,23-07-2019,ACCLIME CORPORATE SERVICES LIMITED,License cancelled,Special purpose vehicle
FERTILIZERS 1 HOLDING LIMITED,23-07-2019,CLARA FORMATIONS LIMITED,License cancelled,Special purpose vehicle
FERTILIZERS 2 HOLDING LIMITED,23-07-2019,CLARA FORMATIONS LIMITED,Licensed,Special purpose vehicle
UNION 51 LEASING LIMITED,23-07-2019,WALKERS PROFESSIONAL SERVICES (MIDDLE EAST) LIMITED,License cancelled,Special purpose vehicle
UNION 52 LEASING LIMITED,23-07-2019,WALKERS PROFESSIONAL SERVICES (MIDDLE EAST) LIMITED,License cancelled,Special purpose vehicle
UNION 53 LEASING LIMITED,23-07-2019,WALKERS PROFESSIONAL SERVICES (MIDDLE EAST) LIMITED,Licensed,Special purpose vehicle
SHUMUKH HOLDING LIMITED,24-07-2019,,License cancelled,Special purpose vehicle
BLAISE HOLDING LTD,24-07-2019,,License cancelled,Special purpose vehicle
ADNOC TRADING HOLDCO RSC LTD,24-07-2019,,Licensed,Special purpose vehicle
MAN INVESTMENTS SPV LIMITED,25-07-2019,,License cancelled,Special purpose vehicle
MARASI HOLDING RSC LIMITED,25-07-2019,,Licensed,Special purpose vehicle
BLOB TECH HOLDINGS LTD,28-07-2019,,Licensed,Special purpose vehicle
EH HEALTHCARE HOLDING SPV LTD,28-07-2019,,Licensed,Special purpose vehicle
FCH CAPITAL PARTNERS HOLDINGS 3 LTD,28-07-2019,CLARA FORMATIONS LIMITED,License cancelled,Special purpose vehicle
CARE 2 HOLDINGS LTD,28-07-2019,CLARA FORMATIONS LIMITED,License cancelled,Special purpose vehicle
FCH CAPITAL HOLDINGS 1 LTD,28-07-2019,CLARA FORMATIONS LIMITED,License cancelled,Special purpose vehicle
FCH CAPITAL PARTNERS HOLDINGS 4 LTD,28-07-2019,CLARA FORMATIONS LIMITED,License cancelled,Special purpose vehicle
ALTA VIDA MEDICAL HOLDINGS LIMITED,29-07-2019,,License cancelled,Special purpose vehicle
GRACE HOLDING LIMITED,29-07-2019,CLARA FORMATIONS LIMITED,Licensed,Special purpose vehicle
PETROMASTERS HOLDING LIMITED,29-07-2019,CLARA FORMATIONS LIMITED,License cancelled,Special purpose vehicle
RISE GROUP HOLDINGS LIMITED,30-07-2019,CLARA FORMATIONS LIMITED,Licensed,Special purpose vehicle
SR INVESTMENT HOLDINGS LIMITED,30-07-2019,,License cancelled,Special purpose vehicle
TELGANI HOLDING LIMITED,30-07-2019,WALKERS PROFESSIONAL SERVICES (MIDDLE EAST) LIMITED,Licensed,Special purpose vehicle
VORTEX RSC LTD,30-07-2019,,Licensed,Special purpose vehicle
OX ENTERPRISES RSC LIMITED,30-07-2019,,Licensed,Special purpose vehicle
AVANI GLOBAL HOLDINGS LIMITED,31-07-2019,,Licensed,Special purpose vehicle
PLACID HOLDINGS LIMITED,31-07-2019,ELNAGGAR & PARTNERS LIMITED,License cancelled,Special purpose vehicle
MARSA INVESTMENT HOLDINGS LTD,01-08-2019,,Licensed,Special purpose vehicle
NALA TECHNOLOGIES HOLDINGS LIMITED,02-08-2019,CLARA FORMATIONS LIMITED,License cancelled,Special purpose vehicle
PALMHR HOLDING LTD,02-08-2019,WALKERS PROFESSIONAL SERVICES (MIDDLE EAST) LIMITED,Licensed,Special purpose vehicle
VASE HOLDINGS LIMITED,06-08-2019,CLARA FORMATIONS LIMITED,Licensed,Special purpose vehicle
MTS HOLDING LIMITED,06-08-2019,,Licensed,Special purpose vehicle
MASDAR UK CHARGING INFRASTRUCTURE SPV RESTRICTED LTD,07-08-2019,WALKERS PROFESSIONAL SERVICES (MIDDLE EAST) LIMITED,Licensed,Special purpose vehicle
SIERRA ROCK HOLDINGS LTD,12-08-2019,ELNAGGAR & PARTNERS LIMITED,License cancelled,Special purpose vehicle
ALLURE HOLDING LIMITED,14-08-2019,CLARA FORMATIONS LIMITED,License cancelled,Special purpose vehicle
GAMESCAPADE HOLDINGS LIMITED,14-08-2019,M-HQ LTD,Licensed,Special purpose vehicle
AG COFFEE INTERNATIONAL SPV LIMITED,15-08-2019,10 LEAVES LIMITED,Licensed,Special purpose vehicle
SELECT ORGANIC HOLDINGS LIMITED,17-08-2019,ACCLIME CORPORATE SERVICES LIMITED,Licensed,Special purpose vehicle
WL HOLDINGS LTD,18-08-2019,CLARA FORMATIONS LIMITED,Licensed,Special purpose vehicle
INGSOC FOUNDATION,18-08-2019,AZHARI & ASSOCIATES LTD,License cancelled,Foundation
THE BICYCLE COMPANY HOLDINGS LIMITED,19-08-2019,CLARA FORMATIONS LIMITED,Licensed,Special purpose vehicle
AFC HOLDING LIMITED,19-08-2019,,License cancelled,Special purpose vehicle
CBBG GROUP SPV LIMITED,19-08-2019,CLARA FORMATIONS LIMITED,Licensed,Special purpose vehicle
SIRIUS HOLDINGS LIMITED,20-08-2019,CLARA FORMATIONS LIMITED,Licensed,Special purpose vehicle
CENTURY HOLDINGS LIMITED,21-08-2019,ACCLIME CORPORATE SERVICES LIMITED,License cancelled,Special purpose vehicle
CHIMERA I ONE SPV RSC LTD,22-08-2019,ASSISS LTD,Licensed,Special purpose vehicle
PAVILION TECHNOLOGIES HOLDING LIMITED,23-08-2019,SANCTUARY CORPORATE SERVICES FZ LLC,License cancelled,Special purpose vehicle
SVF II FEEDER GP (AD) HOLDINGS LTD,25-08-2019,WALKERS PROFESSIONAL SERVICES (MIDDLE EAST) LIMITED,License cancelled,Special purpose vehicle
HAMTEDZ SPV LTD,26-08-2019,MAPLES FIDUCIARY SERVICES (MIDDLE EAST) LIMITED,Licensed,Special purpose vehicle
FSK HEALTH HOLDING LTD,26-08-2019,M-HQ LTD,Licensed,Special purpose vehicle
FSK HEALTH 2 HOLDING LTD,26-08-2019,M-HQ LTD,Licensed,Special purpose vehicle
MIDDLE EAST HOLDING COMPANY LIMITED,27-08-2019,WALKERS PROFESSIONAL SERVICES (MIDDLE EAST) LIMITED,Licensed,Special purpose vehicle
AL WATANIA HOLDING LIMITED,27-08-2019,10 LEAVES LIMITED,License cancelled,Special purpose vehicle
AQUAPONICA HOLDING LIMITED,27-08-2019,CLARA FORMATIONS LIMITED,License cancelled,Special purpose vehicle
FJH HOLDINGS LIMITED,27-08-2019,CLARA FORMATIONS LIMITED,License cancelled,Special purpose vehicle
DANA HOSPITALITY RSC LIMITED,27-08-2019,,Licensed,Special purpose vehicle
ABU DHABI COMMUNITY FOUNDATION,27-08-2019,,License cancelled,Foundation
STEPPE INFRASTRUCTURE SPV LIMITED,28-08-2019,STROLLA LLP,Licensed,Special purpose vehicle
HOOLA HOLDING LIMITED,28-08-2019,,License cancelled,Special purpose vehicle
IKIGAI VENTURES HOLDING LIMITED,28-08-2019,,License cancelled,Special purpose vehicle
LEXICON SPV LIMITED,28-08-2019,M-HQ LTD,License cancelled,Special purpose vehicle
GLOBAL CLEAN AIR INITIATIVE FOUNDATION,28-08-2019,10 LEAVES LIMITED,Licensed,Foundation
DESERT WARRIOR HOLDINGS LIMITED,29-08-2019,M-HQ LTD,Licensed,Special purpose vehicle
CALE HOLDINGS LIMITED,01-09-2019,ACCLIME CORPORATE SERVICES LIMITED,Licensed,Special purpose vehicle
ALL IN INVESTMENTS HOLDING ME LTD,01-09-2019,,License cancelled,Special purpose vehicle
BLUE MAISON HOLDING SPV LTD,02-09-2019,,License cancelled,Special purpose vehicle
EMERALD HOLDING SPV LTD,02-09-2019,,License cancelled,Special purpose vehicle
CRISANTEMO FINE ART SPV LIMITED,02-09-2019,,License cancelled,Special purpose vehicle
HYBRID INTEGRATION HOLDING LTD,03-09-2019,,License cancelled,Special purpose vehicle
ONE HUNDRED AND FIVE INVESTMENT RSC LTD,03-09-2019,WALKERS PROFESSIONAL SERVICES (MIDDLE EAST) LIMITED,Licensed,Special purpose vehicle
MIP II (AD) GP HOLDING LIMITED,04-09-2019,WALKERS PROFESSIONAL SERVICES (MIDDLE EAST) LIMITED,License cancelled,Special purpose vehicle
TALEEM INTERNATIONAL HOLDING LIMITED,04-09-2019,MAPLES FIDUCIARY SERVICES (MIDDLE EAST) LIMITED,Licensed,Special purpose vehicle
SULFAH HOLDING LTD,04-09-2019,CLARA FORMATIONS LIMITED,Licensed,Special purpose vehicle
STELLINA SPV LIMITED,05-09-2019,CLARA FORMATIONS LIMITED,Licensed,Special purpose vehicle
AVIRA HOLDINGS LIMITED,05-09-2019,ACCLIME CORPORATE SERVICES LIMITED,Licensed,Special purpose vehicle
HYPER GAMMA HOLDINGS LIMITED,05-09-2019,,Licensed,Special purpose vehicle
SEVEN GATES SPV LIMITED,05-09-2019,CLARA FORMATIONS LIMITED,Licensed,Special purpose vehicle
THE CODE SPV LIMITED,05-09-2019,,License cancelled,Special purpose vehicle
ARABIA PICTURES GROUP HOLDINGS LTD,06-09-2019,CLARA FORMATIONS LIMITED,License cancelled,Special purpose vehicle
GET CARI HOLDING LTD,07-09-2019,AL TAMIMI & CO. CORPORATE SERVICES LIMITED,Licensed,Special purpose vehicle
CAVENDISH MAXWELL ME HOLDINGS LIMITED,08-09-2019,CLARA FORMATIONS LIMITED,Licensed,Special purpose vehicle
RV HOLDING LIMITED,09-09-2019,,License cancelled,Special purpose vehicle
HINA SPV LTD,10-09-2019,,Licensed,Special purpose vehicle
MANA SPV LTD,10-09-2019,,Licensed,Special purpose vehicle
LONO SPV LTD,10-09-2019,,Licensed,Special purpose vehicle
ARROYO HOLDING RSC LTD,10-09-2019,ASSISS LTD,Licensed,Special purpose vehicle
PLATINUM DATE C GP 2019 RSC LIMITED,10-09-2019,,Licensed,Special purpose vehicle
CHAVILA FOUNDATION,10-09-2019,M-HQ LTD,License cancelled,Foundation
TRIGEM HOLDINGS LIMITED,11-09-2019,J. AWAN & PARTNERS LIMITED,Licensed,Special purpose vehicle
KVC HOLDING LIMITED,12-09-2019,COUNSEL SERVICES LIMITED,Licensed,Special purpose vehicle
MILLENNIUM HOLDINGS LIMITED,12-09-2019,WALKERS PROFESSIONAL SERVICES (MIDDLE EAST) LIMITED,Licensed,Special purpose vehicle
ASIAN IA HOSPITALITY HOLDING LIMITED,12-09-2019,INTERTRUST (MIDDLE EAST) LTD,Licensed,Special purpose vehicle
MANTA HOSPITALITY HOLDING LIMITED,12-09-2019,INTERTRUST (MIDDLE EAST) LTD,Licensed,Special purpose vehicle
NIYAMO FAMILY FOUNDATION,12-09-2019,ELNAGGAR & PARTNERS LIMITED,License cancelled,Foundation
RANGER MOUNTAIN HOLDING LIMITED,15-09-2019,MABA CORPORATE SERVICES LIMITED,Licensed,Special purpose vehicle
QANTAR ONE HOLDINGS LTD,15-09-2019,,License cancelled,Special purpose vehicle
ARON INVESTMENT HOLDING LIMITED,15-09-2019,MAPLES FIDUCIARY SERVICES (MIDDLE EAST) LIMITED,Licensed,Special purpose vehicle
CONFLUENCE PARTNERS (HQ) RSC LTD,15-09-2019,,Licensed,Special purpose vehicle
CONFLUENCE PARTNERS REAL ESTATE RSC LTD,15-09-2019,,Licensed,Special purpose vehicle
SARY TECHNOLOGIES HOLDING LTD,16-09-2019,WALKERS PROFESSIONAL SERVICES (MIDDLE EAST) LIMITED,Licensed,Special purpose vehicle
KMARU HOLDINGS LIMITED,17-09-2019,,License cancelled,Special purpose vehicle
MAKASEB 2 REAL ESTATE INVESTMENTS SPV LIMITED,17-09-2019,OCORIAN CORPORATE SERVICES (ME) LIMITED,Licensed,Special purpose vehicle
OCIFERT ME HOLDING LTD,17-09-2019,CLARA FORMATIONS LIMITED,License cancelled,Special purpose vehicle
HAMAD RASHED SPV LTD,18-09-2019,,Licensed,Special purpose vehicle
HAMAD RASHED SPV 1 LTD,18-09-2019,,Licensed,Special purpose vehicle
HAMAD RASHED SPV 2 LTD,18-09-2019,,License cancelled,Special purpose vehicle
HAMAD RASHED SPV 3 LTD,18-09-2019,,License cancelled,Special purpose vehicle
HAMAD RASHED SPV 4 LTD,18-09-2019,,Licensed,Special purpose vehicle
AZ HOLDING LIMITED,18-09-2019,,Licensed,Special purpose vehicle
LULU 3 SPV LTD,18-09-2019,,Licensed,Special purpose vehicle
CONFLUENCE PARTNERS (OFFSHORE) RSC LTD,18-09-2019,,Licensed,Special purpose vehicle
CONFLUENCE PARTNERS (ONSHORE) RSC LTD,18-09-2019,,Licensed,Special purpose vehicle
MIRAGE HOLDINGS RSC LTD,19-09-2019,,Licensed,Special purpose vehicle
KOMOREBI FOUNDATION,20-09-2019,ELNAGGAR & PARTNERS LIMITED,License cancelled,Foundation
MABANY HOLDING LIMITED,22-09-2019,,License cancelled,Special purpose vehicle
LULU 1 SPV LTD,22-09-2019,,Licensed,Special purpose vehicle
LULU 2 SPV LTD,22-09-2019,,Licensed,Special purpose vehicle
AIX TEMPORA HOLDING LTD,23-09-2019,WALKERS PROFESSIONAL SERVICES (MIDDLE EAST) LIMITED,Licensed,Special purpose vehicle
KBBO HOLDINGS LTD,23-09-2019,,Licensed,Special purpose vehicle
KBBO INVESTMENTS SPV LTD,23-09-2019,,Licensed,Special purpose vehicle
KBBO SECURITIES HOLDINGS LTD,23-09-2019,,Licensed,Special purpose vehicle
CYST SPV LIMITED,23-09-2019,,License cancelled,Special purpose vehicle
LULU 4 SPV LTD,23-09-2019,,Licensed,Special purpose vehicle
LULU 5 SPV LTD,23-09-2019,,Licensed,Special purpose vehicle
LULU 6 SPV LTD,23-09-2019,,Licensed,Special purpose vehicle
LULU 7 SPV LTD,23-09-2019,,Licensed,Special purpose vehicle
LULU PROPERTIES SPV LTD,23-09-2019,,Licensed,Special purpose vehicle
DELTA HOLDING LTD,24-09-2019,,License cancelled,Special purpose vehicle
HAMAD RASHED CO 1 SPV LTD,24-09-2019,,Licensed,Special purpose vehicle
ADAPT VENTURES HOLDINGS LTD,24-09-2019,CLARA FORMATIONS LIMITED,License cancelled,Special purpose vehicle
KBBO EH SPV LTD,24-09-2019,,Licensed,Special purpose vehicle
HAIDER HOUSE HOLDINGS LIMITED,25-09-2019,,License cancelled,Special purpose vehicle
DARK STORES MENA HOLDING LIMITED,25-09-2019,,Licensed,Special purpose vehicle
G42 IPCO HOLDING RSC LTD,25-09-2019,,Licensed,Special purpose vehicle
ALCANTARA HOLDING LIMITED,28-09-2019,,License cancelled,Special purpose vehicle
SMB EH SPV LTD,28-09-2019,,Licensed,Special purpose vehicle
SYMPHONY GLOBAL HOLDINGS LIMITED,28-09-2019,ACCLIME CORPORATE SERVICES LIMITED,Licensed,Special purpose vehicle
SKELMORE HOLDINGS LIMITED,29-09-2019,M-HQ LTD,Licensed,Special purpose vehicle
MAPLE TREE FOUNDATION,30-09-2019,M-HQ LTD,Licensed,Foundation
SPLCO HOLDING LTD,01-10-2019,,License cancelled,Special purpose vehicle
AIR ONE HOLDINGS LTD,01-10-2019,10 LEAVES LIMITED,Licensed,Special purpose vehicle
ALFRED HOLDINGS LTD,01-10-2019,SANCTUARY CORPORATE SERVICES FZ LLC,Licensed,Special purpose vehicle
GEMLOCATORS PROPTECH GROUP HOLDING LTD,01-10-2019,CLARA FORMATIONS LIMITED,License cancelled,Special purpose vehicle
HAMAD RASHED CO 3 SPV LTD,01-10-2019,,License cancelled,Special purpose vehicle
HAMAD RASHED CO 4 SPV LTD,01-10-2019,,License cancelled,Special purpose vehicle
HAMAD RASHED CO 5 SPV LTD,03-10-2019,,License cancelled,Special purpose vehicle
HAMAD RASHED CO 6 SPV LTD,03-10-2019,,License cancelled,Special purpose vehicle
ELITE STRATEGIC PARTNERS HOLDING RSC LTD,04-10-2019,WALKERS PROFESSIONAL SERVICES (MIDDLE EAST) LIMITED,Licensed,Special purpose vehicle
DISC SPV LIMITED,06-10-2019,,Licensed,Special purpose vehicle
HAMAD RASHED CO 2 SPV LTD,06-10-2019,,Licensed,Special purpose vehicle
LA RESERVE SPV LIMITED,06-10-2019,M-HQ LTD,Licensed,Special purpose vehicle
MLE HOLDINGS RSC LIMITED,07-10-2019,,Licensed,Special purpose vehicle
HOWDEN GUARDIAN HOLDCO LIMITED,07-10-2019,CLARA FORMATIONS LIMITED,Licensed,Special purpose vehicle
THE BENTON GROUP HOLDINGS LIMITED,07-10-2019,ROSEMONT PARTNERS CORPORATE SERVICES LIMITED,Licensed,Special purpose vehicle
YASHMAK HOLDING LIMITED,08-10-2019,,License cancelled,Special purpose vehicle
AS INVESTMENTS HOLDING LTD,09-10-2019,ACCLIME CORPORATE SERVICES LIMITED,Licensed,Special purpose vehicle
PILON HOLDING RSC LIMITED,09-10-2019,,Licensed,Special purpose vehicle
KASHAT HOLDING LTD,10-10-2019,CLARA FORMATIONS LIMITED,Licensed,Special purpose vehicle
ADIO HOLDINGS RESTRICTED LTD,10-10-2019,,Licensed,Special purpose vehicle
PRUDENT INVESTMENT HOLDING LTD,10-10-2019,ACCLIME CORPORATE SERVICES LIMITED,Licensed,Special purpose vehicle
RASIN CAPITAL HOLDINGS LIMITED,10-10-2019,CLARA FORMATIONS LIMITED,Licensed,Special purpose vehicle
LULU 8 SPV LTD,12-10-2019,,Licensed,Special purpose vehicle
BLUESKY HOLDINGS LIMITED,13-10-2019,ACCLIME CORPORATE SERVICES LIMITED,License cancelled,Special purpose vehicle
QANTAR THREE HOLDINGS LTD,14-10-2019,,License cancelled,Special purpose vehicle
PLATINUM FORTRESS A 2019 RSC LIMITED,15-10-2019,,Licensed,Special purpose vehicle
GROWMOUNT HOLDINGS LIMITED,15-10-2019,,License cancelled,Special purpose vehicle
QANTAR TWO HOLDINGS LTD,15-10-2019,,License cancelled,Special purpose vehicle
AHOY HOLDING LTD,15-10-2019,IDARAH CORPORATE LIMITED,Licensed,Special purpose vehicle
AURUM FZ ONE SPV LIMITED,15-10-2019,ROSEMONT PARTNERS CORPORATE SERVICES LIMITED,Licensed,Special purpose vehicle
AURUM FZ TWO SPV LIMITED,15-10-2019,ROSEMONT PARTNERS CORPORATE SERVICES LIMITED,Licensed,Special purpose vehicle
ADMIRAL INVESTMENT RSC LTD,15-10-2019,,Licensed,Special purpose vehicle
INTELLIGENT B. HOLDING LTD,16-10-2019,,Licensed,Special purpose vehicle
CAFU HOLDING LTD,16-10-2019,,Licensed,Special purpose vehicle
URBAN HOLDING LTD,16-10-2019,,Licensed,Special purpose vehicle
AL REMAH INVESTMENTS RSC LIMITED,16-10-2019,,Licensed,Special purpose vehicle
OMEGA DIRECT RESTRICTED LTD,17-10-2019,,Licensed,Special purpose vehicle
OMEGA VENTURES RESTRICTED LTD,17-10-2019,,Licensed,Special purpose vehicle
UNBOX HOLDING LTD,20-10-2019,WALKERS PROFESSIONAL SERVICES (MIDDLE EAST) LIMITED,Licensed,Special purpose vehicle
FCH CAPITAL PARTNERS HOLDINGS 5 LTD,20-10-2019,CLARA FORMATIONS LIMITED,License cancelled,Special purpose vehicle
IUGIS HOLDINGS LIMITED,20-10-2019,CLARA FORMATIONS LIMITED,License cancelled,Special purpose vehicle
LFC INVESTORS HOLDING LTD,22-10-2019,CLARA FORMATIONS LIMITED,Licensed,Special purpose vehicle
MONTPASCAL FOUNDATION,22-10-2019,,Licensed,Foundation
MONSOON INVESTMENTS HOLDING LTD,23-10-2019,AMICORP ADVISORY LIMITED,Licensed,Special purpose vehicle
VIRTUAL I TECHNOLOGIES SPV LTD,23-10-2019,,License cancelled,Special purpose vehicle
LOAMZU FOUNDATION,23-10-2019,M-HQ LTD,License cancelled,Foundation
SPIRIT STAR HOLDING LTD,24-10-2019,,License cancelled,Special purpose vehicle
FRS SPV LIMITED,24-10-2019,WALKERS PROFESSIONAL SERVICES (MIDDLE EAST) LIMITED,Licensed,Special purpose vehicle
A&I HOLDING LIMITED,27-10-2019,,License cancelled,Special purpose vehicle
HY HOLDING LIMITED,28-10-2019,M-HQ LTD,Licensed,Special purpose vehicle
C HOLDINGS LIMITED,28-10-2019,,License cancelled,Special purpose vehicle
GF CORYS MIDDLE EAST LTD,29-10-2019,ELNAGGAR & PARTNERS LIMITED,Licensed,Special purpose vehicle
AGANYA HOLDINGS LTD,29-10-2019,10 LEAVES LIMITED,License cancelled,Special purpose vehicle
EQ2 VENTURES HOLDING LIMITED,29-10-2019,CLARA FORMATIONS LIMITED,Licensed,Special purpose vehicle
FCH CAPITAL PARTNERS HOLDINGS 6 LTD,29-10-2019,CLARA FORMATIONS LIMITED,License cancelled,Special purpose vehicle
GREBES AVIATION THREE SPV LIMITED,29-10-2019,,License cancelled,Special purpose vehicle
VAZIR HOLDING LIMITED,30-10-2019,M-HQ LTD,Licensed,Special purpose vehicle
TEJAS FALCON HOLDING LIMITED,30-10-2019,M-HQ LTD,License cancelled,Special purpose vehicle
UNIHIGH HOLDINGS LIMITED,03-11-2019,,License cancelled,Special purpose vehicle
JHEO HOLDING LTD,03-11-2019,COUNSEL SERVICES LIMITED,Licensed,Special purpose vehicle
SHORAGES HOLDING LTD,03-11-2019,CLARA FORMATIONS LIMITED,Licensed,Special purpose vehicle
VIM HOLDINGS SPV LIMITED,03-11-2019,STROLLA LLP,Licensed,Special purpose vehicle
MANAS HOLDINGS LTD,04-11-2019,,License cancelled,Special purpose vehicle
YELLOW DOOR ENERGY HOLDINGS INTERNATIONAL LTD,04-11-2019,CLARA FORMATIONS LIMITED,Licensed,Special purpose vehicle
M-HQ HOLDING LTD,04-11-2019,M-HQ LTD,Licensed,Special purpose vehicle
YELLOW DOOR ENERGY HOLDINGS MIDDLE EAST LTD,04-11-2019,CLARA FORMATIONS LIMITED,Licensed,Special purpose vehicle
CODEX HOLDINGS LTD,05-11-2019,,License cancelled,Special purpose vehicle
ALPHA ALPHA NOVEMBER HOLDINGS LIMITED,05-11-2019,,License cancelled,Special purpose vehicle
ROBUSTO CAPITAL HOLDINGS LIMITED,05-11-2019,,License cancelled,Special purpose vehicle
HIVE HOLDINGS LTD,05-11-2019,10 LEAVES LIMITED,Licensed,Special purpose vehicle
CHAUFR HOLDING LTD,05-11-2019,,License cancelled,Special purpose vehicle
SECOND TAKEN SEAT HOLDING LTD,06-11-2019,AL TAMIMI & CO. CORPORATE SERVICES LIMITED,Licensed,Special purpose vehicle
IMKAN WATER FRONT - THREE SPV LTD,06-11-2019,WALKERS PROFESSIONAL SERVICES (MIDDLE EAST) LIMITED,Licensed,Special purpose vehicle
SEVEN HOLDINGS LIMITED,06-11-2019,,License cancelled,Special purpose vehicle
IMKAN WATER FRONT - ONE SPV LTD,07-11-2019,WALKERS PROFESSIONAL SERVICES (MIDDLE EAST) LIMITED,Licensed,Special purpose vehicle
IMKAN WATER FRONT - TWO SPV LTD,07-11-2019,WALKERS PROFESSIONAL SERVICES (MIDDLE EAST) LIMITED,Licensed,Special purpose vehicle
PYRAMID RSC LTD,07-11-2019,,Licensed,Special purpose vehicle
TEMPERLEY ME HOLDINGS LIMITED,10-11-2019,M-HQ LTD,Licensed,Special purpose vehicle
CARRYIT HOLDING LIMITED,11-11-2019,,License cancelled,Special purpose vehicle
THMANYAH HOLDING LTD,12-11-2019,,License cancelled,Special purpose vehicle
OMATRO HOLDINGS LTD,12-11-2019,,License cancelled,Special purpose vehicle
V7 GROUP HOLDINGS LTD,13-11-2019,SANCTUARY CORPORATE SERVICES FZ LLC,License cancelled,Special purpose vehicle
KASAMAR HOLDINGS KK3 LTD,13-11-2019,,Licensed,Special purpose vehicle
SABA ENERGY I HOLDINGS LIMITED,13-11-2019,,License cancelled,Special purpose vehicle
SABA ENERGY II HOLDINGS LIMITED,13-11-2019,,License cancelled,Special purpose vehicle
BIOSCIENCE HOLDING LIMITED,14-11-2019,ACCLIME CORPORATE SERVICES LIMITED,License cancelled,Special purpose vehicle
PLATINUM SCORPION B 2019 RSC LIMITED,14-11-2019,,Licensed,Special purpose vehicle
TIGER PARK HOLDING LTD,16-11-2019,ACCLIME CORPORATE SERVICES LIMITED,License cancelled,Special purpose vehicle
AS1 INVESTMENTS HOLDING LTD,16-11-2019,ACCLIME CORPORATE SERVICES LIMITED,Licensed,Special purpose vehicle
BLUE OCEAN HEALTH SPV LTD,17-11-2019,CSP GROUP LTD,Licensed,Special purpose vehicle
WOLSEY HOLDINGS LIMITED,17-11-2019,,License cancelled,Special purpose vehicle
WONDER ICE CREAM HOLDING LIMITED,19-11-2019,MAPLES FIDUCIARY SERVICES (MIDDLE EAST) LIMITED,Licensed,Special purpose vehicle
CONTINENTAL FOOD HOLDING LIMITED,19-11-2019,MAPLES FIDUCIARY SERVICES (MIDDLE EAST) LIMITED,Licensed,Special purpose vehicle
AVIATION LOAN INVESTMENT HOLDINGS COMPANY LIMITED,19-11-2019,,Licensed,Special purpose vehicle
ADCP SPV 01 LIMITED,19-11-2019,WALKERS PROFESSIONAL SERVICES (MIDDLE EAST) LIMITED,Licensed,Special purpose vehicle
ADCP SPV 02 LIMITED,19-11-2019,WALKERS PROFESSIONAL SERVICES (MIDDLE EAST) LIMITED,License cancelled,Special purpose vehicle
INCA HOLDING RSC LIMITED,20-11-2019,,Licensed,Special purpose vehicle
SUMMIT HOLDING RSC LIMITED,20-11-2019,,Licensed,Special purpose vehicle
MIC CAPITAL PARTNERS IM (AD) LIMITED,21-11-2019,WALKERS PROFESSIONAL SERVICES (MIDDLE EAST) LIMITED,Licensed,Special purpose vehicle
INHOVATE SOLUTIONS HOLDINGS LTD,21-11-2019,,Licensed,Special purpose vehicle
PINE HOLDINGS RSC LIMITED,21-11-2019,,Licensed,Special purpose vehicle
ADVANCED REGIONAL COMMUNICATION SOLUTIONS HOLDING LIMITED,23-11-2019,10 LEAVES LIMITED,Licensed,Special purpose vehicle
A&N HOLDINGS LIMITED,23-11-2019,,License cancelled,Special purpose vehicle
STELLINA STAR SPV LIMITED,24-11-2019,CLARA FORMATIONS LIMITED,License cancelled,Special purpose vehicle
FAHEEM HOLDINGS LIMITED,25-11-2019,CLARA FORMATIONS LIMITED,Licensed,Special purpose vehicle
OPTIVA HOLDING LIMITED,25-11-2019,CLARA FORMATIONS LIMITED,License cancelled,Special purpose vehicle
INTEGRATED SPORTS HOLDING LTD,25-11-2019,CLARA FORMATIONS LIMITED,Licensed,Special purpose vehicle
MEDSHED HOLDING LTD,25-11-2019,CLARA FORMATIONS LIMITED,License cancelled,Special purpose vehicle
MM HOLDING GROUP LIMITED,26-11-2019,CLARA FORMATIONS LIMITED,Licensed,Special purpose vehicle
WABASH SPV LTD,27-11-2019,WALKERS PROFESSIONAL SERVICES (MIDDLE EAST) LIMITED,Licensed,Special purpose vehicle
ELEVEN ELEVEN FOUNDATION,27-11-2019,CLARA FORMATIONS LIMITED,Licensed,Foundation
THE CHEFZ SPV LTD,28-11-2019,WALKERS PROFESSIONAL SERVICES (MIDDLE EAST) LIMITED,Licensed,Special purpose vehicle
DYNALUX SPV HOLDING LIMITED,28-11-2019,,License cancelled,Special purpose vehicle
SHAHEEN INNOVATIONS HOLDING LIMITED,28-11-2019,,Licensed,Special purpose vehicle
BANNER HOLDINGS RSC LIMITED,28-11-2019,,Licensed,Special purpose vehicle
ATLANTIC PACKAGING MENA HOLDING LIMITED,04-12-2019,,License cancelled,Special purpose vehicle
TRADIMO SPV LIMITED,05-12-2019,M-HQ LTD,Licensed,Special purpose vehicle
EMAAR DS1 RSC LTD,08-12-2019,WALKERS PROFESSIONAL SERVICES (MIDDLE EAST) LIMITED,License cancelled,Special purpose vehicle
EMTF SPV LTD,08-12-2019,,License cancelled,Special purpose vehicle
SSV HOLDINGS LIMITED,08-12-2019,WALKERS PROFESSIONAL SERVICES (MIDDLE EAST) LIMITED,License cancelled,Special purpose vehicle
GW CAFÉ HOLDING LIMITED,08-12-2019,M-HQ LTD,Licensed,Special purpose vehicle
EMAAR EMR HOLDING LTD,08-12-2019,WALKERS PROFESSIONAL SERVICES (MIDDLE EAST) LIMITED,License cancelled,Special purpose vehicle
PARADOX ENERGY HOLDINGS LIMITED,08-12-2019,CLARA FORMATIONS LIMITED,Licensed,Special purpose vehicle
NEO HOLDING LIMITED,09-12-2019,10 LEAVES LIMITED,License cancelled,Special purpose vehicle
PURAVIDA FOUNDATION,09-12-2019,AZHARI & ASSOCIATES LTD,License cancelled,Foundation
LETO INTERNATIONAL SPV LTD,10-12-2019,,License cancelled,Special purpose vehicle
MYHOME TECHNOLOGIES SPV LTD,11-12-2019,WALKERS PROFESSIONAL SERVICES (MIDDLE EAST) LIMITED,Licensed,Special purpose vehicle
SHAHEEN IP PORTFOLIO HOLDING LIMITED,11-12-2019,,Licensed,Special purpose vehicle
MASDAR TRIBE ENERGY WESTERN AUSTRALIAN HOLDINGS RSC LIMITED,11-12-2019,,Licensed,Special purpose vehicle
MASDAR TRIBE ENERGY HOLDINGS RSC LIMITED,11-12-2019,,Licensed,Special purpose vehicle
PYRAMIDS HOLDING LIMITED,12-12-2019,STROLLA LLP,License cancelled,Special purpose vehicle
QUANTUM HOLDING LTD,12-12-2019,SWISS GROUP LEGAL LTD,Licensed,Special purpose vehicle
HIVE INVESTMENT SPV LTD,14-12-2019,10 LEAVES LIMITED,Licensed,Special purpose vehicle
M HOLDING LIMITED,15-12-2019,M-HQ LTD,Licensed,Special purpose vehicle
PLATINUM HYDRA A 2019 RSC LIMITED,16-12-2019,,Licensed,Special purpose vehicle
ACCEL UNO SPV HOLDING LIMITED,16-12-2019,,License cancelled,Special purpose vehicle
FIZARI HOLDING LIMITED,17-12-2019,,License cancelled,Special purpose vehicle
INFINITY INVESTMENT HOLDINGS RSC LIMITED,18-12-2019,,Licensed,Special purpose vehicle
WAVE HOLDINGS RSC LIMITED,18-12-2019,,Licensed,Special purpose vehicle
REWAA TECHNOLOGY HOLDING LTD,19-12-2019,WALKERS PROFESSIONAL SERVICES (MIDDLE EAST) LIMITED,Licensed,Special purpose vehicle
ELMAR CAPITAL SPV LIMITED,19-12-2019,,Licensed,Special purpose vehicle
AL MERSAH INVESTMENTS RSC LIMITED,19-12-2019,,Licensed,Special purpose vehicle
ENHANCE GROUP HOLDING COMPANY LIMITED,23-12-2019,M-HQ LTD,Licensed,Special purpose vehicle
UNION 54 LEASING LIMITED,23-12-2019,WALKERS PROFESSIONAL SERVICES (MIDDLE EAST) LIMITED,License cancelled,Special purpose vehicle
IGS FOUNDATION,23-12-2019,10 LEAVES LIMITED,License cancelled,Foundation
PLATINUM STAR B 2015 RSC LIMITED,24-12-2019,,Licensed,Special purpose vehicle
DJETOPS HOLDING LIMITED,26-12-2019,,License cancelled,Special purpose vehicle
PROCOM SPV LIMITED,29-12-2019,10 LEAVES LIMITED,Licensed,Special purpose vehicle
WICK INTERNATIONAL HOLDING LIMITED,30-12-2019,,License cancelled,Special purpose vehicle
HIVE SPV LTD,31-12-2019,10 LEAVES LIMITED,Licensed,Special purpose vehicle
Y INTERNATIONAL HOLDINGS LIMITED,31-12-2019,,Licensed,Special purpose vehicle
AL FAHIM VENTURES SPV LIMITED,02-01-2020,MAPLES FIDUCIARY SERVICES (MIDDLE EAST) LIMITED,Licensed,Special purpose vehicle
JASHANMAL HOLDINGS LTD,04-01-2020,CLARA FORMATIONS LIMITED,Licensed,Special purpose vehicle
ROKEN ALKHALIG HOLDINGS RSC LTD,04-01-2020,,Licensed,Special purpose vehicle
DUSK INVESTMENT HOLDING LIMITED,06-01-2020,ACCLIME CORPORATE SERVICES LIMITED,Licensed,Special purpose vehicle
GSOLAR HOLDING LIMITED,07-01-2020,10 LEAVES LIMITED,Licensed,Special purpose vehicle
SYA HOLDINGS PVT. LTD,07-01-2020,INP IBRAHIM N PARTNERS LEGAL CONSULTANCY LTD,Licensed,Special purpose vehicle
MASDAR MAROC RSC LIMITED,07-01-2020,WALKERS PROFESSIONAL SERVICES (MIDDLE EAST) LIMITED,Licensed,Special purpose vehicle
AJUMARA INVESTMENT HOLDING LIMITED,08-01-2020,ACCLIME CORPORATE SERVICES LIMITED,License cancelled,Special purpose vehicle
VPS HEALTHCARE HOLDINGS PVT. LTD,08-01-2020,INP IBRAHIM N PARTNERS LEGAL CONSULTANCY LTD,Licensed,Special purpose vehicle
BURJEEL MANAGEMENT PVT. LIMITED,08-01-2020,INP IBRAHIM N PARTNERS LEGAL CONSULTANCY LTD,Licensed,Special purpose vehicle
THE FIN ABLER CAPITAL HOLDINGS LIMITED,09-01-2020,,Licensed,Special purpose vehicle
ABDULLAH HOMOUD FAISAL SPV LTD,09-01-2020,,License cancelled,Special purpose vehicle
THE AA FOUNDATION,11-01-2020,,License cancelled,Foundation
AFNA HOLDINGS LIMITED,12-01-2020,,License cancelled,Special purpose vehicle
DAWN MOUNTAIN CAPITAL HOLDINGS LIMITED,13-01-2020,CLARA FORMATIONS LIMITED,License cancelled,Special purpose vehicle
WORLD OF NAZ HOLDING LTD,14-01-2020,CLARA FORMATIONS LIMITED,License cancelled,Special purpose vehicle
VIKINGS INVESTMENT HOLDING LIMITED,14-01-2020,CLARA FORMATIONS LIMITED,Licensed,Special purpose vehicle
C&W HOLDING LTD,14-01-2020,INP IBRAHIM N PARTNERS LEGAL CONSULTANCY LTD,License cancelled,Special purpose vehicle
ONE HUNDRED AND SIX INVESTMENT RSC LTD,14-01-2020,WALKERS PROFESSIONAL SERVICES (MIDDLE EAST) LIMITED,Licensed,Special purpose vehicle
ONE HUNDRED AND SEVEN INVESTMENT RSC LTD,14-01-2020,WALKERS PROFESSIONAL SERVICES (MIDDLE EAST) LIMITED,Licensed,Special purpose vehicle
SP HOLDING LTD,15-01-2020,CLARA FORMATIONS LIMITED,Licensed,Special purpose vehicle
J.S. HELD MENA HOLDING LTD,15-01-2020,10 LEAVES LIMITED,License cancelled,Special purpose vehicle
LECB HOLDINGS LIMITED,16-01-2020,,License cancelled,Special purpose vehicle
COGNITIVE ADSCIENCE HOLDINGS LTD,16-01-2020,CLARA FORMATIONS LIMITED,License cancelled,Special purpose vehicle
PT ARABIA HOLDING LTD,16-01-2020,,Licensed,Special purpose vehicle
GREEN BEACON HOLDING LIMITED,16-01-2020,10 LEAVES LIMITED,License cancelled,Special purpose vehicle
LIGHTHOUSE HOLDING LIMITED,16-01-2020,10 LEAVES LIMITED,License cancelled,Special purpose vehicle
TABBI CAT HOLDINGS LTD,16-01-2020,CLARA FORMATIONS LIMITED,License cancelled,Special purpose vehicle
AAA WARRANTY SERVICES HOLDINGS LTD,18-01-2020,,License cancelled,Special purpose vehicle
SANCTUARY HOLDINGS LIMITED,18-01-2020,SANCTUARY CORPORATE SERVICES FZ LLC,License cancelled,Special purpose vehicle
BALQUIS PROPERTIES HOLDINGS LIMITED,19-01-2020,OCORIAN CORPORATE SERVICES (ME) LIMITED,License cancelled,Special purpose vehicle
LEGACY FOUNDATION,19-01-2020,M-HQ LTD,Licensed,Foundation
GLOBTECH INVESTMENT HOLDINGS LIMITED,20-01-2020,CLARA FORMATIONS LIMITED,Licensed,Special purpose vehicle
FSC HOLDING LIMITED,20-01-2020,CLARA FORMATIONS LIMITED,License cancelled,Special purpose vehicle
SRQ TK SERIES A HOLDINGS LIMITED,20-01-2020,,Licensed,Special purpose vehicle
WHITE FIELD HOLDING LIMITED,22-01-2020,,License cancelled,Special purpose vehicle
PARAGON HOLDINGS LIMITED,23-01-2020,CLARA FORMATIONS LIMITED,License cancelled,Special purpose vehicle
PARAGON HOLDINGS II LIMITED,23-01-2020,CLARA FORMATIONS LIMITED,License cancelled,Special purpose vehicle
EKAR 9716 HOLDING LIMITED,23-01-2020,CLARA FORMATIONS LIMITED,License cancelled,Special purpose vehicle
MCM INVESTMENT HOLDING LTD,23-01-2020,CLARA FORMATIONS LIMITED,Licensed,Special purpose vehicle
TAMANOIR HOLDING SPV LIMITED,26-01-2020,,Licensed,Special purpose vehicle
CARETECH HOLDINGS LIMITED,26-01-2020,EQUIOM CORPORATE SERVICES (MIDDLE EAST) LTD,Licensed,Special purpose vehicle
THINK DIGITAL HOLDING LTD,27-01-2020,CLARA FORMATIONS LIMITED,Licensed,Special purpose vehicle
COVE BEACH HOLDINGS LIMITED,27-01-2020,,Licensed,Special purpose vehicle
GTLK MIDDLE EAST SPV ONE LIMITED,27-01-2020,ROSEMONT PARTNERS CORPORATE SERVICES LIMITED,Licensed,Special purpose vehicle
GTLK MIDDLE EAST SPV TWO LIMITED,27-01-2020,ROSEMONT PARTNERS CORPORATE SERVICES LIMITED,Licensed,Special purpose vehicle
LOAMZU HOLDINGS LIMITED,27-01-2020,,License cancelled,Special purpose vehicle
HOLDCO SPV LIMITED,27-01-2020,10 LEAVES LIMITED,Licensed,Special purpose vehicle
SANCTUARY HOLDCO LTD,27-01-2020,SANCTUARY CORPORATE SERVICES FZ LLC,License cancelled,Special purpose vehicle
BOLD TECHNOLOGIES HOLDING LIMITED,28-01-2020,,License cancelled,Special purpose vehicle
CHESTERTONS GLOBAL FRANCHISE HOLDINGS LIMITED,28-01-2020,CLARA FORMATIONS LIMITED,Licensed,Special purpose vehicle
CHESTERTONS FRANCHISE HOLDINGS LIMITED,28-01-2020,,License cancelled,Special purpose vehicle
GREENISH CO. HOLDING LTD,28-01-2020,,License cancelled,Special purpose vehicle
ALLIED HOLDING LIMITED,28-01-2020,,Licensed,Special purpose vehicle
MUKULA HOLDING LIMITED,28-01-2020,,License cancelled,Special purpose vehicle
FRONT ROW HOLDING LIMITED,28-01-2020,CLARA FORMATIONS LIMITED,Licensed,Special purpose vehicle
ZERO & ONE HOLDING LIMITED,28-01-2020,PEREGRINE CORPORATE SERVICES LTD,Licensed,Special purpose vehicle
RSP ENERGIES HOLDING RSC LTD,28-01-2020,WALKERS PROFESSIONAL SERVICES (MIDDLE EAST) LIMITED,Licensed,Special purpose vehicle
ROPE HOLDINGS RSC LIMITED,28-01-2020,,Licensed,Special purpose vehicle
ICON INVESTMENTS HOLDINGS LIMITED,01-02-2020,,License cancelled,Special purpose vehicle
PLATINUM GRANITE B GP 2020 RSC LIMITED,02-02-2020,,Licensed,Special purpose vehicle
QPARTS HOLDING LIMITED,02-02-2020,CLARA FORMATIONS LIMITED,Licensed,Special purpose vehicle
EEMA HOLDING LIMITED,02-02-2020,M-HQ LTD,Licensed,Special purpose vehicle
QAZ42 INVESTMENT SPV RSC LTD,02-02-2020,,License cancelled,Special purpose vehicle
ZETTA SYSTEMS HOLDING LTD,03-02-2020,,License cancelled,Special purpose vehicle
MAKASEB 3 REAL ESTATE INVESTMENTS SPV LIMITED,04-02-2020,OCORIAN CORPORATE SERVICES (ME) LIMITED,Licensed,Special purpose vehicle
M & SH FOUNDATION,04-02-2020,CROWE MAK LLP,Licensed,Foundation
ARAB CENTER FOR ENGINEERING STUDIES HOLDINGS LTD,06-02-2020,,Licensed,Special purpose vehicle
AVENUE GLOBAL OPPORTUNITIES GENPAR HOLDINGS LTD,06-02-2020,,Licensed,Special purpose vehicle
RADIUS GROUP HOLDING LIMITED,06-02-2020,,License cancelled,Special purpose vehicle
CARE O VALVE HOLDINGS LIMITED,10-02-2020,M-HQ LTD,Licensed,Special purpose vehicle
IFW F&B SPV LIMITED,11-02-2020,,License cancelled,Special purpose vehicle
DELIVERY HERO KITCHENS MENA HOLDING LIMITED,11-02-2020,,Licensed,Special purpose vehicle
BUG HOLDING LTD,11-02-2020,CLARA FORMATIONS LIMITED,License cancelled,Special purpose vehicle
XACORUS FOUNDATION,12-02-2020,HISTORY LIMITED,Licensed,Foundation
TA3MOLAT HOLDINGS LTD,13-02-2020,CLARA FORMATIONS LIMITED,Licensed,Special purpose vehicle
TMAK HOLDINGS LTD,15-02-2020,CLARA FORMATIONS LIMITED,License cancelled,Special purpose vehicle
ADCP SPV 03 LIMITED,15-02-2020,WALKERS PROFESSIONAL SERVICES (MIDDLE EAST) LIMITED,License cancelled,Special purpose vehicle
IQ GROUP HOLDINGS LIMITED,16-02-2020,,License cancelled,Special purpose vehicle
ABFAB HOLDING LTD,16-02-2020,CLARA FORMATIONS LIMITED,License cancelled,Special purpose vehicle
ENTERPRISE DEVELOPMENTS HOLDING LIMITED,17-02-2020,ACCLIME CORPORATE SERVICES LIMITED,Licensed,Special purpose vehicle
SDS INVESTMENT HOLDING LIMITED,17-02-2020,ACCLIME CORPORATE SERVICES LIMITED,Licensed,Special purpose vehicle
ZANJABEEL HOLDINGS LIMITED,18-02-2020,CLARA FORMATIONS LIMITED,License cancelled,Special purpose vehicle
FNB PROPRIETARY INVESTMENTS LIMITED,18-02-2020,MAPLES FIDUCIARY SERVICES (MIDDLE EAST) LIMITED,Licensed,Special purpose vehicle
THUMBAY HOLDING LIMITED,18-02-2020,10 LEAVES LIMITED,License cancelled,Special purpose vehicle
THUMBAY ACADEMIC HOSPITALS HOLDINGS LTD,18-02-2020,10 LEAVES LIMITED,License cancelled,Special purpose vehicle
CYBONIX HOLDINGS LIMITED,19-02-2020,ACCLIME CORPORATE SERVICES LIMITED,License cancelled,Special purpose vehicle
STRIPE HOLDINGS RSC LIMITED,19-02-2020,,Licensed,Special purpose vehicle
PLATINUM WOLVERINE B 2020 RSC LIMITED,20-02-2020,,Licensed,Special purpose vehicle
MUNTAHA HOLDING LIMITED,20-02-2020,,License cancelled,Special purpose vehicle
TAWAREF INVESTMENT HOLDING LIMITED,20-02-2020,CLARA FORMATIONS LIMITED,License cancelled,Special purpose vehicle
TWO SIX FOUNDATION,20-02-2020,M-HQ LTD,Licensed,Foundation
TARABUT HOLDING LIMITED,22-02-2020,IDARAH CORPORATE LIMITED,Licensed,Special purpose vehicle
NOMAD 7 VENTURES HOLDING LIMITED,23-02-2020,,License cancelled,Special purpose vehicle
URBN FARM HOLDINGS LTD,23-02-2020,CLARA FORMATIONS LIMITED,License cancelled,Special purpose vehicle
VIKEN AURUM SHIPOWNERS HOLDINGS LIMITED,23-02-2020,WALKERS PROFESSIONAL SERVICES (MIDDLE EAST) LIMITED,Licensed,Special purpose vehicle
THE HEALERS' HOLDING LIMITED,23-02-2020,10 LEAVES LIMITED,Licensed,Special purpose vehicle
MARIAM ISMAEIL SPV LIMITED,23-02-2020,,Licensed,Special purpose vehicle
MESHARI ABDULLAH SPV LIMITED,23-02-2020,,Licensed,Special purpose vehicle
AV PARTNERS HOLDING LIMITED,24-02-2020,SANCTUARY CORPORATE SERVICES FZ LLC,License cancelled,Special purpose vehicle
CARASTI HOLDING LTD,24-02-2020,CLARA FORMATIONS LIMITED,Licensed,Special purpose vehicle
PROP LAB INVESTMENT HOLDING LIMITED,25-02-2020,ACCLIME CORPORATE SERVICES LIMITED,Licensed,Special purpose vehicle
UTECH HOLDING LIMITED,25-02-2020,10 LEAVES LIMITED,Licensed,Special purpose vehicle
INVESTSTOCK HOLDING LIMITED,25-02-2020,,Licensed,Special purpose vehicle
ABU DHABI MARINE INTERNATIONAL HOLDINGS RSC LIMITED,26-02-2020,,Licensed,Special purpose vehicle
ABU DHABI MARINE INTERNATIONAL OPERATIONS HOLDINGS RSC LIMITED,26-02-2020,,Licensed,Special purpose vehicle
ABU DHABI MARINE INTERNATIONAL CHARTERING HOLDINGS RSC LIMITED,26-02-2020,,Licensed,Special purpose vehicle
INFINITY VISION HOLDING LIMITED,26-02-2020,,License cancelled,Special purpose vehicle
ARAB CENTER FOR ENGINEERING STUDIES GROUP HOLDINGS LTD,26-02-2020,,Licensed,Special purpose vehicle
WADI VENTURES 3 SPV LIMITED,27-02-2020,,License cancelled,Special purpose vehicle
MATOTO INVESTMENTS SPV LIMITED,29-02-2020,CLARA FORMATIONS LIMITED,License cancelled,Special purpose vehicle
HIVE SPV 1 LTD,29-02-2020,10 LEAVES LIMITED,Licensed,Special purpose vehicle
GORGON HOLDINGS RSC LIMITED,01-03-2020,,Licensed,Special purpose vehicle
PAXAI HOLDING RSC LTD,01-03-2020,,License cancelled,Special purpose vehicle
KROMA HOLDING LIMITED,02-03-2020,IDARAH CORPORATE LIMITED,Licensed,Special purpose vehicle
ASMA INC. HOLDING LTD,02-03-2020,CLARA FORMATIONS LIMITED,License cancelled,Special purpose vehicle
INDEX HOLDINGS RSC LIMITED,02-03-2020,,Licensed,Special purpose vehicle
TANAJIB COGENERATION HOLDING COMPANY LIMITED,03-03-2020,WALKERS PROFESSIONAL SERVICES (MIDDLE EAST) LIMITED,Licensed,Special purpose vehicle
PLATINUM OSPREY B 2020 RSC LIMITED,03-03-2020,,Licensed,Special purpose vehicle
SWIFT ARROW INVESTMENT HOLDING LIMITED,04-03-2020,BANKS LEGAL LIMITED,Licensed,Special purpose vehicle
IB VOGT MEA 1 SPV LIMITED,04-03-2020,10 LEAVES LIMITED,License cancelled,Special purpose vehicle
CAFU INTERNATIONAL HOLDING LTD,05-03-2020,,Licensed,Special purpose vehicle
LABAYH HOLDING LTD,09-03-2020,WALKERS PROFESSIONAL SERVICES (MIDDLE EAST) LIMITED,Licensed,Special purpose vehicle
COVE BAY CAPITAL HOLDING LIMITED,09-03-2020,,License cancelled,Special purpose vehicle
OPORTO MIDDLE EAST HOLDINGS LTD,09-03-2020,,License cancelled,Special purpose vehicle
ENERGY MASTERS HOLDING LIMITED,09-03-2020,CLARA FORMATIONS LIMITED,Licensed,Special purpose vehicle
YOVZA GROUP HOLDINGS LTD,09-03-2020,CLARA FORMATIONS LIMITED,License cancelled,Special purpose vehicle
NYM TECHNOLOGIES HOLDING LIMITED,09-03-2020,CLARA FORMATIONS LIMITED,Licensed,Special purpose vehicle
PINTA I HOLDINGS LIMITED,09-03-2020,ROSEMONT PARTNERS CORPORATE SERVICES LIMITED,License cancelled,Special purpose vehicle
NUTRIVATION HOLDING LIMITED,09-03-2020,,Licensed,Special purpose vehicle
TRIFRATRUM HOLDING LIMITED,10-03-2020,,License cancelled,Special purpose vehicle
ORIONGREEN LIMITED,10-03-2020,,Licensed,Special purpose vehicle
ONE HUNDRED AND EIGHT INVESTMENT RSC LTD,12-03-2020,WALKERS PROFESSIONAL SERVICES (MIDDLE EAST) LIMITED,Licensed,Special purpose vehicle
SOLOUQ ME HOLDING LIMITED,14-03-2020,CLARA FORMATIONS LIMITED,License cancelled,Special purpose vehicle
JEKT HOLDINGS LIMITED,15-03-2020,,License cancelled,Special purpose vehicle
BARBOOKS HOLDINGS LTD,15-03-2020,CLARA FORMATIONS LIMITED,Licensed,Special purpose vehicle
PLATINUM REFIDEX B GP 2020 RSC LIMITED,15-03-2020,,Licensed,Special purpose vehicle
ARKAYS HOLDINGS LTD,17-03-2020,10 LEAVES LIMITED,Licensed,Special purpose vehicle
MEM HOLDING LTD,17-03-2020,CLARA FORMATIONS LIMITED,License cancelled,Special purpose vehicle
UNION 55 LEASING LIMITED,18-03-2020,WALKERS PROFESSIONAL SERVICES (MIDDLE EAST) LIMITED,Licensed,Special purpose vehicle
UNION 56 LEASING LIMITED,18-03-2020,WALKERS PROFESSIONAL SERVICES (MIDDLE EAST) LIMITED,License cancelled,Special purpose vehicle
QOSOOR HOLDING LTD,19-03-2020,,Licensed,Special purpose vehicle
TAWAREF 1ST INVESTMENT HOLDING LIMITED,19-03-2020,CLARA FORMATIONS LIMITED,License cancelled,Special purpose vehicle
RYSE ENERGY HOLDINGS LIMITED,20-03-2020,,Licensed,Special purpose vehicle
PLATINUM HERITAGE HOLDING LTD,22-03-2020,CLARA FORMATIONS LIMITED,License cancelled,Special purpose vehicle
ARYA INTERNATIONAL SPV LIMITED,22-03-2020,ROSEMONT PARTNERS CORPORATE SERVICES LIMITED,Licensed,Special purpose vehicle
ITTIHAD INVESTMENT CENTRAL ASIA HOLDING LTD,22-03-2020,,Licensed,Special purpose vehicle
CLIP HOLDINGS LIMITED,23-03-2020,ACCLIME CORPORATE SERVICES LIMITED,Licensed,Special purpose vehicle
COMPASS PROJECT INVESTMENTS SPV LIMITED,23-03-2020,CLARA FORMATIONS LIMITED,Licensed,Special purpose vehicle
CONCAST HOLDINGS LIMITED,24-03-2020,,License cancelled,Special purpose vehicle
SERENDIPITY HOLDINGS LIMITED,24-03-2020,ROSEMONT PARTNERS CORPORATE SERVICES LIMITED,Licensed,Special purpose vehicle
JIBREL SPV 0X91AAD5F7FDCC2F5C6B4C819699DD47D8EE61ABDC LIMITED,25-03-2020,,License cancelled,Special purpose vehicle
COMPASS PROJECT HOLDINGS LIMITED,25-03-2020,CLARA FORMATIONS LIMITED,Licensed,Special purpose vehicle
EFIRE CAPITAL HOLDINGS LIMITED,26-03-2020,,Licensed,Special purpose vehicle
BURLEIGH HOLDING LIMITED,26-03-2020,TMF GROUP FIDUCIARY SERVICES LIMITED,Licensed,Special purpose vehicle
WIZZ AIR ABU DHABI LIMITED,26-03-2020,WALKERS PROFESSIONAL SERVICES (MIDDLE EAST) LIMITED,Licensed,Special purpose vehicle
FORTYGUARD HOLDING LIMITED,29-03-2020,CLARA FORMATIONS LIMITED,Licensed,Special purpose vehicle
JUNIPER CAPITAL INTERNATIONAL HOLDINGS LTD,30-03-2020,CLARA FORMATIONS LIMITED,License cancelled,Special purpose vehicle
EDUPLOYMENT HOLDING LTD,30-03-2020,CLARA FORMATIONS LIMITED,Licensed,Special purpose vehicle
SEA MIRROR SPV LIMITED,30-03-2020,CLARA FORMATIONS LIMITED,Licensed,Special purpose vehicle
CAMISA HOLDING LIMITED,31-03-2020,M-HQ LTD,Licensed,Special purpose vehicle
SAXUM HOLDINGS LIMITED,31-03-2020,,License cancelled,Special purpose vehicle
ADDENDA HOLDINGS LTD,31-03-2020,CLARA FORMATIONS LIMITED,License cancelled,Special purpose vehicle
ADCP SPV 04 LIMITED,31-03-2020,WALKERS PROFESSIONAL SERVICES (MIDDLE EAST) LIMITED,License cancelled,Special purpose vehicle
ALBUS HOLDING RSC LIMITED,31-03-2020,,Licensed,Special purpose vehicle
D2W HOLDINGS LIMITED,01-04-2020,,License cancelled,Special purpose vehicle
MWJ ALALMAS HOLDING LTD,02-04-2020,,License cancelled,Special purpose vehicle
SPOTII HOLDINGS LTD,05-04-2020,CLARA FORMATIONS LIMITED,Licensed,Special purpose vehicle
TECHNOLOGY INVESTMENTS HOLDING LIMITED,05-04-2020,,License cancelled,Special purpose vehicle
FREE UNICORN SPV LIMITED,05-04-2020,,License cancelled,Special purpose vehicle
G42 SMART CITY AI SPV RSC LTD,05-04-2020,,Licensed,Special purpose vehicle
G42 INFRASTRUCTURE AI HOLDING RSC LTD,05-04-2020,,Licensed,Special purpose vehicle
G42 CAPITAL MANAGEMENT SPV RSC LTD,05-04-2020,,License cancelled,Special purpose vehicle
G42 ENERGY AI HOLDING RSC LTD,05-04-2020,,Licensed,Special purpose vehicle
G42 HEALTH CARE AI HOLDING RSC LTD,05-04-2020,,Licensed,Special purpose vehicle
CONSUMER AI HOLDING RSC LTD,05-04-2020,ACCLIME CORPORATE SERVICES LIMITED,Licensed,Special purpose vehicle
G42 SMART NATION AI HOLDING RSC LTD,05-04-2020,,Licensed,Special purpose vehicle
ALBARAQIE HOLDINGS LTD,06-04-2020,CLARA FORMATIONS LIMITED,License cancelled,Special purpose vehicle
GOLDLINE HOLDINGS LIMITED,06-04-2020,,Licensed,Special purpose vehicle
TYCHE HOLDING LIMITED,07-04-2020,,License cancelled,Special purpose vehicle
THREE S HOLDING LTD,09-04-2020,CLARA FORMATIONS LIMITED,License cancelled,Special purpose vehicle
VAANYA HOLDINGS PRIVATE LIMITED,09-04-2020,,Licensed,Special purpose vehicle
INVESTCORP MEA ACQUISITION HOLDING LIMITED,09-04-2020,,Licensed,Special purpose vehicle
DENTINE HOLDINGS LIMITED,09-04-2020,CSP GROUP LTD,Licensed,Special purpose vehicle
CENCORP HOLDINGS LTD,12-04-2020,CLARA FORMATIONS LIMITED,Licensed,Special purpose vehicle
VINCERE HOLDINGS LIMITED,12-04-2020,SANCTUARY CORPORATE SERVICES FZ LLC,License cancelled,Special purpose vehicle
ACCESS HIRE MIDDLE EAST HOLDINGS LTD,13-04-2020,,Licensed,Special purpose vehicle
LINKERS TECHNOLOGY HOLDINGS LTD,13-04-2020,CLARA FORMATIONS LIMITED,Licensed,Special purpose vehicle
ZARADO HOLDINGS LIMITED,13-04-2020,,License cancelled,Special purpose vehicle
SHV HOLDINGS LIMITED,15-04-2020,,License cancelled,Special purpose vehicle
MARCH SPV LIMITED,15-04-2020,10 LEAVES LIMITED,Licensed,Special purpose vehicle
HELOD HOLDINGS LIMITED,16-04-2020,,License cancelled,Special purpose vehicle
ELNAY HOLDINGS LIMITED,17-04-2020,,License cancelled,Special purpose vehicle
TOMAHAWK HOLDINGS LTD,17-04-2020,SANCTUARY CORPORATE SERVICES FZ LLC,License cancelled,Special purpose vehicle
QUEST SPV LIMITED,18-04-2020,SANCTUARY CORPORATE SERVICES FZ LLC,License cancelled,Special purpose vehicle
MAREFA DIGITAL GLOBAL HOLDING SPV LTD,19-04-2020,CLARA FORMATIONS LIMITED,License cancelled,Special purpose vehicle
SALMONSART HOLDING GROUP LTD,19-04-2020,,License cancelled,Special purpose vehicle
TRUTEX MIDDLE EAST SPV LTD,19-04-2020,,Licensed,Special purpose vehicle
CLEAR SKY SPV HOLDINGS LIMITED,19-04-2020,CLARA FORMATIONS LIMITED,Licensed,Special purpose vehicle
WHITEOIL HOLDING LTD,19-04-2020,CLARA FORMATIONS LIMITED,License cancelled,Special purpose vehicle
CTL HOLDCO MIDDLE EAST LTD,21-04-2020,CLYDE SERVICES LIMITED,Licensed,Special purpose vehicle
MIDDLE EAST YOUTH MEDIA HOLDING LIMITED,21-04-2020,ACCLIME CORPORATE SERVICES LIMITED,License cancelled,Special purpose vehicle
ARC LOGISTICS IV SPV 1 LIMITED,22-04-2020,INTERTRUST (MIDDLE EAST) LTD,Licensed,Special purpose vehicle
ARC LOGISTICS IV SPV 2 LIMITED,22-04-2020,INTERTRUST (MIDDLE EAST) LTD,Licensed,Special purpose vehicle
ORCA SPV LIMITED,24-04-2020,M-HQ LTD,Licensed,Special purpose vehicle
BETA HOLDINGS LIMITED,24-04-2020,,Licensed,Special purpose vehicle
SEAM LABS HOLDING LTD,25-04-2020,CLARA FORMATIONS LIMITED,Licensed,Special purpose vehicle
SILVER FORT INVESTMENT HOLDING LIMITED,25-04-2020,,License cancelled,Special purpose vehicle
ADCP SPV 05 LIMITED,27-04-2020,WALKERS PROFESSIONAL SERVICES (MIDDLE EAST) LIMITED,License cancelled,Special purpose vehicle
ZAROONI FOUNDATION,27-04-2020,CLARA FORMATIONS LIMITED,Licensed,Foundation
DRYVE PARTNERS HOLDINGS LIMITED,28-04-2020,,License cancelled,Special purpose vehicle
WITTY GLOBAL HOLDING LTD,28-04-2020,CLARA FORMATIONS LIMITED,License cancelled,Special purpose vehicle
TECHNOLOGY INC. SPV LTD,29-04-2020,EQUIOM CORPORATE SERVICES (MIDDLE EAST) LTD,Licensed,Special purpose vehicle
DIGITASPORT HOLDINGS LIMITED,29-04-2020,CLARA FORMATIONS LIMITED,Licensed,Special purpose vehicle
REE HOLDING LTD,29-04-2020,CLARA FORMATIONS LIMITED,License cancelled,Special purpose vehicle
KIDZAPP INTERNATIONAL HOLDING COMPANY LTD,30-04-2020,CLARA FORMATIONS LIMITED,Licensed,Special purpose vehicle
HOUZA HOLDING LIMITED,30-04-2020,CLARA FORMATIONS LIMITED,License cancelled,Special purpose vehicle
CONTENT DATA HOLDING LTD,03-05-2020,CLARA FORMATIONS LIMITED,Licensed,Special purpose vehicle
VCENTRAL HOLDING LTD,05-05-2020,,Licensed,Special purpose vehicle
SHROOH HOLDING LTD,06-05-2020,,License cancelled,Special purpose vehicle
SWORDFISH SPV LIMITED,06-05-2020,M-HQ LTD,License cancelled,Special purpose vehicle
GTLK MIDDLE EAST SPV THREE LIMITED,06-05-2020,ROSEMONT PARTNERS CORPORATE SERVICES LIMITED,Licensed,Special purpose vehicle
GTLK MIDDLE EAST SPV FOUR LIMITED,06-05-2020,ROSEMONT PARTNERS CORPORATE SERVICES LIMITED,Licensed,Special purpose vehicle
GTLK MIDDLE EAST SPV FIVE LIMITED,06-05-2020,ROSEMONT PARTNERS CORPORATE SERVICES LIMITED,Licensed,Special purpose vehicle
GTLK MIDDLE EAST SPV SIX LIMITED,06-05-2020,ROSEMONT PARTNERS CORPORATE SERVICES LIMITED,License cancelled,Special purpose vehicle
GTLK MIDDLE EAST SPV SEVEN LIMITED,06-05-2020,ROSEMONT PARTNERS CORPORATE SERVICES LIMITED,License cancelled,Special purpose vehicle
GTLK MIDDLE EAST SPV EIGHT LIMITED,06-05-2020,ROSEMONT PARTNERS CORPORATE SERVICES LIMITED,Licensed,Special purpose vehicle
MASDAR CIS HOLDING RSC LTD,07-05-2020,WALKERS PROFESSIONAL SERVICES (MIDDLE EAST) LIMITED,Licensed,Special purpose vehicle
MASDAR INDONESIA SOLAR HOLDINGS RSC LIMITED,07-05-2020,WALKERS PROFESSIONAL SERVICES (MIDDLE EAST) LIMITED,Licensed,Special purpose vehicle
ZENDY HOLDINGS LTD,07-05-2020,CLARA FORMATIONS LIMITED,Licensed,Special purpose vehicle
BUBBLES INVESTMENTS SPV LTD,07-05-2020,STROLLA LLP,Licensed,Special purpose vehicle
MASDAR CIRATA SOLAR RSC LIMITED,07-05-2020,WALKERS PROFESSIONAL SERVICES (MIDDLE EAST) LIMITED,Licensed,Special purpose vehicle
THIRD TAKEN HOLDING LTD,10-05-2020,AL TAMIMI & CO. CORPORATE SERVICES LIMITED,Licensed,Special purpose vehicle
SMART INFRASTRUCTURE HOLDINGS LIMITED,11-05-2020,CSP GROUP LTD,Licensed,Special purpose vehicle
MORNI HOLDING LTD,11-05-2020,MAPLES FIDUCIARY SERVICES (MIDDLE EAST) LIMITED,Licensed,Special purpose vehicle
ALDAR VENTURES INTERNATIONAL HOLDINGS RSC LIMITED,12-05-2020,,Licensed,Special purpose vehicle
TOTOK HOLDING RSC LTD,12-05-2020,ACCLIME CORPORATE SERVICES LIMITED,License cancelled,Special purpose vehicle
MAP HOLDING RSC LTD,12-05-2020,ACCLIME CORPORATE SERVICES LIMITED,License cancelled,Special purpose vehicle
DAYPOP HOLDING RSC LTD,12-05-2020,ACCLIME CORPORATE SERVICES LIMITED,Licensed,Special purpose vehicle
MASDAR USA ONE HOLDING COMPANY LTD,13-05-2020,WALKERS PROFESSIONAL SERVICES (MIDDLE EAST) LIMITED,License cancelled,Special purpose vehicle
MASDAR USA TWO HOLDING COMPANY LTD,13-05-2020,WALKERS PROFESSIONAL SERVICES (MIDDLE EAST) LIMITED,License cancelled,Special purpose vehicle
GRAINVETA LIMITED,13-05-2020,,Licensed,Special purpose vehicle
MAJ INVESTMENT HOLDING RESTRICTED LIMITED,14-05-2020,,License cancelled,Special purpose vehicle
MAS HOLDING RESTRICTED LIMITED,14-05-2020,,License cancelled,Special purpose vehicle
MENA DENTAL HOLDINGS LIMITED,16-05-2020,,License cancelled,Special purpose vehicle
BREITHORN HOLDING LTD,16-05-2020,10 LEAVES LIMITED,License cancelled,Special purpose vehicle
SUKNA FOUNDERS HOLDING LIMITED,17-05-2020,IDARAH CORPORATE LIMITED,Licensed,Special purpose vehicle
SATURN HOLDING RSC LTD,17-05-2020,ACCLIME CORPORATE SERVICES LIMITED,License cancelled,Special purpose vehicle
GREEN WADI INVESTMENT HOLDINGS RSC LIMITED,18-05-2020,,Licensed,Special purpose vehicle
MMR HOLDING LIMITED,18-05-2020,M-HQ LTD,Licensed,Special purpose vehicle
OPTISCAPE NETWORK HOLDINGS LTD,18-05-2020,CLARA FORMATIONS LIMITED,Licensed,Special purpose vehicle
RED OASIS INVESTMENT HOLDINGS RSC LIMITED,18-05-2020,,Licensed,Special purpose vehicle
AW SHIPPING LIMITED,19-05-2020,,Licensed,Special purpose vehicle
AFG PEARL HOLDINGS RSC LIMITED,20-05-2020,,Licensed,Special purpose vehicle
MEDIX PHARMACEUTICAL HOLDINGS SPV LIMITED,21-05-2020,,License cancelled,Special purpose vehicle
MASDAR USA ONE HOLDING RSC LTD,21-05-2020,WALKERS PROFESSIONAL SERVICES (MIDDLE EAST) LIMITED,Licensed,Special purpose vehicle
MASDAR USA TWO HOLDING RSC LTD,21-05-2020,WALKERS PROFESSIONAL SERVICES (MIDDLE EAST) LIMITED,Licensed,Special purpose vehicle
PAYBY HOLDING RSC LTD,21-05-2020,CLARA FORMATIONS LIMITED,Licensed,Special purpose vehicle
LONG TABLE HOLDINGS LTD,27-05-2020,,License cancelled,Special purpose vehicle
ALPHA ORYX LIMITED,27-05-2020,,Licensed,Special purpose vehicle
MARCOPOLO GROUP HOLDINGS LIMITED,28-05-2020,M-HQ LTD,Licensed,Special purpose vehicle
TOGGLE HOLDINGS LIMITED,28-05-2020,CLARA FORMATIONS LIMITED,Licensed,Special purpose vehicle
HAKBAH HOLDING LTD,29-05-2020,CLARA FORMATIONS LIMITED,License cancelled,Special purpose vehicle
MOST INVESTMENT HOLDING LTD,31-05-2020,10 LEAVES LIMITED,Licensed,Special purpose vehicle
REDWOOD 2 RSC LIMITED,01-06-2020,WALKERS PROFESSIONAL SERVICES (MIDDLE EAST) LIMITED,Licensed,Special purpose vehicle
MIC REDWOOD 1 RSC LIMITED,01-06-2020,WALKERS PROFESSIONAL SERVICES (MIDDLE EAST) LIMITED,Licensed,Special purpose vehicle
MIC REDWOOD AGGREGATOR RSC LIMITED,01-06-2020,WALKERS PROFESSIONAL SERVICES (MIDDLE EAST) LIMITED,Licensed,Special purpose vehicle
REDWOOD 3 RSC LIMITED,01-06-2020,WALKERS PROFESSIONAL SERVICES (MIDDLE EAST) LIMITED,Licensed,Special purpose vehicle
MIC REDWOOD 2 RSC LIMITED,01-06-2020,WALKERS PROFESSIONAL SERVICES (MIDDLE EAST) LIMITED,Licensed,Special purpose vehicle
HOLO HOLDINGS LIMITED,02-06-2020,CLARA FORMATIONS LIMITED,Licensed,Special purpose vehicle
COAST HOLDING RSC LIMITED,02-06-2020,WALKERS PROFESSIONAL SERVICES (MIDDLE EAST) LIMITED,Licensed,Special purpose vehicle
SV HOLDING INVESTMENT SPV LIMITED,03-06-2020,IDARAH CORPORATE LIMITED,Licensed,Special purpose vehicle
EDFR AND JINKO HOLDING CO. LTD,03-06-2020,ACCLIME CORPORATE SERVICES LIMITED,Licensed,Special purpose vehicle
MASDAR PV HOLDINGS RSC LIMITED,04-06-2020,WALKERS PROFESSIONAL SERVICES (MIDDLE EAST) LIMITED,Licensed,Special purpose vehicle
MASDAR AL-DHAFRA HOLDING RSC LIMITED,04-06-2020,WALKERS PROFESSIONAL SERVICES (MIDDLE EAST) LIMITED,Licensed,Special purpose vehicle
NAIA INVESTMENTS HOLDINGS LIMITED,04-06-2020,SANCTUARY CORPORATE SERVICES FZ LLC,License cancelled,Special purpose vehicle
VPE GP (MIDDLE EAST) HOLDING LIMITED,04-06-2020,,License cancelled,Special purpose vehicle
LIONGEVITY INVESTMENTS HOLDING LIMITED,06-06-2020,,License cancelled,Special purpose vehicle
OMEGA ORYX LIMITED,08-06-2020,,Licensed,Special purpose vehicle
XSITE HEALTH GLOBAL HOLDINGS LIMITED,08-06-2020,,License cancelled,Special purpose vehicle
BARTONWALSH INTERNATIONAL HOLDINGS LIMITED,08-06-2020,,License cancelled,Special purpose vehicle
GMBE HOLDINGS LIMITED,09-06-2020,,Licensed,Special purpose vehicle
NUR NAVOI SOLAR HOLDING RSC LIMITED,09-06-2020,WALKERS PROFESSIONAL SERVICES (MIDDLE EAST) LIMITED,Licensed,Special purpose vehicle
SHAMOL ZARAFSHAN ENERGY HOLDING RSC LIMITED,09-06-2020,WALKERS PROFESSIONAL SERVICES (MIDDLE EAST) LIMITED,Licensed,Special purpose vehicle
FCH CAPITAL PARTNERS HOLDINGS 7 LTD,10-06-2020,CLARA FORMATIONS LIMITED,License cancelled,Special purpose vehicle
LEARN 2 HOLDINGS LTD,10-06-2020,CLARA FORMATIONS LIMITED,License cancelled,Special purpose vehicle
SIGMA ORYX LIMITED,10-06-2020,,Licensed,Special purpose vehicle
SINO ORYX LIMITED,10-06-2020,,Licensed,Special purpose vehicle
ONE HUNDRED AND NINTH INVESTMENT COMPANY HOLDING RSC LTD,10-06-2020,WALKERS PROFESSIONAL SERVICES (MIDDLE EAST) LIMITED,Licensed,Special purpose vehicle
TABIB GROUP HOLDING LIMITED,12-06-2020,CLARA FORMATIONS LIMITED,License cancelled,Special purpose vehicle
AAINVEST HOLDING LTD,14-06-2020,,License cancelled,Special purpose vehicle
BENGT BENDEUS HOLDING LIMITED,14-06-2020,CLARA FORMATIONS LIMITED,License cancelled,Special purpose vehicle
CONCORDE HOLDINGS LIMITED,14-06-2020,SANCTUARY CORPORATE SERVICES FZ LLC,License cancelled,Special purpose vehicle
AVIATION NUTRITION NETWORK INVESTMENT HOLDING LTD,14-06-2020,ACCLIME CORPORATE SERVICES LIMITED,Licensed,Special purpose vehicle
JRP HOLDINGS RSC LTD,14-06-2020,,Licensed,Special purpose vehicle
RAWDHAT AL FALAH PARTNERS RSC LTD,14-06-2020,,Licensed,Special purpose vehicle
CAPTURE SPV LIMITED,15-06-2020,10 LEAVES LIMITED,License cancelled,Special purpose vehicle
MREI PORTFOLIO (LAND) 1 RSC LTD,15-06-2020,,Licensed,Special purpose vehicle
MREI AL DHURRAH HOLDING RSC LTD,15-06-2020,,Licensed,Special purpose vehicle
MREI THE WAVE HOLDING RSC LTD,15-06-2020,,Licensed,Special purpose vehicle
SAPPHIRE FOUNDATION,15-06-2020,M-HQ LTD,Licensed,Foundation
MURBAN HOSPITALITY INTENDANCE HOLDINGS LIMITED,17-06-2020,,License cancelled,Special purpose vehicle
CORNERSTONE SPV LIMITED,17-06-2020,CLARA FORMATIONS LIMITED,License cancelled,Special purpose vehicle
ZBOONI HOLDINGS LIMITED,17-06-2020,CLARA FORMATIONS LIMITED,Licensed,Special purpose vehicle
ZBOONI ANGELS HOLDING LTD,17-06-2020,CLARA FORMATIONS LIMITED,Licensed,Special purpose vehicle
IUGIS ENERGY HOLDINGS LIMITED,17-06-2020,CLARA FORMATIONS LIMITED,License cancelled,Special purpose vehicle
HRHA HOLDINGS LTD,19-06-2020,10 LEAVES LIMITED,Licensed,Special purpose vehicle
MURBAN SUGAR HOLDINGS LIMITED,21-06-2020,,License cancelled,Special purpose vehicle
ACCESS BRIDGE VENTURES GP LIMITED,21-06-2020,,Licensed,Special purpose vehicle
MIC REDWOOD (RESTRICTED) LIMITED,21-06-2020,WALKERS PROFESSIONAL SERVICES (MIDDLE EAST) LIMITED,Licensed,Special purpose vehicle
H PROPERTIES SPV RSC LTD,21-06-2020,ASSISS LTD,Licensed,Special purpose vehicle
ANATOMY HOLDING LIMITED,22-06-2020,,Licensed,Special purpose vehicle
KDS HOLDINGS LIMITED,23-06-2020,M-HQ LTD,Licensed,Special purpose vehicle
TAUNIGMA SPV LIMITED,23-06-2020,M-HQ LTD,Licensed,Special purpose vehicle
EMANET HOLDING LIMITED,23-06-2020,ACCLIME CORPORATE SERVICES LIMITED,Licensed,Special purpose vehicle
MONOF FOUNDATION,24-06-2020,10 LEAVES LIMITED,Licensed,Foundation
GRUB VENTURES HOLDING LIMITED,25-06-2020,10 LEAVES LIMITED,Licensed,Special purpose vehicle
QUARTZ MENA HOLDING LIMITED,26-06-2020,SWISS GROUP LEGAL LTD,Licensed,Special purpose vehicle
REID SPV LTD,27-06-2020,M-HQ LTD,Licensed,Special purpose vehicle
LEVANT ME FOUNDATION,27-06-2020,SWISS GROUP LEGAL LTD,License cancelled,Foundation
MUNJZ HOLDING COMPANY LTD,28-06-2020,CLARA FORMATIONS LIMITED,Licensed,Special purpose vehicle
OLD SCHOOL PRODUCTIONS HOLDING LTD,01-07-2020,SANCTUARY CORPORATE SERVICES FZ LLC,License cancelled,Special purpose vehicle
WIZ HOLDING LTD,01-07-2020,CLARA FORMATIONS LIMITED,Licensed,Special purpose vehicle
BARAKA TECHNOLOGY HOLDING LTD,01-07-2020,CLARA FORMATIONS LIMITED,Licensed,Special purpose vehicle
GURU HOLDING LTD,01-07-2020,CLARA FORMATIONS LIMITED,License cancelled,Special purpose vehicle
SHOBBAK HOLDING LTD,01-07-2020,CLARA FORMATIONS LIMITED,License cancelled,Special purpose vehicle
SEVEN VENTURES HOLDING LTD,01-07-2020,CLARA FORMATIONS LIMITED,License cancelled,Special purpose vehicle
SILKROAD VENTURES HOLDING LTD,02-07-2020,SANCTUARY CORPORATE SERVICES FZ LLC,License cancelled,Special purpose vehicle
CAPITAWORLD HOLDING LIMITED,05-07-2020,CROWE MAK LLP,Licensed,Special purpose vehicle
MODULAR PRECAST SYSTEM INTERNATIONAL HOLDINGS LTD,05-07-2020,CLARA FORMATIONS LIMITED,License cancelled,Special purpose vehicle
THE ACCOUNTER HOLDING LTD,05-07-2020,10 LEAVES LIMITED,Licensed,Special purpose vehicle
INSTANT DIGITAL SOLUTION HOLDING LTD,06-07-2020,CLARA FORMATIONS LIMITED,License cancelled,Special purpose vehicle
DINARE HOLDING LTD,07-07-2020,CLARA FORMATIONS LIMITED,Licensed,Special purpose vehicle
AFG PEARL J3 SPV RSC LIMITED,07-07-2020,,Licensed,Special purpose vehicle
MARYA MAI HOLDING LTD,08-07-2020,BANKS LEGAL LIMITED,Licensed,Special purpose vehicle
MONTE ROSA HOLDING LTD,09-07-2020,10 LEAVES LIMITED,License cancelled,Special purpose vehicle
ARISING HOLDING LIMITED,11-07-2020,,Licensed,Special purpose vehicle
SRW SQUARED CONCEPTS HOLDING LTD,12-07-2020,,License cancelled,Special purpose vehicle
EAGLE HILLS SKYLINE INVESTMENT HOLDINGS LIMITED,12-07-2020,ACCLIME CORPORATE SERVICES LIMITED,Licensed,Special purpose vehicle
DIAMOND PLANET HOLDINGS LTD,12-07-2020,SANCTUARY CORPORATE SERVICES FZ LLC,License cancelled,Special purpose vehicle
STIC HOLDING LIMITED,13-07-2020,10 LEAVES LIMITED,Licensed,Special purpose vehicle
LEARN CAPITAL MENA FUND IV FEEDER GP LTD,14-07-2020,,License cancelled,Special purpose vehicle
GREENFILED HOLDING LIMITED,14-07-2020,,Licensed,Special purpose vehicle
XABIES FOUNDATION,14-07-2020,HISTORY LIMITED,Licensed,Foundation
SAUCE CAPITAL INVESTMENTS SPV LTD,15-07-2020,TMF GROUP FIDUCIARY SERVICES LIMITED,Licensed,Special purpose vehicle
ANDALOS INVESTMENT SPV RSC LTD,15-07-2020,ASSISS LTD,Licensed,Special purpose vehicle
SAVII (HOLDINGS) LTD,20-07-2020,CLARA FORMATIONS LIMITED,Licensed,Special purpose vehicle
PHOENICIAN FUND II GP LTD,20-07-2020,CLARA FORMATIONS LIMITED,License cancelled,Special purpose vehicle
ONE HUNDRED AND TENTH INVESTMENT RSC LTD,20-07-2020,WALKERS PROFESSIONAL SERVICES (MIDDLE EAST) LIMITED,Licensed,Special purpose vehicle
WINVEST HOLDING LTD,21-07-2020,CLARA FORMATIONS LIMITED,Licensed,Special purpose vehicle
FP HOLDING LIMITED,21-07-2020,,Licensed,Special purpose vehicle
MES HOLDING LTD,21-07-2020,,License cancelled,Special purpose vehicle
LMC HOLDING LTD,21-07-2020,CLARA FORMATIONS LIMITED,License cancelled,Special purpose vehicle
SAALT &CO HOLDING LTD,21-07-2020,10 LEAVES LIMITED,License cancelled,Special purpose vehicle
MIXOAPP HOLDINGS LIMITED,22-07-2020,SANCTUARY CORPORATE SERVICES FZ LLC,License cancelled,Special purpose vehicle
FRACTAL HOLDINGS LIMITED,22-07-2020,,License cancelled,Special purpose vehicle
SILENT PARTNER HOLDINGS LTD,22-07-2020,CLARA FORMATIONS LIMITED,License cancelled,Special purpose vehicle
EMPERIUM PROPERTIES HOLDING LTD,22-07-2020,10 LEAVES LIMITED,Licensed,Special purpose vehicle
FERAL HOLDING LTD,22-07-2020,M-HQ LTD,Licensed,Special purpose vehicle
FISH RIVER HOLDINGS LTD,22-07-2020,CLARA FORMATIONS LIMITED,License cancelled,Special purpose vehicle
M1 CORPORATE HOLDINGS LIMITED,23-07-2020,CLARA FORMATIONS LIMITED,License cancelled,Special purpose vehicle
FRESH SOLUTIONS HOLDING LTD,23-07-2020,,License cancelled,Special purpose vehicle
BALLOON ADVENTURES HOLDING LTD,25-07-2020,CLARA FORMATIONS LIMITED,License cancelled,Special purpose vehicle
SALICA ORYX GP LIMITED,26-07-2020,,Licensed,Special purpose vehicle
AZODUS EASTERN HOLDINGS LIMITED,26-07-2020,,Licensed,Special purpose vehicle
ABURIYALEH HOLDING LTD,26-07-2020,CLARA FORMATIONS LIMITED,Licensed,Special purpose vehicle
AL NASR CAPITAL SPV LIMITED,28-07-2020,WALKERS PROFESSIONAL SERVICES (MIDDLE EAST) LIMITED,Licensed,Special purpose vehicle
PANTHERA CAPITAL VENTURES HOLDING LIMITED,28-07-2020,,Licensed,Special purpose vehicle
HAKEEM HOLDING LTD,28-07-2020,10 LEAVES LIMITED,Licensed,Special purpose vehicle
MIC LS INVESTMENTS 1 RSC LTD,28-07-2020,WALKERS PROFESSIONAL SERVICES (MIDDLE EAST) LIMITED,Licensed,Special purpose vehicle
MIC LS INVESTMENTS 2 RSC LTD,28-07-2020,WALKERS PROFESSIONAL SERVICES (MIDDLE EAST) LIMITED,Licensed,Special purpose vehicle
MYS HOLDING LIMITED,01-08-2020,M-HQ LTD,Licensed,Special purpose vehicle
PINZA GLOBAL HOLDING LTD,02-08-2020,,License cancelled,Special purpose vehicle
SILVER THUNDER INVESTMENT SPV RSC LTD,03-08-2020,ASSISS LTD,Licensed,Special purpose vehicle
LULU BPO SPV LTD,03-08-2020,,Licensed,Special purpose vehicle
BLACK HORSE INVESTMENT SPV RSC LTD,03-08-2020,ASSISS LTD,Licensed,Special purpose vehicle
GOLDEN S INVESTMENT SPV RSC LTD,03-08-2020,ASSISS LTD,Licensed,Special purpose vehicle
GLOBAL CARS HOLDING LIMITED,04-08-2020,10 LEAVES LIMITED,Licensed,Special purpose vehicle
EFIRE CAPITAL INTERNATIONAL HOLDINGS LTD,04-08-2020,,Licensed,Special purpose vehicle
LION HEART INVESTMENT SPV RSC LTD,04-08-2020,ASSISS LTD,Licensed,Special purpose vehicle
DIAMOND PLANET HOLDCO LTD,05-08-2020,SANCTUARY CORPORATE SERVICES FZ LLC,License cancelled,Special purpose vehicle
BRIDGE NINE INVESTMENTS HOLDING LTD,05-08-2020,TMF GROUP FIDUCIARY SERVICES LIMITED,Licensed,Special purpose vehicle
AHH HOLDINGS SPV 1 LIMITED,05-08-2020,CLARA FORMATIONS LIMITED,License cancelled,Special purpose vehicle
ZEO FOUNDATION,05-08-2020,SANCTUARY CORPORATE SERVICES FZ LLC,License cancelled,Foundation
TOSITAA HOLDING LTD,06-08-2020,CLARA FORMATIONS LIMITED,Licensed,Special purpose vehicle
IMPACT HEALTHCARE HOLDINGS LIMITED,06-08-2020,M-HQ LTD,Licensed,Special purpose vehicle
BOH AD-IVF HOLDINGS LIMITED,06-08-2020,CLARA FORMATIONS LIMITED,Licensed,Special purpose vehicle
AL REEM INTERNATIONAL HOLDING RSC LTD,06-08-2020,,Licensed,Special purpose vehicle
PENNY SOFTWARE HOLDING LIMITED,10-08-2020,COUNSEL SERVICES LIMITED,Licensed,Special purpose vehicle
PEDIGRI TECHNOLOGIES INVESTMENT HOLDING LIMITED,10-08-2020,,License cancelled,Special purpose vehicle
MJR HOLDINGS LIMITED,10-08-2020,10 LEAVES LIMITED,Licensed,Special purpose vehicle
JLS HOLDINGS LIMITED,10-08-2020,GRIFFIN CORPORATE SERVICES LTD,Licensed,Special purpose vehicle
SASCO HOLDINGS LIMITED,12-08-2020,,Licensed,Special purpose vehicle
DIGITAL ALLIANCE FOUNDATION,12-08-2020,CLARA FORMATIONS LIMITED,License cancelled,Foundation
RGH1 INVESTMENT SPV RSC LTD,13-08-2020,ASSISS LTD,Licensed,Special purpose vehicle
IBTIKAR TECHNOLOGIES SPV LTD,13-08-2020,WALKERS PROFESSIONAL SERVICES (MIDDLE EAST) LIMITED,Licensed,Special purpose vehicle
AYA HOLDINGS LTD,13-08-2020,MOORE JFC LIMITED,Licensed,Special purpose vehicle
FIL HOLDINGS LIMITED,13-08-2020,PRAXISIFM TRUST LIMITED,License cancelled,Special purpose vehicle
AFLAJ OS1 INVESTMENT SPV RSC LTD,13-08-2020,ASSISS LTD,Licensed,Special purpose vehicle
HUMPHREY INTERNATIONAL HOLDING LIMITED,16-08-2020,,License cancelled,Special purpose vehicle
SUNRISE WORLDWIDE HOLDINGS LIMITED,16-08-2020,M-HQ LTD,License cancelled,Special purpose vehicle
RIPPLR HOLDING LIMITED,17-08-2020,CLARA FORMATIONS LIMITED,Licensed,Special purpose vehicle
LORRYZ HOLDING LTD,17-08-2020,10 LEAVES LIMITED,License cancelled,Special purpose vehicle
ASPECTUS SECURE HOLDING REAL ESTATE 1001 LIMITED,17-08-2020,M-HQ LTD,License cancelled,Special purpose vehicle
NOVA CAPITAL HOLDINGS LIMITED,17-08-2020,10 LEAVES LIMITED,Licensed,Special purpose vehicle
SUNFX TEXTILES HOLDINGS LIMITED,18-08-2020,CLARA FORMATIONS LIMITED,Licensed,Special purpose vehicle
NEWPEREGRINE HOLDINGS LIMITED,18-08-2020,CLARA FORMATIONS LIMITED,License cancelled,Special purpose vehicle
NVN GLOBAL HOLDING LIMITED,18-08-2020,AMICORP ADVISORY LIMITED,Licensed,Special purpose vehicle
TERRIGAL FOUNDATION,18-08-2020,SANCTUARY CORPORATE SERVICES FZ LLC,License cancelled,Foundation
GEMSTONE ONE SPV LTD,19-08-2020,J. AWAN & PARTNERS LIMITED,Licensed,Special purpose vehicle
VENTURE FIVE HOLDINGS LTD,19-08-2020,CLARA FORMATIONS LIMITED,Licensed,Special purpose vehicle
VAAL HOLDING LIMITED,20-08-2020,CROWE MAK LLP,Licensed,Special purpose vehicle
K.W.G SPV LIMITED,20-08-2020,10 LEAVES LIMITED,Licensed,Special purpose vehicle
ABU DHABI PROPERTY LEASING HOLDING COMPANY RSC LTD,21-08-2020,,Licensed,Special purpose vehicle
URBANGO HOLDINGS LIMITED,22-08-2020,M-HQ LTD,Licensed,Special purpose vehicle
JUMP UP HOLDINGS LTD,23-08-2020,CLARA FORMATIONS LIMITED,Licensed,Special purpose vehicle
PYYPL GROUP HOLDING LTD,24-08-2020,,Licensed,Special purpose vehicle
ACAMAS VENTURES HOLDING LIMITED,24-08-2020,EQUIOM CORPORATE SERVICES (MIDDLE EAST) LTD,Licensed,Special purpose vehicle
VENTECH HOLDINGS LTD,24-08-2020,CLARA FORMATIONS LIMITED,Licensed,Special purpose vehicle
MENA MOONSHOTS HOLDING LTD,24-08-2020,CLARA FORMATIONS LIMITED,Licensed,Special purpose vehicle
SILVERLAKE FOUNDATION,24-08-2020,SANCTUARY CORPORATE SERVICES FZ LLC,Licensed,Foundation
ZIRCON FOUNDATION,24-08-2020,ASSISS LTD,Licensed,Foundation
TARADI FOUNDATION,24-08-2020,SANCTUARY CORPORATE SERVICES FZ LLC,License cancelled,Foundation
BARTOUR HOLDING LIMITED,25-08-2020,,License cancelled,Special purpose vehicle
HISER HOLDING LTD,25-08-2020,CLARA FORMATIONS LIMITED,Licensed,Special purpose vehicle
PORTIACO SPV RSC LTD,25-08-2020,ASSISS LTD,Licensed,Special purpose vehicle
LUNACO SPV RSC LTD,25-08-2020,ASSISS LTD,Licensed,Special purpose vehicle
CG HOLDING LTD,26-08-2020,CLARA FORMATIONS LIMITED,Licensed,Special purpose vehicle
CARWAH FOR INFORMATION TECHNOLOGY HOLDING LTD,27-08-2020,CLARA FORMATIONS LIMITED,Licensed,Special purpose vehicle
WORKZ INTERNATIONAL HOLDINGS LIMITED,27-08-2020,,License cancelled,Special purpose vehicle
SULTAN HOLDING LIMITED,28-08-2020,INP IBRAHIM N PARTNERS LEGAL CONSULTANCY LTD,Licensed,Special purpose vehicle
THE DOT GROUP LIMITED,30-08-2020,,Licensed,Special purpose vehicle
SPINNEYS IP LIMITED,31-08-2020,,Licensed,Special purpose vehicle
JIBREL SPV 2 LIMITED,31-08-2020,,License cancelled,Special purpose vehicle
VENTUREMENA HOLDING LIMITED,01-09-2020,,Licensed,Special purpose vehicle
FENIX AFFILIATE HOLDINGS LIMITED,01-09-2020,,Licensed,Special purpose vehicle
VENTURELAND HOLDCO LIMITED,02-09-2020,,License cancelled,Special purpose vehicle
BAGPOINT MIDDLE EAST HOLDINGS LTD,03-09-2020,AL TAMIMI & CO. CORPORATE SERVICES LIMITED,Licensed,Special purpose vehicle
JLT SPORTS CLUB HOLDING LIMITED,03-09-2020,CLARA FORMATIONS LIMITED,License cancelled,Special purpose vehicle
THE GOLDEN SERVER FOUNDATION,03-09-2020,10 LEAVES LIMITED,License cancelled,Foundation
MIC INDUSTRIAL INVESTMENTS 1 RSC LTD,05-09-2020,WALKERS PROFESSIONAL SERVICES (MIDDLE EAST) LIMITED,Licensed,Special purpose vehicle
UNITY INVESTMENT HOLDINGS RSC LIMITED,06-09-2020,,Licensed,Special purpose vehicle
INS HOLDING LTD,06-09-2020,MOORE JFC LIMITED,Licensed,Special purpose vehicle
RIVER FOUNDATION,06-09-2020,ACCLIME CORPORATE SERVICES LIMITED,Licensed,Foundation
MATRIX HOLDCO RSC LTD,07-09-2020,,Licensed,Special purpose vehicle
FOUNDERS' HOLDING COMPANY LIMITED,08-09-2020,M-HQ LTD,License cancelled,Special purpose vehicle
PIETRA & ELLA HOLDINGS LTD,08-09-2020,,License cancelled,Special purpose vehicle
GM TECH HOLDINGS LIMITED,08-09-2020,,License cancelled,Special purpose vehicle
SELECT VENTURES HOLDINGS LIMITED,08-09-2020,CLARA FORMATIONS LIMITED,Licensed,Special purpose vehicle
JEAL HOLDING LTD,08-09-2020,CLARA FORMATIONS LIMITED,Licensed,Special purpose vehicle
AURORA INVESTMENT SPV RSC LIMITED,08-09-2020,,Licensed,Special purpose vehicle
TWILIGHT INVESTMENT SPV RSC LIMITED,08-09-2020,,Licensed,Special purpose vehicle
YONDER INVESTMENT SPV RSC LIMITED,08-09-2020,,Licensed,Special purpose vehicle
ASAS HOLDING RSC LIMITED,09-09-2020,WALKERS PROFESSIONAL SERVICES (MIDDLE EAST) LIMITED,Licensed,Special purpose vehicle
SOUTH COAST ENTERPRISES HOLDING LIMITED,09-09-2020,,License cancelled,Special purpose vehicle
TRAFALGAR LAND HOLDING LIMITED,09-09-2020,,License cancelled,Special purpose vehicle
GALAXY II HOLDING LIMITED,09-09-2020,WALKERS PROFESSIONAL SERVICES (MIDDLE EAST) LIMITED,Licensed,Special purpose vehicle
GALAXY II INVESTMENT HOLDING LIMITED,09-09-2020,WALKERS PROFESSIONAL SERVICES (MIDDLE EAST) LIMITED,Licensed,Special purpose vehicle
DHABI ME HOLDINGS RSC LTD,09-09-2020,CLARA FORMATIONS LIMITED,Licensed,Special purpose vehicle
TECHVIEW INVESTMENT SPV LTD,10-09-2020,ASSISS LTD,Licensed,Special purpose vehicle
AXOR HOLDING LIMITED,10-09-2020,SANCTUARY CORPORATE SERVICES FZ LLC,Licensed,Special purpose vehicle
ADCP SPV 06 LIMITED,10-09-2020,WALKERS PROFESSIONAL SERVICES (MIDDLE EAST) LIMITED,License cancelled,Special purpose vehicle
ADCP SPV 07 LIMITED,10-09-2020,WALKERS PROFESSIONAL SERVICES (MIDDLE EAST) LIMITED,License cancelled,Special purpose vehicle
WEST INVESTMENTS SPV RSC LTD,10-09-2020,CROWE MAK LLP,Licensed,Special purpose vehicle
DHABI ME ONE HOLDING RSC LTD,11-09-2020,CLARA FORMATIONS LIMITED,Licensed,Special purpose vehicle
CRYSTAL HOLDING SPV LTD,12-09-2020,,Licensed,Special purpose vehicle
G42 HEALTH CARE VENTURES HOLDING RSC LTD,12-09-2020,,Licensed,Special purpose vehicle
G42 HEALTH CARE INTERNATIONAL VENTURES HOLDING RSC LTD,12-09-2020,,Licensed,Special purpose vehicle
GOTECH HOLDING SPV LIMITED,13-09-2020,,License cancelled,Special purpose vehicle
ALLEY CCM HOLDINGS LTD,13-09-2020,J. AWAN & PARTNERS LIMITED,Licensed,Special purpose vehicle
THE BIG BALLOON HOLDING LIMITED,14-09-2020,TRIAM CONSULTANCIES PRIVATE LIMITED,Licensed,Special purpose vehicle
GOMAP RSC LTD,15-09-2020,ACCLIME CORPORATE SERVICES LIMITED,License cancelled,Special purpose vehicle
DAYPOP RSC LTD,15-09-2020,ACCLIME CORPORATE SERVICES LIMITED,Licensed,Special purpose vehicle
KARE TECHNOLOGIES HOLDING LTD,17-09-2020,CLARA FORMATIONS LIMITED,Licensed,Special purpose vehicle
JINKO POWER MIDDLE EAST HOLDING CO. LTD,17-09-2020,ACCLIME CORPORATE SERVICES LIMITED,Licensed,Special purpose vehicle
JINKO POWER DHAFRA HOLDING CO. LTD,17-09-2020,ACCLIME CORPORATE SERVICES LIMITED,Licensed,Special purpose vehicle
GAMMA ORYX LIMITED,17-09-2020,,Licensed,Special purpose vehicle
BETA ORYX LIMITED,17-09-2020,,Licensed,Special purpose vehicle
OMEGA F6L LIMITED,20-09-2020,,Licensed,Special purpose vehicle
43 HOLDINGS LTD,21-09-2020,,License cancelled,Special purpose vehicle
EURE PARTNERS (GP) SPV LTD,21-09-2020,,License cancelled,Special purpose vehicle
KARE LOCAL HOLDING LTD,21-09-2020,CLARA FORMATIONS LIMITED,License cancelled,Special purpose vehicle
ENTERPRISES CONNECTION HOLDING RSC LTD,21-09-2020,,Licensed,Special purpose vehicle
INDUSTRIAL SERVICES HOLDING COMPANY LTD,22-09-2020,,Licensed,Special purpose vehicle
786 HOLDINGS LIMITED,22-09-2020,,License cancelled,Special purpose vehicle
PARADOX STUDIOS HOLDING LIMITED,22-09-2020,SANCTUARY CORPORATE SERVICES FZ LLC,License cancelled,Special purpose vehicle
SPADE TECHNOLOGIES HOLDINGS LIMITED,23-09-2020,ACCLIME CORPORATE SERVICES LIMITED,Licensed,Special purpose vehicle
BEYOND HOLDING RSC LIMITED,23-09-2020,,Licensed,Special purpose vehicle
LUNACO2 SPV RSC LTD,23-09-2020,ASSISS LTD,Licensed,Special purpose vehicle
JEMS HOLDING LTD,24-09-2020,CLARA FORMATIONS LIMITED,Licensed,Special purpose vehicle
ZELIA FOUNDATION,26-09-2020,SANCTUARY CORPORATE SERVICES FZ LLC,License cancelled,Foundation
HAPPY PLATTER KITCHENS HOLDING LIMITED,27-09-2020,,License cancelled,Special purpose vehicle
WHIZ TECHNOLOGY HOLDING LIMITED,28-09-2020,CSP GROUP LTD,Licensed,Special purpose vehicle
MJS FINE DINING HOLDING LTD,29-09-2020,,Licensed,Special purpose vehicle
MINDTALES HOLDING LTD,30-09-2020,CLARA FORMATIONS LIMITED,Licensed,Special purpose vehicle
YNMO PARTNERS HOLDING LTD,30-09-2020,CSP GROUP LTD,Licensed,Special purpose vehicle
M INVESTMENT CAPITAL HOLDINGS LTD,01-10-2020,10 LEAVES LIMITED,Licensed,Special purpose vehicle
XNP HOLDING LTD,01-10-2020,CLARA FORMATIONS LIMITED,Licensed,Special purpose vehicle
A&I ENTERPRISE HOLDING LTD,01-10-2020,SANCTUARY CORPORATE SERVICES FZ LLC,License cancelled,Special purpose vehicle
A&I COMMERCIAL ENTERPRISES HOLDING LIMITED,01-10-2020,SANCTUARY CORPORATE SERVICES FZ LLC,License cancelled,Special purpose vehicle
A&I INVESTMENTS HOLDINGS LIMITED,01-10-2020,SANCTUARY CORPORATE SERVICES FZ LLC,License cancelled,Special purpose vehicle
BACK9 HOLDING LIMITED,01-10-2020,,Licensed,Special purpose vehicle
MREI SARAYA C42 HOLDING RSC LTD,01-10-2020,,Licensed,Special purpose vehicle
GAMI HOLDING COMPANY RSC LTD,01-10-2020,,Licensed,Special purpose vehicle
TALONCO SPV RSC LTD,02-10-2020,ASSISS LTD,Licensed,Special purpose vehicle
DIGGIPACKS HOLDING SPV LIMITED,04-10-2020,AMICORP ADVISORY LIMITED,Licensed,Special purpose vehicle
AURIGA TECHNOLOGY SPV LIMITED,04-10-2020,SANCTUARY CORPORATE SERVICES FZ LLC,Licensed,Special purpose vehicle
GROWTH HOLDINGS LTD,04-10-2020,SANCTUARY CORPORATE SERVICES FZ LLC,Licensed,Special purpose vehicle
ROBOROOTS IP HOLDING LIMITED,04-10-2020,,License cancelled,Special purpose vehicle
UREED HOLDING LTD,05-10-2020,CLARA FORMATIONS LIMITED,Licensed,Special purpose vehicle
BLISS FLOWER HOLDING LIMITED,05-10-2020,ROSEMONT PARTNERS CORPORATE SERVICES LIMITED,Licensed,Special purpose vehicle
B9 HOLDING 1 LTD,05-10-2020,TMF GROUP FIDUCIARY SERVICES LIMITED,Licensed,Special purpose vehicle
MESTARIA GALLERY HOLDINGS LIMITED,05-10-2020,KALANTAR BUSINESS LAW GROUP LTD,Licensed,Special purpose vehicle
VHS HOLDINGS LTD,05-10-2020,,License cancelled,Special purpose vehicle
KOOLOTEL HOLDING LIMITED,05-10-2020,ELNAGGAR & PARTNERS LIMITED,License cancelled,Special purpose vehicle
BHGROUP HOLDINGS LTD,05-10-2020,CLARA FORMATIONS LIMITED,License cancelled,Special purpose vehicle
MONTFORT HOLDING LTD,05-10-2020,ACCLIME CORPORATE SERVICES LIMITED,Licensed,Special purpose vehicle
RETAILO TECHNOLOGIES HOLDING LTD,05-10-2020,CLARA FORMATIONS LIMITED,Licensed,Special purpose vehicle
APULEAF LIMITED,05-10-2020,,Licensed,Special purpose vehicle
BAIMS HOLDING LTD,06-10-2020,10 LEAVES LIMITED,Licensed,Special purpose vehicle
ON APP WORLD HOLDING LIMITED,06-10-2020,M-HQ LTD,License cancelled,Special purpose vehicle
DELIGHT INVESTMENT GROUP HOLDING LIMITED,06-10-2020,10 LEAVES LIMITED,Licensed,Special purpose vehicle
VEEHIVE HOLDING LTD,06-10-2020,10 LEAVES LIMITED,Licensed,Special purpose vehicle
SWFTBOX HOLDING LIMITED,06-10-2020,CLARA FORMATIONS LIMITED,Licensed,Special purpose vehicle
ABU DHABI ENTERTAINMENT COMPANY (DOME HOLDINGS) RSC LTD,06-10-2020,,Licensed,Special purpose vehicle
FOUR TREES FOUNDATION,06-10-2020,M-HQ LTD,License cancelled,Foundation
NEPHROHEALTH HOLDING LTD,07-10-2020,CLARA FORMATIONS LIMITED,License cancelled,Special purpose vehicle
NYBL HOLDING LIMITED,07-10-2020,AL TAMIMI & CO. CORPORATE SERVICES LIMITED,Licensed,Special purpose vehicle
EYE HOLDING LIMITED,07-10-2020,,License cancelled,Special purpose vehicle
TRIPLE Q GROUP SPV LIMITED,07-10-2020,,License cancelled,Special purpose vehicle
BONAT HOLDING LTD,07-10-2020,CLARA FORMATIONS LIMITED,Licensed,Special purpose vehicle
IB HOLDINGS LIMITED,08-10-2020,MAPLES FIDUCIARY SERVICES (MIDDLE EAST) LIMITED,Licensed,Special purpose vehicle
ENIGMA HOLDING LTD,09-10-2020,CLARA FORMATIONS LIMITED,License cancelled,Special purpose vehicle
ZIRCON INVESTMENT SPV LTD,09-10-2020,ASSISS LTD,Licensed,Special purpose vehicle
ARCADIA HOLDINGS LIMITED,11-10-2020,KPI AHLI CHARTERED ACCOUNTANTS,Licensed,Special purpose vehicle
JSKR HOLDINGS LTD,11-10-2020,10 LEAVES LIMITED,Licensed,Special purpose vehicle
SECURRENCY CAPITAL HOLDINGS LIMITED,12-10-2020,M-HQ LTD,License cancelled,Special purpose vehicle
SAUDI ANGEL INVESTORS HOLDINGS LTD,12-10-2020,COUNSEL SERVICES LIMITED,Licensed,Special purpose vehicle
REAL SKILL GAMES SPV LTD,12-10-2020,SWISS GROUP LEGAL LTD,Licensed,Special purpose vehicle
SPRINT HOLDINGS LIMITED,12-10-2020,M-HQ LTD,License cancelled,Special purpose vehicle
ALABBAR HOLDINGS LIMITED,12-10-2020,M-HQ LTD,License cancelled,Special purpose vehicle
TAHWEELA HOLDINGS LTD,12-10-2020,CLARA FORMATIONS LIMITED,Licensed,Special purpose vehicle
MAPLE LEAF HOLDINGS LTD,13-10-2020,10 LEAVES LIMITED,License cancelled,Special purpose vehicle
PH LAND HOLDINGS LIMITED,13-10-2020,CLARA FORMATIONS LIMITED,Licensed,Special purpose vehicle
TAKURA HOLDING LIMITED,14-10-2020,,License cancelled,Special purpose vehicle
ISMAEIL ALTAMIMI GROUP SPV LTD,14-10-2020,,License cancelled,Special purpose vehicle
AZAYA HOLDING LIMITED,14-10-2020,CLARA FORMATIONS LIMITED,Licensed,Special purpose vehicle
THREE EIGHT SIX HOLDINGS LTD,14-10-2020,,Licensed,Special purpose vehicle
ASPECTUS SECURE HOLDING REAL ESTATE 1002 LIMITED,14-10-2020,,Licensed,Special purpose vehicle
ASPECTUS SECURE HOLDING REAL ESTATE 1003 LIMITED,14-10-2020,,Licensed,Special purpose vehicle
ASPECTUS SECURE HOLDING REAL ESTATE 1004 LIMITED,14-10-2020,M-HQ LTD,License cancelled,Special purpose vehicle
ASPECTUS SECURE HOLDING REAL ESTATE 1005 LIMITED,14-10-2020,,Licensed,Special purpose vehicle
ASPECTUS SECURE HOLDING REAL ESTATE 1006 LIMITED,14-10-2020,M-HQ LTD,License cancelled,Special purpose vehicle
ASPECTUS SECURE HOLDING REAL ESTATE 1007 LIMITED,14-10-2020,,Licensed,Special purpose vehicle
EDAAD HOLDINGS LTD,15-10-2020,,Licensed,Special purpose vehicle
DANSYS HOLDING SPV LIMITED,17-10-2020,,Licensed,Special purpose vehicle
ALMOUSA HOLDING LTD,17-10-2020,CLARA FORMATIONS LIMITED,Licensed,Special purpose vehicle
DK HOLDINGS LTD,18-10-2020,CLARA FORMATIONS LIMITED,License cancelled,Special purpose vehicle
KUBE HOLDINGS LIMITED,19-10-2020,CLARA FORMATIONS LIMITED,Licensed,Special purpose vehicle
ACORN STRATEGY HOLDINGS LTD,19-10-2020,CLARA FORMATIONS LIMITED,Licensed,Special purpose vehicle
MICCP (KNARR) SPV LTD,19-10-2020,MAPLES FIDUCIARY SERVICES (MIDDLE EAST) LIMITED,License cancelled,Special purpose vehicle
DUPLAYS HOLDINGS LIMITED,20-10-2020,CLARA FORMATIONS LIMITED,Licensed,Special purpose vehicle
MENA CARD HOLDINGS LIMITED,20-10-2020,CLARA FORMATIONS LIMITED,Licensed,Special purpose vehicle
CBD GLOBAL HOLDINGS LTD,20-10-2020,CSP GROUP LTD,Licensed,Special purpose vehicle
NAWRAS HOLDING LTD,21-10-2020,CROWE MAK LLP,Licensed,Special purpose vehicle
AVALON HOLDING LTD,21-10-2020,SWISS GROUP LEGAL LTD,License cancelled,Special purpose vehicle
TARABUT ESOP SPV LTD,25-10-2020,IDARAH CORPORATE LIMITED,License cancelled,Special purpose vehicle
GAMBIT I SPV LTD,25-10-2020,10 LEAVES LIMITED,Licensed,Special purpose vehicle
FI HOLDINGS LTD,26-10-2020,CLARA FORMATIONS LIMITED,Licensed,Special purpose vehicle
SKY LIGHT HOLDING LIMITED,26-10-2020,10 LEAVES LIMITED,Licensed,Special purpose vehicle
BALKIS HOLDINGS LTD,27-10-2020,,License cancelled,Special purpose vehicle
G42 AS SPV RSC LTD,27-10-2020,,Licensed,Special purpose vehicle
CAPELLA HOLDING LTD,28-10-2020,10 LEAVES LIMITED,Licensed,Special purpose vehicle
AL SAMT HOLDINGS LTD,28-10-2020,10 LEAVES LIMITED,Licensed,Special purpose vehicle
AJM HOLDING LIMITED,28-10-2020,M-HQ LTD,Licensed,Special purpose vehicle
MJS EXCLUSIVE DINING HOLDING LTD,28-10-2020,,Licensed,Special purpose vehicle
THE ATLAS OF ARABIA HOLDINGS LTD,28-10-2020,CLARA FORMATIONS LIMITED,License cancelled,Special purpose vehicle
MATRIX INVESTMENT HOLDING LIMITED,28-10-2020,,License cancelled,Special purpose vehicle
GAAC HOLDING SPV LTD,28-10-2020,CSP GROUP LTD,Licensed,Special purpose vehicle
AEROTER SPV LIMITED,28-10-2020,,Licensed,Special purpose vehicle
SAGA HOLDINGS LTD,29-10-2020,INP IBRAHIM N PARTNERS LEGAL CONSULTANCY LTD,Licensed,Special purpose vehicle
PLATINUM LIGHT C 2013 RSC LIMITED,29-10-2020,,Licensed,Special purpose vehicle
XURSA FOUNDATION,30-10-2020,HISTORY LIMITED,Licensed,Foundation
LALIQUE TAMER BEAUTY HOLDING LIMITED,31-10-2020,10 LEAVES LIMITED,Licensed,Special purpose vehicle
ASTROLABS HOLDING LIMITED,31-10-2020,SWISS GROUP LEGAL LTD,Licensed,Special purpose vehicle
ICIL ME SPV COMPANY LIMITED,31-10-2020,,Licensed,Special purpose vehicle
7 HOLDINGS LTD,01-11-2020,SANCTUARY CORPORATE SERVICES FZ LLC,Licensed,Special purpose vehicle
BROAD PEAK FOUNDATION,01-11-2020,MABA CORPORATE SERVICES LIMITED,Licensed,Foundation
SANDROZ HOLDINGS LIMITED,02-11-2020,,Licensed,Special purpose vehicle
TIPS HOLDING LTD,02-11-2020,,License cancelled,Special purpose vehicle
SANAR HOLDING LIMITED,02-11-2020,CLARA FORMATIONS LIMITED,Licensed,Special purpose vehicle
MIC CAPITAL MANAGEMENT 76 RSC LTD,02-11-2020,WALKERS PROFESSIONAL SERVICES (MIDDLE EAST) LIMITED,Licensed,Special purpose vehicle
AYA INFRASTRUCTURE HOLDING LTD,03-11-2020,CLARA FORMATIONS LIMITED,Licensed,Special purpose vehicle
SYMBOL HOLDINGS LIMITED,03-11-2020,M-HQ LTD,License cancelled,Special purpose vehicle
ECOSYS HOLDING LTD,03-11-2020,MOORE JFC LIMITED,License cancelled,Special purpose vehicle
ETHER ART HOLDING LTD,03-11-2020,CLARA FORMATIONS LIMITED,License cancelled,Special purpose vehicle
APULEAF II LIMITED,03-11-2020,,Licensed,Special purpose vehicle
MIC CAPITAL MANAGEMENT 80 RSC LTD,03-11-2020,WALKERS PROFESSIONAL SERVICES (MIDDLE EAST) LIMITED,Licensed,Special purpose vehicle
MIC CAPITAL MANAGEMENT 77 RSC LTD,03-11-2020,WALKERS PROFESSIONAL SERVICES (MIDDLE EAST) LIMITED,Licensed,Special purpose vehicle
SHIPWAVES HOLDINGS LTD,04-11-2020,,License cancelled,Special purpose vehicle
S.S HOLDING LTD,04-11-2020,10 LEAVES LIMITED,Licensed,Special purpose vehicle
AL EISSA INTERNATIONAL HOLDING LIMITED,04-11-2020,ACCLIME CORPORATE SERVICES LIMITED,Licensed,Special purpose vehicle
AJ INTERNATIONAL HOLDING LIMITED,04-11-2020,ACCLIME CORPORATE SERVICES LIMITED,License cancelled,Special purpose vehicle
MIC CAPITAL MANAGEMENT 82 RSC LTD,04-11-2020,MAPLES FIDUCIARY SERVICES (MIDDLE EAST) LIMITED,Licensed,Special purpose vehicle
MIC CAPITAL MANAGEMENT 81 RSC LTD,04-11-2020,WALKERS PROFESSIONAL SERVICES (MIDDLE EAST) LIMITED,Licensed,Special purpose vehicle
APCC INTERNATIONAL HOLDING SPV LTD,05-11-2020,,License cancelled,Special purpose vehicle
708 HOLDING LIMITED,06-11-2020,KPI AHLI CHARTERED ACCOUNTANTS,License cancelled,Special purpose vehicle
MIC CAPITAL MANAGEMENT 79 RSC LTD,06-11-2020,MAPLES FIDUCIARY SERVICES (MIDDLE EAST) LIMITED,Licensed,Special purpose vehicle
MIC CAPITAL MANAGEMENT 78 RSC LTD,06-11-2020,MAPLES FIDUCIARY SERVICES (MIDDLE EAST) LIMITED,Licensed,Special purpose vehicle
MATRX HOLDING RSC LTD,06-11-2020,ACCLIME CORPORATE SERVICES LIMITED,License cancelled,Special purpose vehicle
TCHABA WORLD HOLDING LTD,07-11-2020,CLARA FORMATIONS LIMITED,Licensed,Special purpose vehicle
DESALYTICS HOLDING LIMITED,08-11-2020,,Licensed,Special purpose vehicle
XDIGIT HOLDING LIMITED,08-11-2020,M-HQ LTD,License cancelled,Special purpose vehicle
MIC CAPITAL MANAGEMENT 84 RSC LTD,08-11-2020,MAPLES FIDUCIARY SERVICES (MIDDLE EAST) LIMITED,Licensed,Special purpose vehicle
MIC CAPITAL MANAGEMENT 85 RSC LTD,08-11-2020,WALKERS PROFESSIONAL SERVICES (MIDDLE EAST) LIMITED,Licensed,Special purpose vehicle
MIC SIP-UK INVESTMENTS 1 RSC LTD,08-11-2020,WALKERS PROFESSIONAL SERVICES (MIDDLE EAST) LIMITED,Licensed,Special purpose vehicle
LAKE HOLDINGS RSC LIMITED,09-11-2020,,Licensed,Special purpose vehicle
ENERGETECH HOLDINGS LTD,10-11-2020,MOORE JFC LIMITED,Licensed,Special purpose vehicle
LIPARUS HOLDING LTD,10-11-2020,CLARA FORMATIONS LIMITED,License cancelled,Special purpose vehicle
SUPERNOVA HOLDING RSC LTD,10-11-2020,CLARA FORMATIONS LIMITED,Licensed,Special purpose vehicle
PLM HOLDING LIMITED,11-11-2020,,License cancelled,Special purpose vehicle
UNDER500 HOLDINGS LIMITED,11-11-2020,CLARA FORMATIONS LIMITED,License cancelled,Special purpose vehicle
ARKENU HOLDING LIMITED,11-11-2020,,License cancelled,Special purpose vehicle
KA PHARMACIES HOLDINGS LIMITED,11-11-2020,,License cancelled,Special purpose vehicle
SILVER BOX HOLDINGS LTD,11-11-2020,10 LEAVES LIMITED,Licensed,Special purpose vehicle
WASLA HOLDINGS LIMITED,11-11-2020,M-HQ LTD,Licensed,Special purpose vehicle
MSOAS HOLDINGS LIMITED,12-11-2020,,License cancelled,Special purpose vehicle
SECURE HOLDINGS LIMITED,12-11-2020,10 LEAVES LIMITED,Licensed,Special purpose vehicle
SMART PRIVATE EQUITY HOLDINGS LTD,12-11-2020,CLARA FORMATIONS LIMITED,License cancelled,Special purpose vehicle
AREA 60 HOLDING COMPANY RSC LIMITED,12-11-2020,WALKERS PROFESSIONAL SERVICES (MIDDLE EAST) LIMITED,Licensed,Special purpose vehicle
YELLOW DOOR ENERGY HOLDINGS SOLAR LIMITED,13-11-2020,CLARA FORMATIONS LIMITED,Licensed,Special purpose vehicle
RDANDX NETWORK HOLDING LTD,14-11-2020,KPI AHLI CHARTERED ACCOUNTANTS,Licensed,Special purpose vehicle
FRONT ROW ANIME HOLDING LTD,15-11-2020,CLARA FORMATIONS LIMITED,License cancelled,Special purpose vehicle
AFLAK PRIME SPV RSC LTD,16-11-2020,ASSISS LTD,Licensed,Special purpose vehicle
FCH CAPITAL PARTNERS HOLDINGS 8 LTD,16-11-2020,CLARA FORMATIONS LIMITED,License cancelled,Special purpose vehicle
CARE 3 HOLDINGS LTD,16-11-2020,CLARA FORMATIONS LIMITED,Licensed,Special purpose vehicle
CALIDUS HOLDING LIMITED,17-11-2020,,Licensed,Special purpose vehicle
WILLBURY HOLDING LIMITED,18-11-2020,SANCTUARY CORPORATE SERVICES FZ LLC,Licensed,Special purpose vehicle
BRONZE BOX HOLDINGS LTD,18-11-2020,10 LEAVES LIMITED,Licensed,Special purpose vehicle
ORBIS SPHERE LIMITED,18-11-2020,CLARA FORMATIONS LIMITED,Licensed,Special purpose vehicle
G42 HC JV 1 SPV LIMITED,21-11-2020,,Licensed,Special purpose vehicle
ALPHA GROUP SPV LIMITED,21-11-2020,SANCTUARY CORPORATE SERVICES FZ LLC,License cancelled,Special purpose vehicle
STRATEGIX SPV LIMITED,22-11-2020,,License cancelled,Special purpose vehicle
EVOLUTION HOLDING LIMITED,22-11-2020,10 LEAVES LIMITED,Licensed,Special purpose vehicle
DESERT ROSE HOLDINGS LTD,23-11-2020,EQUIOM CORPORATE SERVICES (MIDDLE EAST) LTD,Licensed,Special purpose vehicle
ACQUISIT HOLDING LTD,23-11-2020,CLARA FORMATIONS LIMITED,Licensed,Special purpose vehicle
DEAL APP HOLDING LTD,23-11-2020,CLARA FORMATIONS LIMITED,Licensed,Special purpose vehicle
FLARIS HOLDING LIMITED,25-11-2020,AL TAMIMI & CO. CORPORATE SERVICES LIMITED,Licensed,Special purpose vehicle
STAR HOLDING COMPANY LIMITED,25-11-2020,WALKERS PROFESSIONAL SERVICES (MIDDLE EAST) LIMITED,Licensed,Special purpose vehicle
FIRE HOLDINGS LIMITED,25-11-2020,CLARA FORMATIONS LIMITED,License cancelled,Special purpose vehicle
GAFAT HOLDINGS LTD,25-11-2020,,License cancelled,Special purpose vehicle
C CHANGE HOLDING LTD,26-11-2020,,License cancelled,Special purpose vehicle
ADCP PEARL SPV LTD,26-11-2020,WALKERS PROFESSIONAL SERVICES (MIDDLE EAST) LIMITED,License cancelled,Special purpose vehicle
PEARL HOLDING CONSORTIUM LTD,26-11-2020,WALKERS PROFESSIONAL SERVICES (MIDDLE EAST) LIMITED,Licensed,Special purpose vehicle
PEARL HOLDING LTD,26-11-2020,WALKERS PROFESSIONAL SERVICES (MIDDLE EAST) LIMITED,Licensed,Special purpose vehicle
PEARL CONSORTIUM SPV LTD,27-11-2020,WALKERS PROFESSIONAL SERVICES (MIDDLE EAST) LIMITED,Licensed,Special purpose vehicle
WAFEER HOLDING LTD,29-11-2020,WALKERS PROFESSIONAL SERVICES (MIDDLE EAST) LIMITED,Licensed,Special purpose vehicle
RAFIQ FAMILY FOUNDATION,29-11-2020,SANCTUARY CORPORATE SERVICES FZ LLC,License cancelled,Foundation
BUSINESS INNOVATION MINE HOLDINGS LTD,30-11-2020,CLARA FORMATIONS LIMITED,License cancelled,Special purpose vehicle
GORILLA HOLDINGS LTD,30-11-2020,,License cancelled,Special purpose vehicle
EVANT HOLDINGS LIMITED,30-11-2020,CLARA FORMATIONS LIMITED,License cancelled,Special purpose vehicle
TFAM 1 HOLDINGS LTD,30-11-2020,,Licensed,Special purpose vehicle
TFAM 2 HOLDINGS LTD,30-11-2020,,Licensed,Special purpose vehicle
EG 1 HOLDINGS LTD,30-11-2020,,Licensed,Special purpose vehicle
EG 2 HOLDINGS LTD,30-11-2020,,Licensed,Special purpose vehicle
TFDC 1 HOLDINGS LTD,30-11-2020,,Licensed,Special purpose vehicle
PAINTCO SPV LIMITED,02-12-2020,EQUIOM CORPORATE SERVICES (MIDDLE EAST) LTD,Licensed,Special purpose vehicle
AGILITY TRISTAR SPV LIMITED,04-12-2020,INP IBRAHIM N PARTNERS LEGAL CONSULTANCY LTD,Licensed,Special purpose vehicle
STAR HOLDINGS LTD,04-12-2020,INP IBRAHIM N PARTNERS LEGAL CONSULTANCY LTD,Licensed,Special purpose vehicle
DIAMOND SPV LIMITED,06-12-2020,INP IBRAHIM N PARTNERS LEGAL CONSULTANCY LTD,Licensed,Special purpose vehicle
JSS PROPERTIES & INVESTMENT HOLDING LIMITED,06-12-2020,CROWE MAK LLP,Licensed,Special purpose vehicle
RUYA PARTNERS GP LIMITED,07-12-2020,,Licensed,Special purpose vehicle
THE DEEPS HOLDINGS LIMITED,07-12-2020,ACCLIME CORPORATE SERVICES LIMITED,Licensed,Special purpose vehicle
FELIX HOLDINGS LIMITED,08-12-2020,SANCTUARY CORPORATE SERVICES FZ LLC,License cancelled,Special purpose vehicle
SMART VENTURES HOLDINGS LIMITED,08-12-2020,SANCTUARY CORPORATE SERVICES FZ LLC,License cancelled,Special purpose vehicle
RPL HOLDING LIMITED,08-12-2020,,Licensed,Special purpose vehicle
SIX ROYALS HOLDINGS RSC LTD,08-12-2020,CLARA FORMATIONS LIMITED,Licensed,Special purpose vehicle
ZAHANI FOUNDATION,08-12-2020,M-HQ LTD,Licensed,Foundation
DRACOZEN HOLDING LTD,09-12-2020,10 LEAVES LIMITED,Licensed,Special purpose vehicle
DME THREE HOLDING RSC LTD,10-12-2020,CLARA FORMATIONS LIMITED,License cancelled,Special purpose vehicle
DELEKTIA HOLDING LTD,10-12-2020,M-HQ LTD,Licensed,Special purpose vehicle
LIMESTONE SPV LIMITED,10-12-2020,M-HQ LTD,Licensed,Special purpose vehicle
YALLAPLAY HOLDING LTD,10-12-2020,CLARA FORMATIONS LIMITED,Licensed,Special purpose vehicle
APEX HOLDINGS LIMITED,10-12-2020,,License cancelled,Special purpose vehicle
DESERTSUN FOUNDATION,10-12-2020,M-HQ LTD,Licensed,Foundation
PEARL CO INVESTORS GP HOLDING LTD,12-12-2020,WALKERS PROFESSIONAL SERVICES (MIDDLE EAST) LIMITED,Licensed,Special purpose vehicle
ORP PARTICIPATIONS GP HOLDING LTD,12-12-2020,WALKERS PROFESSIONAL SERVICES (MIDDLE EAST) LIMITED,Licensed,Special purpose vehicle
MOHAVE ART HOLDING RSC LTD,12-12-2020,,Licensed,Special purpose vehicle
CSA CAPITAL HOLDINGS LTD,13-12-2020,CLARA FORMATIONS LIMITED,Licensed,Special purpose vehicle
SPINEL FOUNDATION,13-12-2020,ASSISS LTD,Licensed,Foundation
ICC HOLDINGS LTD,14-12-2020,,License cancelled,Special purpose vehicle
BUYANYAUTOPART HOLDING LTD,14-12-2020,COUNSEL SERVICES LIMITED,Licensed,Special purpose vehicle
HM HOLDING LTD,14-12-2020,,License cancelled,Special purpose vehicle
GARAGE HOLDING LTD,14-12-2020,10 LEAVES LIMITED,License cancelled,Special purpose vehicle
RAQAMYAH HOLDING LTD,14-12-2020,CLARA FORMATIONS LIMITED,Licensed,Special purpose vehicle
DUONALA HOLDING LTD,14-12-2020,10 LEAVES LIMITED,Licensed,Special purpose vehicle
DPA INVESTMENTS HOLDING LTD,15-12-2020,,Licensed,Special purpose vehicle
TALOS INVESTMENTS GP SPV LTD,15-12-2020,,Licensed,Special purpose vehicle
PLATINUM RAPTOR C GP 2020 RSC LIMITED,15-12-2020,,Licensed,Special purpose vehicle
CARNRITE HOLDINGS LTD,16-12-2020,CSP GROUP LTD,Licensed,Special purpose vehicle
JTO HOLDING SPV LTD,16-12-2020,ACCLIME CORPORATE SERVICES LIMITED,Licensed,Special purpose vehicle
GLOBAL INVEST CORP HOLDING LIMITED,16-12-2020,,Licensed,Special purpose vehicle
GOLDEN UMBRELLA FOUNDATION,16-12-2020,MABA CORPORATE SERVICES LIMITED,Licensed,Foundation
BF NC SERIES A HOLDINGS LIMITED,17-12-2020,,Licensed,Special purpose vehicle
FIRST DROP HOLDING RSC LTD,17-12-2020,,Licensed,Special purpose vehicle
FOURTH TAKEN HOLDING LTD,20-12-2020,AL TAMIMI & CO. CORPORATE SERVICES LIMITED,Licensed,Special purpose vehicle
SMI HOLDINGS LIMITED,20-12-2020,M-HQ LTD,License cancelled,Special purpose vehicle
ZOBRE HOLDING LTD,20-12-2020,10 LEAVES LIMITED,Licensed,Special purpose vehicle
SADAF HOLDING LTD,21-12-2020,,License cancelled,Special purpose vehicle
SKY PROPERTY HOLDINGS LTD,21-12-2020,,Licensed,Special purpose vehicle
ARIES ENERGY HOLDING LTD,21-12-2020,EQUIOM CORPORATE SERVICES (MIDDLE EAST) LTD,Licensed,Special purpose vehicle
AL SHARQI HOLDING LIMITED,21-12-2020,SANCTUARY CORPORATE SERVICES FZ LLC,License cancelled,Special purpose vehicle
AUSTRALASIAN STRATA MANAGEMENT & INVESTMENT GROUP HOLDINGS LTD,21-12-2020,,License cancelled,Special purpose vehicle
STANDARD FOUNDATION,21-12-2020,M-HQ LTD,License cancelled,Foundation
TRILIV HOLDINGS LIMITED,22-12-2020,,Licensed,Special purpose vehicle
FCH CAPITAL PARTNERS HOLDINGS 9 LTD,23-12-2020,CLARA FORMATIONS LIMITED,License cancelled,Special purpose vehicle
KLAIM HOLDINGS LIMITED,23-12-2020,CLARA FORMATIONS LIMITED,Licensed,Special purpose vehicle
M & K FOUNDATION,23-12-2020,SANCTUARY CORPORATE SERVICES FZ LLC,Licensed,Foundation
GO RIDE HOLDING LIMITED,24-12-2020,,License cancelled,Special purpose vehicle
COUNTD HOLDING LTD,24-12-2020,CLARA FORMATIONS LIMITED,License cancelled,Special purpose vehicle
VERTICROFT HOLDINGS LIMITED,24-12-2020,SANCTUARY CORPORATE SERVICES FZ LLC,Licensed,Special purpose vehicle
VERTICROFT VENTURES HOLDINGS LIMITED,24-12-2020,SANCTUARY CORPORATE SERVICES FZ LLC,Licensed,Special purpose vehicle
BLUE SAPPHIRE HOLDING SPV LIMITED,26-12-2020,AMICORP ADVISORY LIMITED,License cancelled,Special purpose vehicle
HYPEFIN HOLDINGS LTD,26-12-2020,10 LEAVES LIMITED,License cancelled,Special purpose vehicle
SEEDS EDUCATION SPV LTD,27-12-2020,WALKERS PROFESSIONAL SERVICES (MIDDLE EAST) LIMITED,Licensed,Special purpose vehicle
NTS HOLDING COMPANY LTD,27-12-2020,WALKERS PROFESSIONAL SERVICES (MIDDLE EAST) LIMITED,License cancelled,Special purpose vehicle
DOCTORI HOLDING LTD,27-12-2020,CLARA FORMATIONS LIMITED,Licensed,Special purpose vehicle
VALLEY WATER HOLDING LTD,27-12-2020,ELNAGGAR & PARTNERS LIMITED,Licensed,Special purpose vehicle
FATHOM HOLDING LTD,27-12-2020,IDARAH CORPORATE LIMITED,Licensed,Special purpose vehicle
1618 HOLDINGS LIMITED,27-12-2020,SANCTUARY CORPORATE SERVICES FZ LLC,License cancelled,Special purpose vehicle
ATHENA HOLDING LTD,28-12-2020,M-HQ LTD,Licensed,Special purpose vehicle
IMMENSA SPV HOLDINGS LTD,28-12-2020,WALKERS PROFESSIONAL SERVICES (MIDDLE EAST) LIMITED,Licensed,Special purpose vehicle
EJARO TECHNOLOGIES HOLDING LTD,28-12-2020,CLARA FORMATIONS LIMITED,Licensed,Special purpose vehicle
MSM HOLDINGS LTD,28-12-2020,CLARA FORMATIONS LIMITED,License cancelled,Special purpose vehicle
VARIANT ASSETS HOLDINGS LTD,29-12-2020,EQUIOM CORPORATE SERVICES (MIDDLE EAST) LTD,Licensed,Special purpose vehicle
ARIES INTERNATIONAL SPV LTD,29-12-2020,EQUIOM CORPORATE SERVICES (MIDDLE EAST) LTD,Licensed,Special purpose vehicle
BONNE APART HOLDINGS LIMITED,30-12-2020,SANCTUARY CORPORATE SERVICES FZ LLC,License cancelled,Special purpose vehicle
HOLFORD MIDDLE EAST HOLDINGS LIMITED,31-12-2020,CLARA FORMATIONS LIMITED,Licensed,Special purpose vehicle
FOX REFINERY HOLDINGS LIMITED,31-12-2020,WALKERS PROFESSIONAL SERVICES (MIDDLE EAST) LIMITED,Licensed,Special purpose vehicle
PMK HOLDINGS LIMITED,31-12-2020,SANCTUARY CORPORATE SERVICES FZ LLC,License cancelled,Special purpose vehicle
PMK SPV LIMITED,31-12-2020,SANCTUARY CORPORATE SERVICES FZ LLC,License cancelled,Special purpose vehicle
AXONS HOLDING LIMITED,02-01-2021,SANCTUARY CORPORATE SERVICES FZ LLC,License cancelled,Special purpose vehicle
GREEN DOME HOLDINGS LIMITED,03-01-2021,CLARA FORMATIONS LIMITED,Licensed,Special purpose vehicle
RUSHD HOLDINGS LTD,04-01-2021,,License cancelled,Special purpose vehicle
SPINEL HOLDING SPV LTD,04-01-2021,ASSISS LTD,Licensed,Special purpose vehicle
PRISM GROUP HOLDINGS LIMITED,06-01-2021,,License cancelled,Special purpose vehicle
BKSA HOLDING LIMITED,06-01-2021,CLARA FORMATIONS LIMITED,Licensed,Special purpose vehicle
ALAATI HOLDING LIMITED,06-01-2021,CLARA FORMATIONS LIMITED,Licensed,Special purpose vehicle
IMAGINED ORDERS HOLDING LTD,06-01-2021,CLARA FORMATIONS LIMITED,Licensed,Special purpose vehicle
OCEAN FAIR INTERNATIONAL HOLDING LIMITED,06-01-2021,CLARA FORMATIONS LIMITED,Licensed,Special purpose vehicle
CONTEMPORARY LUXURY PERFUMES HOLDING LIMITED,10-01-2021,,Licensed,Special purpose vehicle
BARQ HOLDING LTD,10-01-2021,CLARA FORMATIONS LIMITED,Licensed,Special purpose vehicle
GIG ECONOMY PLATFORM HOLDING LTD,10-01-2021,10 LEAVES LIMITED,License cancelled,Special purpose vehicle
SS OLIVE FOUNDATION,10-01-2021,J. AWAN & PARTNERS LIMITED,Licensed,Foundation
POLVO DORADO HOLDINGS LIMITED,11-01-2021,,Licensed,Special purpose vehicle
JUMLA HOLDINGS LIMITED,11-01-2021,CLARA FORMATIONS LIMITED,Licensed,Special purpose vehicle
MAAC TECH HOLDINGS LTD,12-01-2021,,Licensed,Special purpose vehicle
GHANEM INTERNATIONAL GROUP HOLDING LIMITED,12-01-2021,,Licensed,Special purpose vehicle
GHENA INTERNATIONAL GROUP HOLDING LIMITED,12-01-2021,,License cancelled,Special purpose vehicle
ALPHA NOVA FOUNDATION,12-01-2021,ACCLIME CORPORATE SERVICES LIMITED,Licensed,Foundation
NOVO HOLDINGS LIMITED,13-01-2021,CROWE MAK LLP,Licensed,Special purpose vehicle
AURO PREMIUM COFFEES HOLDINGS LTD,13-01-2021,10 LEAVES LIMITED,Licensed,Special purpose vehicle
GLK HOLDING LIMITED,13-01-2021,,Licensed,Special purpose vehicle
KETEL HOLDINGS LTD,13-01-2021,CLARA FORMATIONS LIMITED,Licensed,Special purpose vehicle
FLOWARD HOLDING LTD,14-01-2021,CLARA FORMATIONS LIMITED,Licensed,Special purpose vehicle
BADGER FOX GLOBAL HOLDING LIMITED,14-01-2021,,License cancelled,Special purpose vehicle
KONG INVESTMENTS HOLDING LIMITED,14-01-2021,,License cancelled,Special purpose vehicle
INFINI PROSPECT HOLDING LIMITED,14-01-2021,,License cancelled,Special purpose vehicle
ADVANCED COMMUNICATIONS HOLDING LTD,14-01-2021,,License cancelled,Special purpose vehicle
MENA DENTAL HOLDINGS II LIMITED,16-01-2021,CLARA FORMATIONS LIMITED,License cancelled,Special purpose vehicle
TRIBE INFRASTRUCTURE ADVISORY HOLDINGS LIMITED,17-01-2021,,Licensed,Special purpose vehicle
ELMACO INVESTMENT HOLDING LIMITED,17-01-2021,M-HQ LTD,License cancelled,Special purpose vehicle
GREENBACK HOLDINGS LIMITED,17-01-2021,,Licensed,Special purpose vehicle
ASTON GRANGE INVESTMENTS SPV LIMITED,17-01-2021,SANCTUARY CORPORATE SERVICES FZ LLC,Licensed,Special purpose vehicle
AL QUDRA RADIANT INVESTMENT RSC LTD,19-01-2021,,License cancelled,Special purpose vehicle
LANDMARK UNIVERSE II HOLDING RSC LTD,21-01-2021,WALKERS PROFESSIONAL SERVICES (MIDDLE EAST) LIMITED,Licensed,Special purpose vehicle
PLATINUM ACRES A 2021 RSC LIMITED,21-01-2021,,Licensed,Special purpose vehicle
LA MAISON INVESTMENT SPV LTD,21-01-2021,ACCLIME CORPORATE SERVICES LIMITED,Licensed,Special purpose vehicle
SSA LOGISTICS HOLDINGS LIMITED,24-01-2021,ROSEMONT PARTNERS CORPORATE SERVICES LIMITED,Licensed,Special purpose vehicle
NOVAMAXX ENGINEERING HOLDINGS LTD,24-01-2021,,License cancelled,Special purpose vehicle
HDB HOLDING LTD,24-01-2021,ACCLIME CORPORATE SERVICES LIMITED,Licensed,Special purpose vehicle
AQUAPLEX HOLDING LTD,25-01-2021,CLARA FORMATIONS LIMITED,Licensed,Special purpose vehicle
GENIE TECH HOLDINGS LTD,26-01-2021,CLARA FORMATIONS LIMITED,License cancelled,Special purpose vehicle
PREXLE SPV LTD,26-01-2021,CLARA FORMATIONS LIMITED,Licensed,Special purpose vehicle
THE DIAMOND FOUNDATION,26-01-2021,SANCTUARY CORPORATE SERVICES FZ LLC,Licensed,Foundation
AJ CAPITAL HOLDINGS LIMITED,27-01-2021,M-HQ LTD,Licensed,Special purpose vehicle
AFRI PIPING SYSTEMS ME HOLDING LTD,27-01-2021,AMICORP ADVISORY LIMITED,Licensed,Special purpose vehicle
IKCON HOLDING LIMITED,27-01-2021,,License cancelled,Special purpose vehicle
WPM BARARI PROPERTY HOLDINGS LTD,27-01-2021,ROSEMONT PARTNERS CORPORATE SERVICES LIMITED,Licensed,Special purpose vehicle
AXOR FOUNDATION,27-01-2021,SANCTUARY CORPORATE SERVICES FZ LLC,Licensed,Foundation
DECOTAM HOLDING LIMITED,28-01-2021,,License cancelled,Special purpose vehicle
VUTA HOLDING SPV LIMITED,28-01-2021,CLARA FORMATIONS LIMITED,Licensed,Special purpose vehicle
BLUE ROCK HOLDINGS LIMITED,30-01-2021,ROSEMONT PARTNERS CORPORATE SERVICES LIMITED,Licensed,Special purpose vehicle
DIGITAL FUTURE FOR COMMUNICATION AND IT HOLDING COMPANY LIMITED,30-01-2021,CLARA FORMATIONS LIMITED,Licensed,Special purpose vehicle
FINFLX HOLDING LIMITED,30-01-2021,CLARA FORMATIONS LIMITED,Licensed,Special purpose vehicle
HC INVESTMENTS 1 HOLDINGS LIMITED,31-01-2021,,Licensed,Special purpose vehicle
GLOBAL PAPER TRADER HOLDINGS LIMITED,31-01-2021,SANCTUARY CORPORATE SERVICES FZ LLC,License cancelled,Special purpose vehicle
SALICA ORYX SPV LIMITED,01-02-2021,,Licensed,Special purpose vehicle
PEARL INVESTMENTS SPV LTD,02-02-2021,WALKERS PROFESSIONAL SERVICES (MIDDLE EAST) LIMITED,License cancelled,Special purpose vehicle
TRANSFORMATIONAL LIFE MEDICAL CENTRE HOLDING LIMITED,03-02-2021,CLYDE SERVICES LIMITED,License cancelled,Special purpose vehicle
VISTAAR INVESTMENT HOLDINGS LIMITED,03-02-2021,ACCLIME CORPORATE SERVICES LIMITED,Licensed,Special purpose vehicle
VOM HOLDING LTD,03-02-2021,CLARA FORMATIONS LIMITED,Licensed,Special purpose vehicle
VENTURE INVENTIONS HOLDING LTD,04-02-2021,,License cancelled,Special purpose vehicle
MIREONE HOLDING LTD,04-02-2021,,License cancelled,Special purpose vehicle
PEARL GROUP SPV LTD,05-02-2021,WALKERS PROFESSIONAL SERVICES (MIDDLE EAST) LIMITED,Licensed,Special purpose vehicle
KUSH MINING SPV LTD,06-02-2021,ACCLIME CORPORATE SERVICES LIMITED,Licensed,Special purpose vehicle
1970 HOLDINGS LIMITED,07-02-2021,SANCTUARY CORPORATE SERVICES FZ LLC,Licensed,Special purpose vehicle
JAP HOLDINGS LTD,08-02-2021,J. AWAN & PARTNERS LIMITED,Licensed,Special purpose vehicle
ALPHA NOVA HOLDINGS LIMITED,09-02-2021,ACCLIME CORPORATE SERVICES LIMITED,Licensed,Special purpose vehicle
ARROW HOLDING RSC LIMITED,09-02-2021,,Licensed,Special purpose vehicle
ERGOSUM FOUNDATION,09-02-2021,M-HQ LTD,License cancelled,Foundation
KKS PTC RSC LTD,10-02-2021,ASSISS LTD,Licensed,Special purpose vehicle
MMR PTC RSC LTD,10-02-2021,,License cancelled,Special purpose vehicle
SRA PTC RSC LTD,10-02-2021,ASSISS LTD,Licensed,Special purpose vehicle
MARIS LOGISTICS HOLDING LTD,14-02-2021,,License cancelled,Special purpose vehicle
TURQUOISE INVESTMENTS SPV LIMITED,15-02-2021,WALKERS PROFESSIONAL SERVICES (MIDDLE EAST) LIMITED,Licensed,Special purpose vehicle
BRITUS NORTH HOLDINGS LTD,16-02-2021,WALKERS PROFESSIONAL SERVICES (MIDDLE EAST) LIMITED,Licensed,Special purpose vehicle
SMB ARABIA HOLDING LTD,16-02-2021,,License cancelled,Special purpose vehicle
BUSINESS INNOVATION MINE INVESTMENTS I HOLDING LTD,17-02-2021,CLARA FORMATIONS LIMITED,License cancelled,Special purpose vehicle
MERAKI HOLDING LTD,17-02-2021,,Licensed,Special purpose vehicle
PLATINUMLIST HOLDINGS LTD,18-02-2021,WALKERS PROFESSIONAL SERVICES (MIDDLE EAST) LIMITED,Licensed,Special purpose vehicle
FRONT SCIENCE HOLDING LTD,18-02-2021,CLARA FORMATIONS LIMITED,License cancelled,Special purpose vehicle
JUMLA NOW HOLDINGS LIMITED,18-02-2021,M-HQ LTD,License cancelled,Special purpose vehicle
KHM PTC RSC LTD,18-02-2021,ASSISS LTD,Licensed,Special purpose vehicle
YMS PTC RSC LTD,18-02-2021,,License cancelled,Special purpose vehicle
CREATION INVESTMENTS HOLDINGS LIMITED,22-02-2021,CLARA FORMATIONS LIMITED,Licensed,Special purpose vehicle
AS2 INVESTMENTS HOLDING LTD,22-02-2021,ACCLIME CORPORATE SERVICES LIMITED,Licensed,Special purpose vehicle
CHAMELEON HOLDING LTD,23-02-2021,CLARA FORMATIONS LIMITED,Licensed,Special purpose vehicle
MERAKI EDUCATION HOLDING LTD,23-02-2021,APEX CORPORATE SERVICES (ME) LTD,Licensed,Special purpose vehicle
MAJARRA HOLDING LIMITED,23-02-2021,CLARA FORMATIONS LIMITED,Licensed,Special purpose vehicle
TLP DISTRICT 8 HOLDING LIMITED,24-02-2021,10 LEAVES LIMITED,Licensed,Special purpose vehicle
ALEBDA TECHNOLOGY HOLDING LIMITED,24-02-2021,,Licensed,Special purpose vehicle
ALPINE HOLDING AGGREGATOR RSC LIMITED,24-02-2021,WALKERS PROFESSIONAL SERVICES (MIDDLE EAST) LIMITED,Licensed,Special purpose vehicle
ROWELL FAMILY HOLDING LTD,25-02-2021,COUNSEL SERVICES LIMITED,Licensed,Special purpose vehicle
GREBES AVIATION FIVE SPV LIMITED,27-02-2021,MAPLES FIDUCIARY SERVICES (MIDDLE EAST) LIMITED,License cancelled,Special purpose vehicle
AMAL HOLDINGS LTD,28-02-2021,,License cancelled,Special purpose vehicle
TLB HOLDINGS LIMITED,28-02-2021,CLARA FORMATIONS LIMITED,Licensed,Special purpose vehicle
RIVERSIDE DEVELOPMENT HOLDINGS LIMITED,28-02-2021,ACCLIME CORPORATE SERVICES LIMITED,Licensed,Special purpose vehicle
OPONTIA HOLDINGS LTD,01-03-2021,,License cancelled,Special purpose vehicle
ELITE INVESTMENT HOLDING LTD,01-03-2021,WALKERS PROFESSIONAL SERVICES (MIDDLE EAST) LIMITED,Licensed,Special purpose vehicle
AMANAT VENTURES HOLDING LIMITED,02-03-2021,,Licensed,Special purpose vehicle
AMANAT HIGHER EDUCATION HOLDINGS LIMITED,02-03-2021,,Licensed,Special purpose vehicle
PETRONASH OFS SPV LTD,03-03-2021,,License cancelled,Special purpose vehicle
ADCP SY SPV LTD,03-03-2021,WALKERS PROFESSIONAL SERVICES (MIDDLE EAST) LIMITED,Licensed,Special purpose vehicle
JALEESA HOLDING LTD,07-03-2021,CLARA FORMATIONS LIMITED,License cancelled,Special purpose vehicle
HAPPY TECH HOLDING LIMITED,07-03-2021,,License cancelled,Special purpose vehicle
TAKTIV HOLDING LIMITED,08-03-2021,SANCTUARY CORPORATE SERVICES FZ LLC,Licensed,Special purpose vehicle
KITOPI THREE SPV LIMITED,09-03-2021,WALKERS PROFESSIONAL SERVICES (MIDDLE EAST) LIMITED,Licensed,Special purpose vehicle
PMK INTERNATIONAL HOLDINGS LTD,09-03-2021,CLARA FORMATIONS LIMITED,Licensed,Special purpose vehicle
HEAVY INDUSTRIES PROPRIETARY SPV LIMITED,09-03-2021,MAPLES FIDUCIARY SERVICES (MIDDLE EAST) LIMITED,Licensed,Special purpose vehicle
ORZU HOSPITALITY GROUP HOLDING LIMITED,09-03-2021,,Licensed,Special purpose vehicle
ADCP SPV 09 LIMITED,09-03-2021,WALKERS PROFESSIONAL SERVICES (MIDDLE EAST) LIMITED,Licensed,Special purpose vehicle
ADCP SPV 10 LIMITED,09-03-2021,WALKERS PROFESSIONAL SERVICES (MIDDLE EAST) LIMITED,Licensed,Special purpose vehicle
KITOPI TWO SPV LIMITED,10-03-2021,WALKERS PROFESSIONAL SERVICES (MIDDLE EAST) LIMITED,Licensed,Special purpose vehicle
ONE URBAN DELI HOLDINGS LIMITED,10-03-2021,SANCTUARY CORPORATE SERVICES FZ LLC,License cancelled,Special purpose vehicle
ALPINE HOLDING 1 RSC LIMITED,10-03-2021,WALKERS PROFESSIONAL SERVICES (MIDDLE EAST) LIMITED,Licensed,Special purpose vehicle
ALPINE HOLDING 2 RSC LIMITED,10-03-2021,WALKERS PROFESSIONAL SERVICES (MIDDLE EAST) LIMITED,Licensed,Special purpose vehicle
PRIMA21 INTERNATIONAL HOLDING LTD,11-03-2021,SWISS GROUP LEGAL LTD,Licensed,Special purpose vehicle
ATARAXIA HOLDING LIMITED,11-03-2021,CLARA FORMATIONS LIMITED,Licensed,Special purpose vehicle
KITOPI ONE SPV LIMITED,13-03-2021,WALKERS PROFESSIONAL SERVICES (MIDDLE EAST) LIMITED,Licensed,Special purpose vehicle
NOVULATE HOLDINGS LIMITED,13-03-2021,CLARA FORMATIONS LIMITED,License cancelled,Special purpose vehicle
TMAM HOLDING LIMITED,14-03-2021,CLARA FORMATIONS LIMITED,Licensed,Special purpose vehicle
AL BAASIT HOLDINGS LIMITED,14-03-2021,,License cancelled,Special purpose vehicle
KOI INVESTMENT HOLDING LIMITED,14-03-2021,ACCLIME CORPORATE SERVICES LIMITED,Licensed,Special purpose vehicle
PEOPLE AND KIDS ME HOLDINGS LIMITED,14-03-2021,ELNAGGAR & PARTNERS LIMITED,License cancelled,Special purpose vehicle
MUBADALA ENERGY (OMAN HOLDINGS) RSC LTD,15-03-2021,WALKERS PROFESSIONAL SERVICES (MIDDLE EAST) LIMITED,Licensed,Special purpose vehicle
HIVE SPV 2 LTD,15-03-2021,10 LEAVES LIMITED,License cancelled,Special purpose vehicle
BRI HOLDINGS EAST LTD,15-03-2021,CSP GROUP LTD,Licensed,Special purpose vehicle
KM HOLDINGS LIMITED,15-03-2021,CLARA FORMATIONS LIMITED,Licensed,Special purpose vehicle
HEALTH & FITNESS HOLDING SPV LTD,15-03-2021,,License cancelled,Special purpose vehicle
LAKESHORE SPV LIMITED,15-03-2021,,License cancelled,Special purpose vehicle
INNOVATIVE FOODS HOLDINGS LIMITED,16-03-2021,CLARA FORMATIONS LIMITED,License cancelled,Special purpose vehicle
RAW BEANS HOLDING LIMITED,16-03-2021,CSP GROUP LTD,Licensed,Special purpose vehicle
SK INVESTMENTS HOLDING LIMITED,17-03-2021,CLARA FORMATIONS LIMITED,License cancelled,Special purpose vehicle
TEEELA HOLDING LTD,17-03-2021,STROLLA LLP,Licensed,Special purpose vehicle
YMS HOLDING RSC LTD,17-03-2021,ASSISS LTD,License cancelled,Special purpose vehicle
JERICHO FOUNDATION,17-03-2021,MABA CORPORATE SERVICES LIMITED,Licensed,Foundation
BRIDGE NINE FUND 1 GP LIMITED,18-03-2021,,Licensed,Special purpose vehicle
BRIDGE NINE FUND 2 GP LIMITED,18-03-2021,,Licensed,Special purpose vehicle
URBAN GRAY BRIDGE HOLDING LTD,21-03-2021,10 LEAVES LIMITED,Licensed,Special purpose vehicle
GHAF PARTNERS I HOLDINGS LIMITED,21-03-2021,,License cancelled,Special purpose vehicle
K VENTURES SPV LTD,21-03-2021,CLARA FORMATIONS LIMITED,License cancelled,Special purpose vehicle
WELFARE 21 LIMITED,21-03-2021,,Licensed,Special purpose vehicle
CWB IP HOLDING LIMITED,22-03-2021,,License cancelled,Special purpose vehicle
28HOLDING IP LTD,22-03-2021,TMF GROUP FIDUCIARY SERVICES LIMITED,License cancelled,Special purpose vehicle
WARIQ HOLDING LTD,22-03-2021,CLARA FORMATIONS LIMITED,License cancelled,Special purpose vehicle
K VENTURES I INVESTMENT SPV LTD,22-03-2021,CLARA FORMATIONS LIMITED,License cancelled,Special purpose vehicle
PHENNA MIDDLE EAST HOLDINGS LIMITED,22-03-2021,WALKERS PROFESSIONAL SERVICES (MIDDLE EAST) LIMITED,Licensed,Special purpose vehicle
ARETE HOLDINGS LIMITED,22-03-2021,WALKERS PROFESSIONAL SERVICES (MIDDLE EAST) LIMITED,Licensed,Special purpose vehicle
ADCP SPV 11 LTD,22-03-2021,WALKERS PROFESSIONAL SERVICES (MIDDLE EAST) LIMITED,Licensed,Special purpose vehicle
BOU RACHED FOUNDATION,22-03-2021,CLARA FORMATIONS LIMITED,Licensed,Foundation
RISE COMMERCIAL HOLDINGS LIMITED,23-03-2021,CLARA FORMATIONS LIMITED,Licensed,Special purpose vehicle
RISE SPORTS CULTURE ENTERTAINMENT HOLDINGS LIMITED,23-03-2021,CLARA FORMATIONS LIMITED,Licensed,Special purpose vehicle
ADCP SPV 12 LTD,23-03-2021,WALKERS PROFESSIONAL SERVICES (MIDDLE EAST) LIMITED,License cancelled,Special purpose vehicle
ADCP SPV 13 LTD,23-03-2021,WALKERS PROFESSIONAL SERVICES (MIDDLE EAST) LIMITED,Licensed,Special purpose vehicle
ADCP SPV 14 LTD,23-03-2021,WALKERS PROFESSIONAL SERVICES (MIDDLE EAST) LIMITED,License cancelled,Special purpose vehicle
ADCP SPV 15 LTD,23-03-2021,WALKERS PROFESSIONAL SERVICES (MIDDLE EAST) LIMITED,License cancelled,Special purpose vehicle
EMERALD TABLET FOUNDATION,23-03-2021,SANCTUARY CORPORATE SERVICES FZ LLC,Licensed,Foundation
INBAR HOLDING RSC LIMITED,24-03-2021,WALKERS PROFESSIONAL SERVICES (MIDDLE EAST) LIMITED,Licensed,Special purpose vehicle
VITALGATES HOLDINGS LIMITED,24-03-2021,CROWE MAK LLP,License cancelled,Special purpose vehicle
AMKAR 1 HOLDING LTD,24-03-2021,10 LEAVES LIMITED,Licensed,Special purpose vehicle
AMKAR 2 HOLDING LTD,24-03-2021,10 LEAVES LIMITED,License cancelled,Special purpose vehicle
STARWAYS INFORMATION TECHNOLOGY HOLDING LIMITED,25-03-2021,CLARA FORMATIONS LIMITED,Licensed,Special purpose vehicle
AVIA SOLUTIONS ME HOLDING LIMITED,25-03-2021,,License cancelled,Special purpose vehicle
HIS HOLDING LTD,26-03-2021,,Licensed,Special purpose vehicle
COOGEE CAPITAL HOLDING LIMITED,27-03-2021,CLARA FORMATIONS LIMITED,Licensed,Special purpose vehicle
EVENT SECURITY MANAGEMENT HOLDING LIMITED,27-03-2021,SANCTUARY CORPORATE SERVICES FZ LLC,License cancelled,Special purpose vehicle
RANDA HOLDINGS LIMITED,28-03-2021,M-HQ LTD,Licensed,Special purpose vehicle
ADC 1 SPV LTD,28-03-2021,,Licensed,Special purpose vehicle
ADC 2 SPV LTD,28-03-2021,,Licensed,Special purpose vehicle
ADC 3 SPV LTD,28-03-2021,,Licensed,Special purpose vehicle
ULTRA WELFARE LTD,28-03-2021,,Licensed,Special purpose vehicle
AWW FOUNDATION,28-03-2021,AMICORP ADVISORY LIMITED,License cancelled,Foundation
SPARTECH VENTURES FUND 1 GP LIMITED,29-03-2021,,Licensed,Special purpose vehicle
ABRAR DEVELOPMENT HOLDING LTD,30-03-2021,SWISS GROUP LEGAL LTD,Licensed,Special purpose vehicle
TAMWAL HOLDINGS LIMITED,01-04-2021,,License cancelled,Special purpose vehicle
REACH GROUP SPV LIMITED,01-04-2021,AMICORP ADVISORY LIMITED,Licensed,Special purpose vehicle
REACH INVESTMENTS SPV LIMITED,01-04-2021,AMICORP ADVISORY LIMITED,Licensed,Special purpose vehicle
NEROLI DEVELOPMENT HOLDING LTD,01-04-2021,SWISS GROUP LEGAL LTD,Licensed,Special purpose vehicle
VE PARTNERS HOLDING LIMITED,01-04-2021,M-HQ LTD,License cancelled,Special purpose vehicle
ORO HOLDING LIMITED,01-04-2021,,Licensed,Special purpose vehicle
DRACO HOLDINGS LIMITED,03-04-2021,CLARA FORMATIONS LIMITED,Licensed,Special purpose vehicle
MAISON DUFFOUR HOLDINGS LIMITED,04-04-2021,,Licensed,Special purpose vehicle
CONTROL HOLDING COMPANY LIMITED,05-04-2021,,Licensed,Special purpose vehicle
BRR HOLDINGS LIMITED,05-04-2021,,License cancelled,Special purpose vehicle
SUPPLYFIED HOLDING LIMITED,05-04-2021,,Licensed,Special purpose vehicle
ASAAS ALBAYANAT HOLDING LIMITED,06-04-2021,,Licensed,Special purpose vehicle
COFE DISTRICT APP HOLDING LTD,06-04-2021,10 LEAVES LIMITED,Licensed,Special purpose vehicle
SUPRA VENTURES LTD,06-04-2021,KPI AHLI CHARTERED ACCOUNTANTS,Licensed,Special purpose vehicle
FURSA BUSINESS HOLDING LTD,06-04-2021,WALKERS PROFESSIONAL SERVICES (MIDDLE EAST) LIMITED,Licensed,Special purpose vehicle
KAI FOUNDATION,06-04-2021,,Licensed,Foundation
SMART I INVESTMENTS HOLDINGS LIMITED,07-04-2021,CLARA FORMATIONS LIMITED,License cancelled,Special purpose vehicle
500 FT SPV LIMITED,08-04-2021,KPI AHLI CHARTERED ACCOUNTANTS,Licensed,Special purpose vehicle
SAGAMORE OPPORTUNITY HOLDING SPV LIMITED,08-04-2021,CLARA FORMATIONS LIMITED,Licensed,Special purpose vehicle
TWL HOLDING LIMITED,08-04-2021,10 LEAVES LIMITED,Licensed,Special purpose vehicle
AQUILARIA CAPITAL (MIDDLE EAST) HOLDINGS LIMITED,08-04-2021,WALKERS PROFESSIONAL SERVICES (MIDDLE EAST) LIMITED,License cancelled,Special purpose vehicle
FRIES NETWORK HOLDING LIMITED,11-04-2021,,License cancelled,Special purpose vehicle
TAMER DIGITAL HOLDING LIMITED,11-04-2021,,Licensed,Special purpose vehicle
SMART SPACE SPV LIMITED,11-04-2021,,License cancelled,Special purpose vehicle
OLIVE ROCK PARTNERS FUND I HOLDING GP LTD,11-04-2021,WALKERS PROFESSIONAL SERVICES (MIDDLE EAST) LIMITED,Licensed,Special purpose vehicle
ATI HOLDING LIMITED,12-04-2021,,Licensed,Special purpose vehicle
ARABIAN HOLDING LIMITED,12-04-2021,IDARAH CORPORATE LIMITED,Licensed,Special purpose vehicle
SPARTAN HOLDINGS LIMITED,12-04-2021,MABA CORPORATE SERVICES LIMITED,Licensed,Special purpose vehicle
NIMAA CAPITAL HOLDING LIMITED,12-04-2021,CLARA FORMATIONS LIMITED,License cancelled,Special purpose vehicle
LHAB INTERNATIONAL HOLDINGS LTD,13-04-2021,CSP GROUP LTD,Licensed,Special purpose vehicle
ASPEN EDUCATION SPV LTD,13-04-2021,EQUIOM CORPORATE SERVICES (MIDDLE EAST) LTD,Licensed,Special purpose vehicle
ASPEN HOLDING LTD,13-04-2021,EQUIOM CORPORATE SERVICES (MIDDLE EAST) LTD,Licensed,Special purpose vehicle
LHAB HOLDINGS LTD,14-04-2021,CSP GROUP LTD,Licensed,Special purpose vehicle
GIRASSOL HOLDING LIMITED,15-04-2021,IDARAH CORPORATE LIMITED,Licensed,Special purpose vehicle
NAMARA INVESTMENTS HOLDING LIMITED,15-04-2021,WALKERS PROFESSIONAL SERVICES (MIDDLE EAST) LIMITED,Licensed,Special purpose vehicle
JOZO FOUNDATION,15-04-2021,CLARA FORMATIONS LIMITED,License cancelled,Foundation
PARTNERS 1 SPV LTD,17-04-2021,CLARA FORMATIONS LIMITED,Licensed,Special purpose vehicle
BOKSHA HOLDING LTD,18-04-2021,CLARA FORMATIONS LIMITED,Licensed,Special purpose vehicle
GEORDIEKIWI HOLDINGS LTD,18-04-2021,,License cancelled,Special purpose vehicle
MILO HOLDING LIMITED,18-04-2021,INTERTRUST (MIDDLE EAST) LTD,Licensed,Special purpose vehicle
ESSENTIALLY HOLDINGS LIMITED,18-04-2021,,Licensed,Special purpose vehicle
MAK PROPERTY FOUNDATION,18-04-2021,SANCTUARY CORPORATE SERVICES FZ LLC,Licensed,Foundation
PROTON VENTURES HOLDINGS LIMITED,19-04-2021,M-HQ LTD,License cancelled,Special purpose vehicle
REHAN HOLDING LIMITED,19-04-2021,CLARA FORMATIONS LIMITED,Licensed,Special purpose vehicle
FRIENDS GROUP HOLDING LTD,19-04-2021,10 LEAVES LIMITED,Licensed,Special purpose vehicle
MASDAR TRIBE AUSTRALIA HOLDINGS LTD,19-04-2021,,Licensed,Special purpose vehicle
OTELAT HOLDING LIMITED,20-04-2021,10 LEAVES LIMITED,License cancelled,Special purpose vehicle
ANAMCARA FUND I GP LTD,20-04-2021,CLARA FORMATIONS LIMITED,Licensed,Special purpose vehicle
THE GALAXY HOLDINGS LTD,20-04-2021,CLARA FORMATIONS LIMITED,License cancelled,Special purpose vehicle
ACQUISITION CO 1 RSC LTD,20-04-2021,ACCLIME CORPORATE SERVICES LIMITED,License cancelled,Special purpose vehicle
ARGA HOLDINGS LTD,21-04-2021,CLARA FORMATIONS LIMITED,Licensed,Special purpose vehicle
AL OBTHANI INVESTMENT HOLDING LIMITED,21-04-2021,CLARA FORMATIONS LIMITED,License cancelled,Special purpose vehicle
VICTORIA HART FOUNDATION,21-04-2021,M-HQ LTD,License cancelled,Foundation
BLK INTERNATIONAL HOLDINGS LIMITED,22-04-2021,STROLLA LLP,Licensed,Special purpose vehicle
TROVON HOLDINGS LIMITED,24-04-2021,SANCTUARY CORPORATE SERVICES FZ LLC,Licensed,Special purpose vehicle
MRSK HOLDING LIMITED,24-04-2021,SWISS GROUP LEGAL LTD,Licensed,Special purpose vehicle
ENVIRONMENTAL TECHNOLOGIES HOLDING LIMITED,25-04-2021,,Licensed,Special purpose vehicle
CIMOSAN HOLDINGS LIMITED,25-04-2021,,License cancelled,Special purpose vehicle
ZYDA HOLDING LIMITED,26-04-2021,WALKERS PROFESSIONAL SERVICES (MIDDLE EAST) LIMITED,Licensed,Special purpose vehicle
PACIFIC GREEN TECHNOLOGIES (MIDDLE EAST) HOLDINGS LIMITED,26-04-2021,M-HQ LTD,Licensed,Special purpose vehicle
NAHDA FUND I GP LTD,26-04-2021,,Licensed,Special purpose vehicle
AG SYNERGY HOLDINGS 1 RSC LTD,27-04-2021,,Licensed,Special purpose vehicle
BEAUFORT HOLDING LIMITED,27-04-2021,TMF GROUP FIDUCIARY SERVICES LIMITED,Licensed,Special purpose vehicle
NEW COUNTRY HEALTHCARE HOLDINGS LTD,27-04-2021,,Licensed,Special purpose vehicle
MSM REAL ESTATE HOLDINGS LIMITED,27-04-2021,AMICORP ADVISORY LIMITED,Licensed,Special purpose vehicle
OAKBRIDGE INVESTMENTS HOLDING LTD,27-04-2021,10 LEAVES LIMITED,Licensed,Special purpose vehicle
HEALTHDOC INTERNATIONAL HOLDING LIMITED,27-04-2021,,Licensed,Special purpose vehicle
MINDSPACE HOLDINGS LIMITED,27-04-2021,M-HQ LTD,Licensed,Special purpose vehicle
GOLDEN ROSE HOLDING LTD,27-04-2021,,License cancelled,Special purpose vehicle
ADCP HL SPV LTD,27-04-2021,WALKERS PROFESSIONAL SERVICES (MIDDLE EAST) LIMITED,License cancelled,Special purpose vehicle
AG SYNERGY HOLDINGS 2 RSC LTD,27-04-2021,,Licensed,Special purpose vehicle
PAKIDA SPV LTD,28-04-2021,ELNAGGAR & PARTNERS LIMITED,Licensed,Special purpose vehicle
ATCO HOLDING LIMITED,28-04-2021,,License cancelled,Special purpose vehicle
RESIDENTIAL COMPLEX PROJECT 1 HOLDINGS LIMITED,28-04-2021,,Licensed,Special purpose vehicle
INFINITE HOLDING LTD,28-04-2021,CLARA FORMATIONS LIMITED,Licensed,Special purpose vehicle
SUHAIL HOLDING LTD,28-04-2021,ASSISS LTD,Licensed,Special purpose vehicle
NADARA HOLDING LTD,28-04-2021,CLARA FORMATIONS LIMITED,Licensed,Special purpose vehicle
CHIMETECH HOLDING LTD,28-04-2021,ASSISS LTD,Licensed,Special purpose vehicle
ARCTURUS HOLDING LIMITED,29-04-2021,CLARA FORMATIONS LIMITED,License cancelled,Special purpose vehicle
CG DRAMA PROJECT HOLDINGS LIMITED,02-05-2021,M-HQ LTD,Licensed,Special purpose vehicle
ZEUS HOLDING LIMITED,02-05-2021,M-HQ LTD,Licensed,Special purpose vehicle
CONCORDIA HOLDING LTD,03-05-2021,,License cancelled,Special purpose vehicle
SUMOU HOLDING LIMITED,03-05-2021,M-HQ LTD,Licensed,Special purpose vehicle
LC RESTAURANT HOLDING LIMITED,03-05-2021,,Licensed,Special purpose vehicle
MARVOL TECHNOLOGY HOLDING LTD,03-05-2021,ASSISS LTD,Licensed,Special purpose vehicle
ALMHA CAPITAL HOLDINGS LTD,03-05-2021,J. AWAN & PARTNERS LIMITED,Licensed,Special purpose vehicle
REFD HOLDING LTD,04-05-2021,CLARA FORMATIONS LIMITED,License cancelled,Special purpose vehicle
ELKASO HOLDING LIMITED,04-05-2021,ACCLIME CORPORATE SERVICES LIMITED,License cancelled,Special purpose vehicle
DA HOLDING LIMITED,04-05-2021,10 LEAVES LIMITED,Licensed,Special purpose vehicle
CHIMERA VENTURES I (GP) SPV LTD,04-05-2021,,Licensed,Special purpose vehicle
GRUBCO HOLDING LIMITED,05-05-2021,M-HQ LTD,Licensed,Special purpose vehicle
PERFORMANCE54 SPV LIMITED,05-05-2021,,License cancelled,Special purpose vehicle
KKS HOLDING RSC LTD,05-05-2021,ASSISS LTD,Licensed,Special purpose vehicle
KHM HOLDING RSC LTD,05-05-2021,ASSISS LTD,Licensed,Special purpose vehicle
WKC GROUP HOLDING LIMITED,06-05-2021,CLARA FORMATIONS LIMITED,Licensed,Special purpose vehicle
LW HOLDINGS LIMITED,08-05-2021,,License cancelled,Special purpose vehicle
LINKLEASE PME 7 HOLDING LTD,08-05-2021,,Licensed,Special purpose vehicle
COLUMBUS HOLDINGS RSC LIMITED,08-05-2021,WALKERS PROFESSIONAL SERVICES (MIDDLE EAST) LIMITED,Licensed,Special purpose vehicle
CARRIYO HOLDING LTD,09-05-2021,,License cancelled,Special purpose vehicle
YELLOW DOOR ENERGY HOLDINGS SOLIS LIMITED,09-05-2021,CLARA FORMATIONS LIMITED,Licensed,Special purpose vehicle
SAMPI INTERNATIONAL HOLDING LIMITED,09-05-2021,10 LEAVES LIMITED,Licensed,Special purpose vehicle
JAM HOLDINGS LIMITED,09-05-2021,COUNSEL SERVICES LIMITED,Licensed,Special purpose vehicle
TURKI ALSHAIKH SPV LTD,09-05-2021,CLARA FORMATIONS LIMITED,Licensed,Special purpose vehicle
JOI GIFTS HOLDINGS LIMITED,09-05-2021,CLARA FORMATIONS LIMITED,Licensed,Special purpose vehicle
ADNOC DISTRIBUTION KSA HOLDING RSC LIMITED,10-05-2021,CLARA FORMATIONS LIMITED,Licensed,Special purpose vehicle
RAAYI HOLDINGS LIMITED,10-05-2021,,License cancelled,Special purpose vehicle
AI HOLDINGS LTD,10-05-2021,SANCTUARY CORPORATE SERVICES FZ LLC,License cancelled,Special purpose vehicle
BF TK SECONDARY HOLDINGS LIMITED,10-05-2021,,Licensed,Special purpose vehicle
BRIGHT EAST HOLDING 1 LTD,10-05-2021,TMF GROUP FIDUCIARY SERVICES LIMITED,Licensed,Special purpose vehicle
BRIGHT EAST HOLDING 2 LTD,10-05-2021,TMF GROUP FIDUCIARY SERVICES LIMITED,Licensed,Special purpose vehicle
KHADOUM HOLDINGS LTD,10-05-2021,CLARA FORMATIONS LIMITED,License cancelled,Special purpose vehicle
I46 SPV LTD,10-05-2021,CLARA FORMATIONS LIMITED,Licensed,Special purpose vehicle
SRAQ HOLDING RSC LTD,10-05-2021,ASSISS LTD,Licensed,Special purpose vehicle
ENGLEASE TECHNOLOGIES SPV LTD,13-05-2021,ARGENTUM LAW LTD,Licensed,Special purpose vehicle
STEPAHEAD HOLDING LTD,16-05-2021,ASSISS LTD,Licensed,Special purpose vehicle
ORBIT INVEST HOLDING LTD,16-05-2021,10 LEAVES LIMITED,Licensed,Special purpose vehicle
ANAA HOLDING LIMITED,17-05-2021,WALKERS PROFESSIONAL SERVICES (MIDDLE EAST) LIMITED,Licensed,Special purpose vehicle
SAQ HOLDING LIMITED,17-05-2021,,License cancelled,Special purpose vehicle
2V COMPANY HOLDINGS LIMITED,17-05-2021,M-HQ LTD,License cancelled,Special purpose vehicle
BAB AL ARABIA HOLDINGS LTD,17-05-2021,10 LEAVES LIMITED,Licensed,Special purpose vehicle
DYNAGRAPH HOLDING LTD,18-05-2021,WALKERS PROFESSIONAL SERVICES (MIDDLE EAST) LIMITED,Licensed,Special purpose vehicle
FMA HOLDINGS LIMITED,18-05-2021,,License cancelled,Special purpose vehicle
KKHC INVESTMENT SPV LIMITED,18-05-2021,WALKERS PROFESSIONAL SERVICES (MIDDLE EAST) LIMITED,Licensed,Special purpose vehicle
CYBERME DEVELOPMENT SPV LIMITED,18-05-2021,,Licensed,Special purpose vehicle
CALUM MACLEOD HOLDING LIMITED,18-05-2021,,Licensed,Special purpose vehicle
SKY INVESTMENTS HOLDING LIMITED,19-05-2021,,Licensed,Special purpose vehicle
PHANTOM HOLDING LTD,19-05-2021,10 LEAVES LIMITED,License cancelled,Special purpose vehicle
RS HOLDING LIMITED,20-05-2021,,Licensed,Special purpose vehicle
KEPLER HOLDCO LIMITED,20-05-2021,WALKERS PROFESSIONAL SERVICES (MIDDLE EAST) LIMITED,Licensed,Special purpose vehicle
VERUM VITA FOUNDATION,20-05-2021,,Licensed,Foundation
SUPREMO HOLDING LIMITED,22-05-2021,M-HQ LTD,Licensed,Special purpose vehicle
KAPITAN HOLDING LIMITED,22-05-2021,M-HQ LTD,License cancelled,Special purpose vehicle
SUPREME HOLDINGS LIMITED,23-05-2021,ROSEMONT PARTNERS CORPORATE SERVICES LIMITED,Licensed,Special purpose vehicle
HELP WITH HOLDING LIMITED,23-05-2021,SANCTUARY CORPORATE SERVICES FZ LLC,Licensed,Special purpose vehicle
REAL TECH VENTURES HOLDINGS LTD,23-05-2021,AMICORP ADVISORY LIMITED,License cancelled,Special purpose vehicle
FUTURE VENTURES HOLDING LIMITED,23-05-2021,SANCTUARY CORPORATE SERVICES FZ LLC,License cancelled,Special purpose vehicle
DE LEEUW INTERNATIONAL HOLDINGS LIMITED,24-05-2021,ELNAGGAR & PARTNERS LIMITED,Licensed,Special purpose vehicle
AGRICULTURE INVESTMENT HOLDING COMPANY (ETHMAR) LTD,24-05-2021,INP IBRAHIM N PARTNERS LEGAL CONSULTANCY LTD,Licensed,Special purpose vehicle
THE MERINEAU GOSSELIN AL NASSOUR FOUNDATION,24-05-2021,M-HQ LTD,Licensed,Foundation
PLAYBOOK HOLDINGS LTD,25-05-2021,CLARA FORMATIONS LIMITED,Licensed,Special purpose vehicle
MMT HOLDING LIMITED,25-05-2021,,Licensed,Special purpose vehicle
BLUE HAVEN HOLDINGS LIMITED,25-05-2021,SANCTUARY CORPORATE SERVICES FZ LLC,Licensed,Special purpose vehicle
THE RK FOUNDATION,25-05-2021,SANCTUARY CORPORATE SERVICES FZ LLC,Licensed,Foundation
INOOVATE HOLDING LTD,27-05-2021,CLARA FORMATIONS LIMITED,Licensed,Special purpose vehicle
CODE ENGINES SOFTWARE HOLDING LTD,30-05-2021,CLARA FORMATIONS LIMITED,Licensed,Special purpose vehicle
GLOBAL FINTECH INVESTMENTS HOLDING LTD,30-05-2021,WALKERS PROFESSIONAL SERVICES (MIDDLE EAST) LIMITED,Licensed,Special purpose vehicle
WIZZPAY TECH HOLDINGS LTD,30-05-2021,WALKERS PROFESSIONAL SERVICES (MIDDLE EAST) LIMITED,Licensed,Special purpose vehicle
XM HOLDINGS LTD,31-05-2021,WALKERS PROFESSIONAL SERVICES (MIDDLE EAST) LIMITED,Licensed,Special purpose vehicle
SLAMCHAT HOLDINGS LIMITED,31-05-2021,SANCTUARY CORPORATE SERVICES FZ LLC,License cancelled,Special purpose vehicle
AGILITY STRATEGIES HOLDING LIMITED,31-05-2021,PEREGRINE CORPORATE SERVICES LTD,Licensed,Special purpose vehicle
MONSOON ACCESSORIZE ME HOLDING LIMITED,01-06-2021,CLARA FORMATIONS LIMITED,Licensed,Special purpose vehicle
WLI HOLDINGS LTD,01-06-2021,CLARA FORMATIONS LIMITED,Licensed,Special purpose vehicle
MINE HOLDING RSC LIMITED,01-06-2021,WALKERS PROFESSIONAL SERVICES (MIDDLE EAST) LIMITED,Licensed,Special purpose vehicle
THE ZELADONA CAPITAL SPV LIMITED,02-06-2021,,License cancelled,Special purpose vehicle
TRANSCONTINENTAL INVESTMENT HOLDING LTD,02-06-2021,,License cancelled,Special purpose vehicle
C3 HOLDING LIMITED,03-06-2021,J. AWAN & PARTNERS LIMITED,Licensed,Special purpose vehicle
OPG HOLDING RSC LTD,03-06-2021,ASSISS LTD,Licensed,Special purpose vehicle
SANAD HOLDINGS LTD,06-06-2021,CLARA FORMATIONS LIMITED,Licensed,Special purpose vehicle
FLASHY HOLDINGS LIMITED,06-06-2021,CLARA FORMATIONS LIMITED,Licensed,Special purpose vehicle
GIL INTERNATIONAL HOLDINGS I LIMITED,06-06-2021,ASSISS LTD,Licensed,Special purpose vehicle
GIL INTERNATIONAL HOLDINGS II LIMITED,06-06-2021,ASSISS LTD,Licensed,Special purpose vehicle
GIL INTERNATIONAL HOLDINGS III LIMITED,06-06-2021,ASSISS LTD,Licensed,Special purpose vehicle
ARROWHEAD INVESTMENTS HOLDINGS LTD,06-06-2021,,License cancelled,Special purpose vehicle
NST HOLDING LIMITED,07-06-2021,CLARA FORMATIONS LIMITED,License cancelled,Special purpose vehicle
WAZA HOLDINGS LIMITED,07-06-2021,CLARA FORMATIONS LIMITED,Licensed,Special purpose vehicle
ELECTRONIC SPEED HOLDING LIMITED,07-06-2021,ACCLIME CORPORATE SERVICES LIMITED,License cancelled,Special purpose vehicle
3S CAPITAL INVESTMENT IIC (SPV) LIMITED,07-06-2021,CSP GROUP LTD,Licensed,Special purpose vehicle
AL REEM VENTURES SPV RSC LTD,08-06-2021,,Licensed,Special purpose vehicle
LETS HOLDING LIMITED,09-06-2021,CLARA FORMATIONS LIMITED,Licensed,Special purpose vehicle
ORC COMPANY HOLDINGS LIMITED,11-06-2021,,Licensed,Special purpose vehicle
DWISI HOLDING LTD,13-06-2021,CLARA FORMATIONS LIMITED,License cancelled,Special purpose vehicle
A N D HOLDING SPV LIMITED,13-06-2021,,Licensed,Special purpose vehicle
WHITE GALAXY FOUNDATION,13-06-2021,ROSEMONT PARTNERS CORPORATE SERVICES LIMITED,License cancelled,Foundation
H2I GLOBAL HOLDING LTD,15-06-2021,,License cancelled,Special purpose vehicle
JIA YOU HOLDING LIMITED,15-06-2021,SWISS GROUP LEGAL LTD,Licensed,Special purpose vehicle
BEAUFORT SLP HOLDING LIMITED,15-06-2021,TMF GROUP FIDUCIARY SERVICES LIMITED,Licensed,Special purpose vehicle
BEAUFORT PRIVATE INVESTMENTS HOLDING LIMITED,15-06-2021,TMF GROUP FIDUCIARY SERVICES LIMITED,Licensed,Special purpose vehicle
VORTEX ENERGY IV GP LIMITED,15-06-2021,TMF GROUP FIDUCIARY SERVICES LIMITED,Licensed,Special purpose vehicle
AL KAABI HOLDINGS LIMITED,16-06-2021,,Licensed,Special purpose vehicle
E.W. TEXTILE HOLDING LIMITED,16-06-2021,ACCLIME CORPORATE SERVICES LIMITED,Licensed,Special purpose vehicle
FORCE10 INVESTMENTS SPV LIMITED,16-06-2021,,License cancelled,Special purpose vehicle
THE ONE MOMENT HOLDINGS LIMITED,16-06-2021,,Licensed,Special purpose vehicle
ANTHEM HOLDINGS RSC LIMITED,16-06-2021,WALKERS PROFESSIONAL SERVICES (MIDDLE EAST) LIMITED,Licensed,Special purpose vehicle
ARV INVESTMENT SPV RSC LTD,17-06-2021,,Licensed,Special purpose vehicle
RESIDENTIAL COMPLEX PROJECT 2 HOLDINGS LIMITED,17-06-2021,,Licensed,Special purpose vehicle
IEM HOLDINGS LTD,17-06-2021,CLARA FORMATIONS LIMITED,License cancelled,Special purpose vehicle
YASCHOOLS HOLDING LTD,17-06-2021,CLARA FORMATIONS LIMITED,Licensed,Special purpose vehicle
MONKIBOX HOLDING LTD,17-06-2021,CLARA FORMATIONS LIMITED,License cancelled,Special purpose vehicle
PADEL ARABIA HOLDING LIMITED,17-06-2021,CLARA FORMATIONS LIMITED,License cancelled,Special purpose vehicle
OMAA HOLDING LIMITED,20-06-2021,,License cancelled,Special purpose vehicle
MAXUS HOLDING LTD,20-06-2021,10 LEAVES LIMITED,License cancelled,Special purpose vehicle
PHARMAPRENEUR HOLDING LIMITED,20-06-2021,SANCTUARY CORPORATE SERVICES FZ LLC,License cancelled,Special purpose vehicle
VT HAWKER AIRCRAFT HOLDING LIMITED,20-06-2021,CROWE MAK LLP,Licensed,Special purpose vehicle
SKAF HOLDING LTD,21-06-2021,10 LEAVES LIMITED,License cancelled,Special purpose vehicle
KCM HOLDINGS LIMITED,22-06-2021,,License cancelled,Special purpose vehicle
LATHYRUS GROUP SPV LTD,22-06-2021,CLARA FORMATIONS LIMITED,License cancelled,Special purpose vehicle
KOALA EATS HOLDINGS LIMITED,23-06-2021,CLARA FORMATIONS LIMITED,Licensed,Special purpose vehicle
TWO RIVERS HOLDING LIMITED,23-06-2021,CLARA FORMATIONS LIMITED,Licensed,Special purpose vehicle
LIFE NAVIGATOR HOLDING LIMITED,23-06-2021,M-HQ LTD,Licensed,Special purpose vehicle
MSN HOLDING LIMITED,23-06-2021,M-HQ LTD,Licensed,Special purpose vehicle
LINKTIA HOLDINGS LIMITED,23-06-2021,SANCTUARY CORPORATE SERVICES FZ LLC,Licensed,Special purpose vehicle
MENZIES INVESTMENT HOLDING II LIMITED,23-06-2021,PEREGRINE CORPORATE SERVICES LTD,Licensed,Special purpose vehicle
MENZIES HOLDING LIMITED,23-06-2021,PEREGRINE CORPORATE SERVICES LTD,Licensed,Special purpose vehicle
NUR SHERABAD HOLDING RSC LIMITED,23-06-2021,WALKERS PROFESSIONAL SERVICES (MIDDLE EAST) LIMITED,Licensed,Special purpose vehicle
NUR SAMARKAND HOLDING RSC LIMITED,23-06-2021,WALKERS PROFESSIONAL SERVICES (MIDDLE EAST) LIMITED,Licensed,Special purpose vehicle
NUR JIZZAKH HOLDING RSC LIMITED,23-06-2021,WALKERS PROFESSIONAL SERVICES (MIDDLE EAST) LIMITED,Licensed,Special purpose vehicle
ARENA INVEST HOLDING LIMITED,24-06-2021,SWISS GROUP LEGAL LTD,Licensed,Special purpose vehicle
A1 REMONDIS ADNPM WATER RECYCLING SPV LTD,24-06-2021,,Licensed,Special purpose vehicle
DYNASTY HOLDING LIMITED,24-06-2021,,Licensed,Special purpose vehicle
GLU LEARNING SPV LTD,24-06-2021,ACCLIME CORPORATE SERVICES LIMITED,Licensed,Special purpose vehicle
ONE FRANCHISING HOLDING (SPV) LTD,25-06-2021,CLARA FORMATIONS LIMITED,Licensed,Special purpose vehicle
LKL HOLDINGS RSC LIMITED,25-06-2021,INTERTRUST (MIDDLE EAST) LTD,Licensed,Special purpose vehicle
A1 REMONDIS ADBBL WATER RECYCLING SPV LTD,26-06-2021,,Licensed,Special purpose vehicle
SUSTAINABLE MINING AND INFRASTRUCTURE HOLDINGS LIMITED,27-06-2021,,License cancelled,Special purpose vehicle
EMB HOLDING LIMITED,27-06-2021,,License cancelled,Special purpose vehicle
UNITY PARTNERS HOLDINGS LIMITED,27-06-2021,SANCTUARY CORPORATE SERVICES FZ LLC,License cancelled,Special purpose vehicle
WASFAGO HOLDING LIMITED,27-06-2021,SANCTUARY CORPORATE SERVICES FZ LLC,License cancelled,Special purpose vehicle
BLISS PADEL GROUP HOLDING LIMITED,27-06-2021,,Licensed,Special purpose vehicle
BUTTERFLY SOCIAL HOLDING LTD,27-06-2021,CLARA FORMATIONS LIMITED,Licensed,Special purpose vehicle
ASPERITAS HOLDING LIMITED,27-06-2021,,Licensed,Special purpose vehicle
SYNERGETICS HOLDING RSC LTD,27-06-2021,,Licensed,Special purpose vehicle
NORTH AFRICAN EDUCATION GROUP HOLDINGS LIMITED,28-06-2021,WALKERS PROFESSIONAL SERVICES (MIDDLE EAST) LIMITED,Licensed,Special purpose vehicle
ACHO HOLDINGS LIMITED,28-06-2021,CLARA FORMATIONS LIMITED,Licensed,Special purpose vehicle
FUTURE GINGER HOLDINGS LIMITED,28-06-2021,CLARA FORMATIONS LIMITED,Licensed,Special purpose vehicle
HG HOSPITALITY HOLDING LTD,28-06-2021,CLARA FORMATIONS LIMITED,Licensed,Special purpose vehicle
ARTSMILEY GROUP HOLDING LTD,28-06-2021,10 LEAVES LIMITED,License cancelled,Special purpose vehicle
WIZZPAY MENA HOLDINGS LTD,28-06-2021,WALKERS PROFESSIONAL SERVICES (MIDDLE EAST) LIMITED,License cancelled,Special purpose vehicle
MELLTOO HOLDINGS LIMITED,29-06-2021,10 LEAVES LIMITED,License cancelled,Special purpose vehicle
THIRTYTHREE73 DIGITAL HOLDINGS LTD,29-06-2021,CLARA FORMATIONS LIMITED,Licensed,Special purpose vehicle
FOM GROUP HOLDING L.T.D.,29-06-2021,CROWE MAK LLP,Licensed,Special purpose vehicle
QPQ INTERNATIONAL HOLDING LTD,29-06-2021,CLARA FORMATIONS LIMITED,Licensed,Special purpose vehicle
NATIONAL GAS SHIPPING COMPANY HOLDING LIMITED,29-06-2021,,Licensed,Special purpose vehicle
WORDSWORTH HOLDING LTD,30-06-2021,CLARA FORMATIONS LIMITED,License cancelled,Special purpose vehicle
CAREFER GROUP HOLDING LTD,30-06-2021,PEREGRINE CORPORATE SERVICES LTD,Licensed,Special purpose vehicle
GLOBAL RESTAURANTS SPV LTD,30-06-2021,,Licensed,Special purpose vehicle
ALGOORU HOLDING LTD,01-07-2021,CLARA FORMATIONS LIMITED,Licensed,Special purpose vehicle
XGROUP HOLDINGS LIMITED,01-07-2021,,Licensed,Special purpose vehicle
SKYLIGHT FOUNDATION,01-07-2021,10 LEAVES LIMITED,Licensed,Foundation
DOUGLAS PENN HOLDING LTD,03-07-2021,CLARA FORMATIONS LIMITED,License cancelled,Special purpose vehicle
KEMA HOLDINGS LTD,03-07-2021,CLARA FORMATIONS LIMITED,Licensed,Special purpose vehicle
VERSATILE HOLDING LIMITED,05-07-2021,,Licensed,Special purpose vehicle
BF SW SERIES B HOLDINGS LIMITED,05-07-2021,CLARA FORMATIONS LIMITED,Licensed,Special purpose vehicle
TESTAPP.IO HOLDING LTD,05-07-2021,CLARA FORMATIONS LIMITED,License cancelled,Special purpose vehicle
MIKAEL SILVESTRE INSTITUTE HOLDING LTD,06-07-2021,,Licensed,Special purpose vehicle
TG ENTERPRISE SPV LTD,06-07-2021,CLARA FORMATIONS LIMITED,Licensed,Special purpose vehicle
SNACKING AND INGREDIENTS FOOD HOLDING CO (SIFCO) LIMITED,06-07-2021,WALKERS PROFESSIONAL SERVICES (MIDDLE EAST) LIMITED,Licensed,Special purpose vehicle
CE HOLDINGS FOUNDATION,06-07-2021,ROSEMONT PARTNERS CORPORATE SERVICES LIMITED,Licensed,Foundation
HERO ODYSEA HOLDING LTD,07-07-2021,CLARA FORMATIONS LIMITED,License cancelled,Special purpose vehicle
C26 CONSOLIDATED HOLDING LIMITED,07-07-2021,M-HQ LTD,Licensed,Special purpose vehicle
HEYSTEK HOLDINGS LTD,07-07-2021,CLARA FORMATIONS LIMITED,Licensed,Special purpose vehicle
THE FARMS HOLDING LIMITED,07-07-2021,M-HQ LTD,License cancelled,Special purpose vehicle
NIGMA GALAXY HOLDINGS LTD,07-07-2021,,Licensed,Special purpose vehicle
SHOROOQ HOLDINGS LIMITED,07-07-2021,CLARA FORMATIONS LIMITED,Licensed,Special purpose vehicle
NIGMA LEGACY HOLDINGS LTD,07-07-2021,,Licensed,Special purpose vehicle
LL II SPV 1 RSC LTD,07-07-2021,,Licensed,Special purpose vehicle
NEXT ERA INVESTMENT HOLDING LTD,08-07-2021,AL TAMIMI & CO. CORPORATE SERVICES LIMITED,Licensed,Special purpose vehicle
SPARK HOLDING LTD,08-07-2021,CLARA FORMATIONS LIMITED,Licensed,Special purpose vehicle
TTJ HOLDING LIMITED,08-07-2021,ROSEMONT PARTNERS CORPORATE SERVICES LIMITED,Licensed,Special purpose vehicle
TTB HOLDING LIMITED,08-07-2021,ROSEMONT PARTNERS CORPORATE SERVICES LIMITED,Licensed,Special purpose vehicle
TTS HOLDING LIMITED,08-07-2021,ROSEMONT PARTNERS CORPORATE SERVICES LIMITED,Licensed,Special purpose vehicle
ANDANDREA HOLDINGS LTD,08-07-2021,,License cancelled,Special purpose vehicle
KAPPA ORYX RESTRICTED LTD,08-07-2021,,Licensed,Special purpose vehicle
NERVE INVESTMENT SPV LTD,08-07-2021,ASSISS LTD,Licensed,Special purpose vehicle
REAL ESTATE HOLDINGS RSC LIMITED,08-07-2021,WALKERS PROFESSIONAL SERVICES (MIDDLE EAST) LIMITED,Licensed,Special purpose vehicle
CHIMERA GROUP HOLDING RSC LTD,08-07-2021,ASSISS LTD,Licensed,Special purpose vehicle
ADG INVESTMENT HOLDINGS RSC LTD,09-07-2021,,Licensed,Special purpose vehicle
ADG STRATEGIC HOLDINGS RSC LTD,09-07-2021,,Licensed,Special purpose vehicle
SAPPHIRE PRIVATE FUNDS SPV 2 RSC LTD,09-07-2021,,Licensed,Special purpose vehicle
SAPPHIRE PRIVATE FUNDS HOLDINGS I RSC LTD,09-07-2021,,Licensed,Special purpose vehicle
SAPPHIRE PUBLIC EQUITY HOLDINGS RSC LTD,09-07-2021,,Licensed,Special purpose vehicle
SAPPHIRE HEDGE FUND HOLDINGS RSC LTD,09-07-2021,,Licensed,Special purpose vehicle
SAPPHIRE STRATEGIC HOLDINGS I RSC LTD,09-07-2021,,Licensed,Special purpose vehicle
SAPPHIRE STRATEGIC HOLDINGS II RSC LTD,09-07-2021,,Licensed,Special purpose vehicle
SAPPHIRE PRIVATE FUNDS SPV 1 RSC LTD,09-07-2021,,Licensed,Special purpose vehicle
SAPPHIRE PRIVATE FUNDS SPV 3 RSC LTD,09-07-2021,,Licensed,Special purpose vehicle
SAPPHIRE PRIVATE FUNDS HOLDINGS III RSC LTD,09-07-2021,,Licensed,Special purpose vehicle
SAPPHIRE PUBLIC EQUITY SPV 1 RSC LTD,09-07-2021,,Licensed,Special purpose vehicle
SAPPHIRE PUBLIC EQUITY SPV 2 RSC LTD,09-07-2021,,Licensed,Special purpose vehicle
MMQ HOLDING RSC LTD,09-07-2021,ASSISS LTD,License cancelled,Special purpose vehicle
ELITE CO HOLDINGS LTD,10-07-2021,CLARA FORMATIONS LIMITED,Licensed,Special purpose vehicle
ELITE PRIME HOLDING LTD,10-07-2021,CLARA FORMATIONS LIMITED,Licensed,Special purpose vehicle
BIOS MIDDLE EAST HOLDINGS LTD,10-07-2021,CROWE MAK LLP,Licensed,Special purpose vehicle
BDS ME HOLDING LTD,10-07-2021,,License cancelled,Special purpose vehicle
BDS ME INVESTMENT HOLDING LTD,10-07-2021,,License cancelled,Special purpose vehicle
3S PROPERTIES HOLDING LTD,10-07-2021,10 LEAVES LIMITED,License cancelled,Special purpose vehicle
DEERFIELDS HOLDING LTD,10-07-2021,10 LEAVES LIMITED,Licensed,Special purpose vehicle
SAPPHIRE DIRECT HOLDINGS RSC LTD,10-07-2021,,Licensed,Special purpose vehicle
SAPPHIRE PRIVATE FUNDS HOLDINGS II RSC LTD,10-07-2021,,Licensed,Special purpose vehicle
SAPPHIRE HEDGE FUND SPV 1 RSC LTD,10-07-2021,,Licensed,Special purpose vehicle
SAPPHIRE HEDGE FUND SPV 2 RSC LTD,10-07-2021,,Licensed,Special purpose vehicle
METAL PARK HOLDING LTD,11-07-2021,10 LEAVES LIMITED,License cancelled,Special purpose vehicle
DNAF HOLDING LTD,11-07-2021,INP IBRAHIM N PARTNERS LEGAL CONSULTANCY LTD,License cancelled,Special purpose vehicle
DNF HOLDING LTD,11-07-2021,INP IBRAHIM N PARTNERS LEGAL CONSULTANCY LTD,License cancelled,Special purpose vehicle
EMG SPV LTD,11-07-2021,CLARA FORMATIONS LIMITED,Licensed,Special purpose vehicle
PHENECIA HOLDING LTD,11-07-2021,,License cancelled,Special purpose vehicle
ACE HOLDINGS LTD,11-07-2021,CLARA FORMATIONS LIMITED,Licensed,Special purpose vehicle
C TECHNOLOGY (SPV) LIMITED,11-07-2021,CLARA FORMATIONS LIMITED,Licensed,Special purpose vehicle
FORT ENERGY HOLDING LTD,11-07-2021,ACCLIME CORPORATE SERVICES LIMITED,Licensed,Special purpose vehicle
ELITSER HOLDINGS LTD,11-07-2021,KPI AHLI CHARTERED ACCOUNTANTS,Licensed,Special purpose vehicle
SAPPHIRE DIRECT SPV 1 RSC LTD,11-07-2021,,Licensed,Special purpose vehicle
MELALEUCA FOUNDATION,11-07-2021,CLARA FORMATIONS LIMITED,Licensed,Foundation
MATTERA HOLDINGS LIMITED,12-07-2021,ACCLIME CORPORATE SERVICES LIMITED,License cancelled,Special purpose vehicle
SAPPHIRE DIRECT SPV 2 RSC LTD,12-07-2021,,Licensed,Special purpose vehicle
SAPPHIRE DIRECT SPV 3 RSC LTD,12-07-2021,,Licensed,Special purpose vehicle
SAPPHIRE DIRECT SPV 5 RSC LTD,12-07-2021,,Licensed,Special purpose vehicle
SAPPHIRE DIRECT SPV 6 RSC LTD,12-07-2021,,Licensed,Special purpose vehicle
SAPPHIRE PRIVATE EQUITY SPV 1 RSC LTD,12-07-2021,,Licensed,Special purpose vehicle
SAPPHIRE DIRECT SPV 4 RSC LTD,12-07-2021,,Licensed,Special purpose vehicle
SAPPHIRE PRIVATE EQUITY SPV 2 RSC LTD,13-07-2021,,Licensed,Special purpose vehicle
SAPPHIRE PRIVATE EQUITY SPV 3 RSC LTD,13-07-2021,,Licensed,Special purpose vehicle
APPF SPV RSC LTD,13-07-2021,,Licensed,Special purpose vehicle
MASDAR ISRAEL HOLDINGS RSC LIMITED,14-07-2021,WALKERS PROFESSIONAL SERVICES (MIDDLE EAST) LIMITED,Licensed,Special purpose vehicle
STAR EDUCATION SECURITY HOLDING LIMITED,14-07-2021,WALKERS PROFESSIONAL SERVICES (MIDDLE EAST) LIMITED,License cancelled,Special purpose vehicle
HIGH WATER VENTURE CAPITAL GP I LTD,15-07-2021,,Licensed,Special purpose vehicle
MARN PLATFORM HOLDING LTD,24-07-2021,CLARA FORMATIONS LIMITED,Licensed,Special purpose vehicle
CONNECTED COMMUNITY HOLDING LTD,25-07-2021,10 LEAVES LIMITED,License cancelled,Special purpose vehicle
NSH HOLDING LTD,26-07-2021,,Licensed,Special purpose vehicle
GDF HOLDING LIMITED,26-07-2021,WALKERS PROFESSIONAL SERVICES (MIDDLE EAST) LIMITED,Licensed,Special purpose vehicle
TECKCAPITAL HOLDING LIMITED,26-07-2021,ACCLIME CORPORATE SERVICES LIMITED,License cancelled,Special purpose vehicle
THEMAR HOLDING LTD,27-07-2021,CLARA FORMATIONS LIMITED,Licensed,Special purpose vehicle
LAYGOLDEN HOLDING LIMITED,28-07-2021,SWISS GROUP LEGAL LTD,Licensed,Special purpose vehicle
AO1 RESTRICTED LIMITED,29-07-2021,,Licensed,Special purpose vehicle
AO2 RESTRICTED LIMITED,29-07-2021,,Licensed,Special purpose vehicle
ZAYA HOLDING RSC LTD,29-07-2021,ASSISS LTD,Licensed,Special purpose vehicle
GAMMA FORGE LIMITED,01-08-2021,,Licensed,Special purpose vehicle
KAPPA II RESTRICTED LTD,01-08-2021,,Licensed,Special purpose vehicle
WIZZ CROSS BORDER HOLDINGS LTD,01-08-2021,WALKERS PROFESSIONAL SERVICES (MIDDLE EAST) LIMITED,Licensed,Special purpose vehicle
WIZZPAY TECHNOLOGY HOLDINGS LTD,01-08-2021,WALKERS PROFESSIONAL SERVICES (MIDDLE EAST) LIMITED,Licensed,Special purpose vehicle
THE WISHING TREE HOLDING CORPORATION SPV LTD,03-08-2021,CLARA FORMATIONS LIMITED,Licensed,Special purpose vehicle
DOMODEA HOLDINGS LIMITED,03-08-2021,CLARA FORMATIONS LIMITED,Licensed,Special purpose vehicle
WIZZPAY INDIA HOLDINGS LTD,03-08-2021,WALKERS PROFESSIONAL SERVICES (MIDDLE EAST) LIMITED,Licensed,Special purpose vehicle
SPORTS AI HOLDING RSC LTD,03-08-2021,,Licensed,Special purpose vehicle
WIZZFIN PAYMENTS HOLDINGS LTD,04-08-2021,WALKERS PROFESSIONAL SERVICES (MIDDLE EAST) LIMITED,License cancelled,Special purpose vehicle
WIZZFINANCIAL GLOBAL HOLDINGS LTD,04-08-2021,WALKERS PROFESSIONAL SERVICES (MIDDLE EAST) LIMITED,Licensed,Special purpose vehicle
WIZZPAY AFRICA HOLDINGS LTD,04-08-2021,WALKERS PROFESSIONAL SERVICES (MIDDLE EAST) LIMITED,Licensed,Special purpose vehicle
NGK FOUNDATION,05-08-2021,TRIAM CONSULTANCIES PRIVATE LIMITED,Licensed,Foundation
P VENTURES HEALTHCARE HOLDINGS RSC LTD,07-08-2021,,Licensed,Special purpose vehicle
EAMG SERVICES HOLDINGS LIMITED,08-08-2021,CLYDE SERVICES LIMITED,Licensed,Special purpose vehicle
IREC HOLDINGS LIMITED,08-08-2021,CLYDE SERVICES LIMITED,Licensed,Special purpose vehicle
IFM HOLDINGS LIMITED,08-08-2021,CLYDE SERVICES LIMITED,Licensed,Special purpose vehicle
EAST-O HOLDINGS LIMITED,08-08-2021,CLYDE SERVICES LIMITED,Licensed,Special purpose vehicle
LABLEB HOLDING LIMITED,09-08-2021,CLARA FORMATIONS LIMITED,License cancelled,Special purpose vehicle
HIBAH AL BAKREE SPV LIMITED,09-08-2021,ASSISS LTD,Licensed,Special purpose vehicle
MOOTASSEM EL BABA SPV LIMITED,09-08-2021,ASSISS LTD,Licensed,Special purpose vehicle
ADAM VITAL HEALTHCARE HOLDINGS LTD,09-08-2021,,License cancelled,Special purpose vehicle
VOY MENA HOLDINGS LTD,09-08-2021,CLARA FORMATIONS LIMITED,Licensed,Special purpose vehicle
WAZA PROPERTIES SPV RSC LTD,10-08-2021,ASSISS LTD,Licensed,Special purpose vehicle
AHMAD ESSA ALRAIS HOLDINGS LIMITED,11-08-2021,CLARA FORMATIONS LIMITED,License cancelled,Special purpose vehicle
LHFW HOLDING LTD,11-08-2021,IDARAH CORPORATE LIMITED,Licensed,Special purpose vehicle
AEPC IBRI II HOLDING LIMITED,11-08-2021,,Licensed,Special purpose vehicle
CURIO HOLDINGS LIMITED,11-08-2021,ADS INVESTMENT SOLUTIONS LIMITED,Licensed,Special purpose vehicle
KAPPA ONE RESTRICTED LTD,11-08-2021,,Licensed,Special purpose vehicle
SILKHAUS HOLDINGS LIMITED,15-08-2021,CLARA FORMATIONS LIMITED,Licensed,Special purpose vehicle
LEAP TECH HOLDING LTD,16-08-2021,,License cancelled,Special purpose vehicle
LADY SUSHI GROUP HOLDING LIMITED,16-08-2021,,License cancelled,Special purpose vehicle
ELO INVEST HOLDING LTD,17-08-2021,CLARA FORMATIONS LIMITED,License cancelled,Special purpose vehicle
LOOKSIE HOLDING LIMITED,17-08-2021,10 LEAVES LIMITED,License cancelled,Special purpose vehicle
RESOURCE GROUP HOLDING LIMITED,17-08-2021,CLARA FORMATIONS LIMITED,Licensed,Special purpose vehicle
DAWAA'A RESTRICTED LTD,17-08-2021,,Licensed,Special purpose vehicle
AYG-1 HOLDING RSC LIMITED,18-08-2021,WALKERS PROFESSIONAL SERVICES (MIDDLE EAST) LIMITED,Licensed,Special purpose vehicle
MUBADALA ENERGY (TAMAR) RSC LTD,18-08-2021,WALKERS PROFESSIONAL SERVICES (MIDDLE EAST) LIMITED,Licensed,Special purpose vehicle
PHYSIOHOME HOLDING LTD,18-08-2021,COUNSEL SERVICES LIMITED,Licensed,Special purpose vehicle
BRIGHT EAST REAL ESTATE HOLDING LTD,18-08-2021,10 LEAVES LIMITED,Licensed,Special purpose vehicle
ADNOC MURBAN RSC LTD,19-08-2021,,Licensed,Special purpose vehicle
FASHIONLINE HOLDING LIMITED,19-08-2021,CLARA FORMATIONS LIMITED,Licensed,Special purpose vehicle
TAMAR INVESTMENT 2 LIMITED,19-08-2021,WALKERS PROFESSIONAL SERVICES (MIDDLE EAST) LIMITED,License cancelled,Special purpose vehicle
KKS INVESTMENT SPV RSC LTD,19-08-2021,ASSISS LTD,Licensed,Special purpose vehicle
SRA INVESTMENT SPV RSC LTD,19-08-2021,ASSISS LTD,Licensed,Special purpose vehicle
WELL HOLDINGS LTD,23-08-2021,,License cancelled,Special purpose vehicle
AP3 HOLDING LTD,23-08-2021,CLARA FORMATIONS LIMITED,License cancelled,Special purpose vehicle
QUICKCHECK HOLDING LTD,23-08-2021,CLARA FORMATIONS LIMITED,Licensed,Special purpose vehicle
TCG HOLDING LTD,23-08-2021,CLARA FORMATIONS LIMITED,Licensed,Special purpose vehicle
REUSS HOLDING LTD,23-08-2021,CLARA FORMATIONS LIMITED,Licensed,Special purpose vehicle
S&A HOLDINGS LTD,24-08-2021,EQUIOM CORPORATE SERVICES (MIDDLE EAST) LTD,Licensed,Special purpose vehicle
DESERT VENTURES HOLDING LTD,24-08-2021,,License cancelled,Special purpose vehicle
NMC HOLDCO SPV LTD,26-08-2021,WALKERS PROFESSIONAL SERVICES (MIDDLE EAST) LIMITED,Licensed,Special purpose vehicle
BREXM TECHNOLOGIES LTD,26-08-2021,CROWE MAK LLP,Licensed,Special purpose vehicle
STRATA GLOBAL HOLDINGS LTD,28-08-2021,CLARA FORMATIONS LIMITED,Licensed,Special purpose vehicle
PDCG PROJECTS HOLDCO LIMITED,28-08-2021,MAPLES FIDUCIARY SERVICES (MIDDLE EAST) LIMITED,Licensed,Special purpose vehicle
RING PRIAMOS 1 HOLDING LTD,29-08-2021,EQUIOM CORPORATE SERVICES (MIDDLE EAST) LTD,License cancelled,Special purpose vehicle
LS HOLDINGS LTD,29-08-2021,,License cancelled,Special purpose vehicle
PARTNERS 2 SPV LTD,29-08-2021,CLARA FORMATIONS LIMITED,Licensed,Special purpose vehicle
KIMOHA IBTIKAR SOLUTIONS SPV LIMITED,29-08-2021,WALKERS PROFESSIONAL SERVICES (MIDDLE EAST) LIMITED,License cancelled,Special purpose vehicle
AMAL TECHNOLOGY HOLDINGS LTD,29-08-2021,CLARA FORMATIONS LIMITED,License cancelled,Special purpose vehicle
SALASEL MOWAREDEEN HOLDING LIMITED,30-08-2021,CLARA FORMATIONS LIMITED,Licensed,Special purpose vehicle
NUZUL SPV LTD,30-08-2021,CLARA FORMATIONS LIMITED,Licensed,Special purpose vehicle
RUNNING SHOES HOLDING LTD,30-08-2021,CLARA FORMATIONS LIMITED,License cancelled,Special purpose vehicle
TAWAREF SYNDICATE 0002 MNC PRESEED INVESTMENT HOLDING LIMITED,31-08-2021,CLARA FORMATIONS LIMITED,License cancelled,Special purpose vehicle
RING PRIAMOS 2 HOLDING LTD,31-08-2021,EQUIOM CORPORATE SERVICES (MIDDLE EAST) LTD,Licensed,Special purpose vehicle
STE HOLDINGS LTD,31-08-2021,EQUIOM CORPORATE SERVICES (MIDDLE EAST) LTD,Licensed,Special purpose vehicle
ADQ DELTA RESTRICTED LIMITED,31-08-2021,,Licensed,Special purpose vehicle
O'DONNELL HOLDINGS LTD,01-09-2021,CLARA FORMATIONS LIMITED,Licensed,Special purpose vehicle
S&F ENTERPRISE HOLDINGS LTD,01-09-2021,CLARA FORMATIONS LIMITED,License cancelled,Special purpose vehicle
FCH CAPITAL PARTNERS HOLDINGS 10 LTD,05-09-2021,CLARA FORMATIONS LIMITED,License cancelled,Special purpose vehicle
THE STOCK SPV LTD,05-09-2021,,Licensed,Special purpose vehicle
NEARPAY GROUP HOLDING LTD,05-09-2021,WALKERS PROFESSIONAL SERVICES (MIDDLE EAST) LIMITED,Licensed,Special purpose vehicle
CIRCLE HOLDING LIMITED,06-09-2021,10 LEAVES LIMITED,Licensed,Special purpose vehicle
GENERATIVE DESIGN SOLUTIONS MIDDLE EAST HOLDING LIMITED,06-09-2021,CLARA FORMATIONS LIMITED,Licensed,Special purpose vehicle
MTHMR HOLDING LTD,07-09-2021,10 LEAVES LIMITED,Licensed,Special purpose vehicle
Q STUDIO RESTRICTED LIMITED,07-09-2021,TMF GROUP FIDUCIARY SERVICES LIMITED,Licensed,Special purpose vehicle
NAMANAMI HOLDINGS LIMITED,08-09-2021,,Licensed,Special purpose vehicle
CME HOLDING LIMITED,09-09-2021,M-HQ LTD,Licensed,Special purpose vehicle
FIZ HOLDING LTD,09-09-2021,WALKERS PROFESSIONAL SERVICES (MIDDLE EAST) LIMITED,Licensed,Special purpose vehicle
C CHANGE SOLAR HOLDING LTD,09-09-2021,APEX CORPORATE SERVICES (ME) LTD,License cancelled,Special purpose vehicle
EAGLE HOLDINGS LTD,09-09-2021,CLARA FORMATIONS LIMITED,Licensed,Special purpose vehicle
GLOBAL AXE INVESTMENT HOLDINGS LIMITED,11-09-2021,,Licensed,Special purpose vehicle
I46-B SPV LTD,12-09-2021,CLARA FORMATIONS LIMITED,License cancelled,Special purpose vehicle
I46-C SPV LTD,12-09-2021,CLARA FORMATIONS LIMITED,License cancelled,Special purpose vehicle
EARLY DAWN VENTURES LIMITED,13-09-2021,M-HQ LTD,Licensed,Special purpose vehicle
HUDHUD SYSTEMS HOLDING LIMITED,13-09-2021,,License cancelled,Special purpose vehicle
BRANDSDAY SPV LTD,14-09-2021,CLARA FORMATIONS LIMITED,License cancelled,Special purpose vehicle
LAMAA HOLDING LIMITED,14-09-2021,CLARA FORMATIONS LIMITED,Licensed,Special purpose vehicle
CHIMEPROP INVESTMENT RSC LTD,14-09-2021,ASSISS LTD,Licensed,Special purpose vehicle
SPRINGBOX AI HOLDING LTD,15-09-2021,CLARA FORMATIONS LIMITED,Licensed,Special purpose vehicle
C26 HOLDING 1 LIMITED,16-09-2021,M-HQ LTD,Licensed,Special purpose vehicle
BOUNDLESS HOLDINGS LTD,16-09-2021,CLARA FORMATIONS LIMITED,Licensed,Special purpose vehicle
SANTS HOLDING LIMITED,18-09-2021,CLARA FORMATIONS LIMITED,Licensed,Special purpose vehicle
BLUE BOSON HOLDING LIMITED,19-09-2021,M-HQ LTD,License cancelled,Special purpose vehicle
YMS INVESTMENT SPV RSC LTD,19-09-2021,ASSISS LTD,License cancelled,Special purpose vehicle
NITH FOUNDATION,19-09-2021,M-HQ LTD,Licensed,Foundation
WIO HOLDING RESTRICTED LTD,20-09-2021,,Licensed,Special purpose vehicle
TR RECEIVABLES SPV LIMITED,21-09-2021,ACCLIME CORPORATE SERVICES LIMITED,License cancelled,Special purpose vehicle
JANDAL HOLDING LTD,21-09-2021,M-HQ LTD,Licensed,Special purpose vehicle
NV HOLDINGS LIMITED,22-09-2021,,License cancelled,Special purpose vehicle
KINGPIN HOLDINGS LTD,22-09-2021,CLARA FORMATIONS LIMITED,Licensed,Special purpose vehicle
CHIMEVEN INVESTMENT RSC LTD,22-09-2021,ASSISS LTD,Licensed,Special purpose vehicle
CHIMPROP 1 INVESTMENT SPV RSC LTD,22-09-2021,ASSISS LTD,Licensed,Special purpose vehicle
MASH HOLDING LTD,23-09-2021,IDARAH CORPORATE LIMITED,Licensed,Special purpose vehicle
STAR SCHOOLS HOLDING LIMITED,23-09-2021,WALKERS PROFESSIONAL SERVICES (MIDDLE EAST) LIMITED,Licensed,Special purpose vehicle
3I2E1G HOLDINGS LIMITED,23-09-2021,,License cancelled,Special purpose vehicle
KHM INVESTMENT SPV RSC LTD,24-09-2021,ASSISS LTD,Licensed,Special purpose vehicle
CHIMPROP 2 INVESTMENT SPV RSC LTD,24-09-2021,ASSISS LTD,Licensed,Special purpose vehicle
K HOLDINGS PRIVATE LIMITED,26-09-2021,10 LEAVES LIMITED,Licensed,Special purpose vehicle
SMART APP HOLDING LTD,26-09-2021,CLARA FORMATIONS LIMITED,License cancelled,Special purpose vehicle
MULTI-SPECIALTY HEALTHCARE PARTNERS HOLDING LIMITED,26-09-2021,WALKERS PROFESSIONAL SERVICES (MIDDLE EAST) LIMITED,Licensed,Special purpose vehicle
CHIMEPE INVESTMENT RSC LTD,26-09-2021,ASSISS LTD,Licensed,Special purpose vehicle
HATCH & BOOST VENTURES HOLDING LTD,27-09-2021,CLARA FORMATIONS LIMITED,License cancelled,Special purpose vehicle
INSPIRE US HOLDING LTD,27-09-2021,CLARA FORMATIONS LIMITED,Licensed,Special purpose vehicle
DHABI TAAVUN HOLDINGS RSC LTD,27-09-2021,CLARA FORMATIONS LIMITED,Licensed,Special purpose vehicle
FILM CLINIC HOLDING LTD,28-09-2021,IDARAH CORPORATE LIMITED,Licensed,Special purpose vehicle
TABBY SPV LIMITED,28-09-2021,CLARA FORMATIONS LIMITED,Licensed,Special purpose vehicle
MIC CAPITAL MANAGEMENT 86 RSC LTD,29-09-2021,WALKERS PROFESSIONAL SERVICES (MIDDLE EAST) LIMITED,Licensed,Special purpose vehicle
MIC CAPITAL MANAGEMENT 87 RSC LTD,29-09-2021,WALKERS PROFESSIONAL SERVICES (MIDDLE EAST) LIMITED,Licensed,Special purpose vehicle
BOOTFI SPV LIMITED,29-09-2021,CLARA FORMATIONS LIMITED,License cancelled,Special purpose vehicle
MMR INVESTMENT SPV RSC LTD,29-09-2021,ASSISS LTD,License cancelled,Special purpose vehicle
MIC SIP-UK INVESTMENTS 2 RSC LTD,29-09-2021,WALKERS PROFESSIONAL SERVICES (MIDDLE EAST) LIMITED,Licensed,Special purpose vehicle
SCARAB GROUP HOLDINGS LTD,30-09-2021,CLARA FORMATIONS LIMITED,Licensed,Special purpose vehicle
MAH HOLDING LIMITED,03-10-2021,,License cancelled,Special purpose vehicle
AL MAYASS HOLDINGS LIMITED,03-10-2021,,Licensed,Special purpose vehicle
YD HOLDINGS LIMITED,03-10-2021,M-HQ LTD,Licensed,Special purpose vehicle
IMPACT HOLDING COMPANY LTD,03-10-2021,CLARA FORMATIONS LIMITED,License cancelled,Special purpose vehicle
INVESTCORP SAUDI PRE-IPO GROWTH GENERAL PARTNER LIMITED,03-10-2021,,Licensed,Special purpose vehicle
MEALZAP HOLDINGS LIMITED,04-10-2021,CLARA FORMATIONS LIMITED,License cancelled,Special purpose vehicle
SAS HOLDINGS LTD,04-10-2021,10 LEAVES LIMITED,Licensed,Special purpose vehicle
VASTUS PHARMA RESTRICTED LIMITED,04-10-2021,,Licensed,Special purpose vehicle
KAWN FOUNDATION,04-10-2021,WALKERS PROFESSIONAL SERVICES (MIDDLE EAST) LIMITED,Licensed,Foundation
BIGOVA INVESTMENT SPV LTD,05-10-2021,ACCLIME CORPORATE SERVICES LIMITED,License cancelled,Special purpose vehicle
MOD HOLDINGS LIMITED,05-10-2021,CLARA FORMATIONS LIMITED,Licensed,Special purpose vehicle
ARAB SPACE TECHNOLOGIES HOLDING LTD,05-10-2021,CLARA FORMATIONS LIMITED,Licensed,Special purpose vehicle
OGM HOLDING LTD,05-10-2021,CLARA FORMATIONS LIMITED,License cancelled,Special purpose vehicle
MEAT SOLUTIONS HOLDINGS LTD,05-10-2021,CLARA FORMATIONS LIMITED,Licensed,Special purpose vehicle
TELMO TECHNOLOGY HOLDINGS LTD,05-10-2021,CSP GROUP LTD,Licensed,Special purpose vehicle
ASLUMA AERO HOLDINGS LTD,05-10-2021,ADS INVESTMENT SOLUTIONS LIMITED,Licensed,Special purpose vehicle
LIBERTY BRANDS HOLDING LIMITED,05-10-2021,CLARA FORMATIONS LIMITED,License cancelled,Special purpose vehicle
FAST GLOBAL TECHNOLOGY HOLDING LIMITED,05-10-2021,CLARA FORMATIONS LIMITED,Licensed,Special purpose vehicle
BLITZ GROCERIES RESTRICTED LTD,05-10-2021,,License cancelled,Special purpose vehicle
ARI STOCKHOLDING SPV RSC LTD,06-10-2021,,Licensed,Special purpose vehicle
WORLD OF FARMING HOLDING LTD,06-10-2021,CLARA FORMATIONS LIMITED,License cancelled,Special purpose vehicle
BIZ GROUP HOLDING LIMITED,06-10-2021,M-HQ LTD,Licensed,Special purpose vehicle
OFFTO HOLDING LTD,06-10-2021,CLARA FORMATIONS LIMITED,Licensed,Special purpose vehicle
LUNE HOLDINGS LTD,06-10-2021,CLARA FORMATIONS LIMITED,Licensed,Special purpose vehicle
SPARKLY HOLDINGS SPV LTD,06-10-2021,ACCLIME CORPORATE SERVICES LIMITED,Licensed,Special purpose vehicle
OWI CAPITAL HOLDINGS LIMITED,06-10-2021,10 LEAVES LIMITED,License cancelled,Special purpose vehicle
THE HUB HOLDING LTD,06-10-2021,,Licensed,Special purpose vehicle
KLAIM RECEIVABLE PURCHASE SPV 1 LIMITED,07-10-2021,CLARA FORMATIONS LIMITED,Licensed,Special purpose vehicle
HIGHLAND 001 HOLDING RSC LTD,07-10-2021,,Licensed,Special purpose vehicle
EDIFY GLOBAL HOLDING LTD,09-10-2021,10 LEAVES LIMITED,Licensed,Special purpose vehicle
ELECTRIFIED EMOBILITY HOLDINGS LTD,10-10-2021,CLARA FORMATIONS LIMITED,Licensed,Special purpose vehicle
WESTFORD VENTURES HOLDING LIMITED,10-10-2021,CLARA FORMATIONS LIMITED,Licensed,Special purpose vehicle
BFI BREADFAST SERIES A SPV LIMITED,10-10-2021,,Licensed,Special purpose vehicle
AMG INTERNATIONAL HOLDING LIMITED,10-10-2021,10 LEAVES LIMITED,Licensed,Special purpose vehicle
CREDIBLE X HOLDING LIMITED,10-10-2021,CLARA FORMATIONS LIMITED,Licensed,Special purpose vehicle
P VENTURES HOLDINGS RSC LTD,10-10-2021,,Licensed,Special purpose vehicle
CHOCOLATE HOLDINGS RSC LTD,11-10-2021,,Licensed,Special purpose vehicle
OMRAN PIPELINES HOLDING LTD,11-10-2021,INTERTRUST (MIDDLE EAST) LTD,Licensed,Special purpose vehicle
GREENBRIDGE HOLDING COMPANY LIMITED,11-10-2021,CLARA FORMATIONS LIMITED,Licensed,Special purpose vehicle
MONITECH HOLDINGS LTD,11-10-2021,CSP GROUP LTD,Licensed,Special purpose vehicle
CYCLING SOLUTIONS HOLDINGS LTD,12-10-2021,CLARA FORMATIONS LIMITED,Licensed,Special purpose vehicle
SANDBOX MEDIA AND TECHNOLOGY HOLDING LTD,12-10-2021,,Licensed,Special purpose vehicle
EXCELLENCE VENTURES HOLDING LIMITED,12-10-2021,,License cancelled,Special purpose vehicle
BLUE LINES HOLDINGS RSC LIMITED,12-10-2021,M-HQ LTD,Licensed,Special purpose vehicle
CYLVIT HOLDING LIMITED,13-10-2021,M-HQ LTD,License cancelled,Special purpose vehicle
THE BOGO APP HOLDINGS LTD,13-10-2021,10 LEAVES LIMITED,License cancelled,Special purpose vehicle
BEAUTY SOLUTIONS HOLDING LIMITED,13-10-2021,SANCTUARY CORPORATE SERVICES FZ LLC,Licensed,Special purpose vehicle
SHINE FOUNDATION,13-10-2021,M-HQ LTD,License cancelled,Foundation
YEH HODLINGS LTD,14-10-2021,J. AWAN & PARTNERS LIMITED,Licensed,Special purpose vehicle
AI HODLINGS LTD,14-10-2021,J. AWAN & PARTNERS LIMITED,Licensed,Special purpose vehicle
ELDEN HOLDING LIMITED,14-10-2021,ACCLIME CORPORATE SERVICES LIMITED,Licensed,Special purpose vehicle
BEEAH TANDEEF INTERNATIONAL INVESTMENT LIMITED,14-10-2021,ACCLIME CORPORATE SERVICES LIMITED,Licensed,Special purpose vehicle
BEEAH ENVIRONMENT SERVICES INVESTMENT LIMITED,14-10-2021,ACCLIME CORPORATE SERVICES LIMITED,Licensed,Special purpose vehicle
BEEAH ENERGY INVESTMENT LIMITED,14-10-2021,ACCLIME CORPORATE SERVICES LIMITED,Licensed,Special purpose vehicle
BEEAH RECYCLING INVESTMENT LIMITED,14-10-2021,ACCLIME CORPORATE SERVICES LIMITED,Licensed,Special purpose vehicle
WASTEQ HOLDING LTD,14-10-2021,ACCLIME CORPORATE SERVICES LIMITED,Licensed,Special purpose vehicle
BEEAH RECYCLING INTERNATIONAL INVESTMENT LIMITED,14-10-2021,ACCLIME CORPORATE SERVICES LIMITED,Licensed,Special purpose vehicle
BEEAH REAL ESTATE INVESTMENT LIMITED,16-10-2021,ACCLIME CORPORATE SERVICES LIMITED,Licensed,Special purpose vehicle
BEEAH DIGITAL INVESTMENT LIMITED,16-10-2021,ACCLIME CORPORATE SERVICES LIMITED,Licensed,Special purpose vehicle
BEEAH TRANSPORTATION INVESTMENT LIMITED,16-10-2021,ACCLIME CORPORATE SERVICES LIMITED,Licensed,Special purpose vehicle
RE.LIFE HOLDING LIMITED,16-10-2021,ACCLIME CORPORATE SERVICES LIMITED,Licensed,Special purpose vehicle
BEEAH HEALTHCARE INVESTMENT LIMITED,17-10-2021,ACCLIME CORPORATE SERVICES LIMITED,Licensed,Special purpose vehicle
PHOENIX INTERNATIONAL HOLDING LIMITED,17-10-2021,PEREGRINE CORPORATE SERVICES LTD,Licensed,Special purpose vehicle
STATS MIDDLE EAST HOLDINGS LTD,18-10-2021,CROWE MAK LLP,Licensed,Special purpose vehicle
ASAPP HOLDING LTD,18-10-2021,CLARA FORMATIONS LIMITED,License cancelled,Special purpose vehicle
TSAM SPV LIMITED,18-10-2021,,Licensed,Special purpose vehicle
ARCO HOLDING LIMITED,19-10-2021,,License cancelled,Special purpose vehicle
PACIFIC ENERGY INTERNATIONAL SPV LIMITED,19-10-2021,SANCTUARY CORPORATE SERVICES FZ LLC,License cancelled,Special purpose vehicle
JUANA BEAUTY & WELLNESS HOLDINGS LIMITED,19-10-2021,M-HQ LTD,Licensed,Special purpose vehicle
EASY FOODS HOLDING LTD,19-10-2021,CLARA FORMATIONS LIMITED,Licensed,Special purpose vehicle
DRAGON TECH HOLDING LIMITED,19-10-2021,CLARA FORMATIONS LIMITED,Licensed,Special purpose vehicle
GRS SPV LIMITED,19-10-2021,WALKERS PROFESSIONAL SERVICES (MIDDLE EAST) LIMITED,Licensed,Special purpose vehicle
DCC HUB SPV LIMITED,19-10-2021,KALANTAR BUSINESS LAW GROUP LTD,License cancelled,Special purpose vehicle
OMEGA INTERCEPTOR RESTRICTED LTD,19-10-2021,,Licensed,Special purpose vehicle
NITROS HOLDING LIMITED,20-10-2021,CLARA FORMATIONS LIMITED,Licensed,Special purpose vehicle
KAMKALIMA HOLDING LTD,24-10-2021,CLARA FORMATIONS LIMITED,License cancelled,Special purpose vehicle
BFI RETAILO SERIES A SPV LIMITED,24-10-2021,,Licensed,Special purpose vehicle
PADEL UP SPV LIMITED,25-10-2021,,Licensed,Special purpose vehicle
PSG HOLDINGS LIMITED,25-10-2021,CLARA FORMATIONS LIMITED,Licensed,Special purpose vehicle
TRIPLE S HOLDINGS LIMITED,25-10-2021,WALKERS PROFESSIONAL SERVICES (MIDDLE EAST) LIMITED,Licensed,Special purpose vehicle
CHIMVEN 1 INVESTMENT SPV RSC LTD,25-10-2021,ASSISS LTD,Licensed,Special purpose vehicle
CHIMVEN 2 INVESTMENT SPV RSC LTD,25-10-2021,ASSISS LTD,Licensed,Special purpose vehicle
LEADS MART HOLDING LTD,26-10-2021,CLARA FORMATIONS LIMITED,Licensed,Special purpose vehicle
ROTANA MUSIC HOLDING LIMITED,26-10-2021,,Licensed,Special purpose vehicle
AL TAQA HOLDINGS LTD,26-10-2021,SANCTUARY CORPORATE SERVICES FZ LLC,Licensed,Special purpose vehicle
VORTEX ENERGY IV HOLDING COMPANY I LIMITED,26-10-2021,TMF GROUP FIDUCIARY SERVICES LIMITED,Licensed,Special purpose vehicle
PURE HARVEST SERIES CONVERTIBLE SPV LTD,27-10-2021,,Licensed,Special purpose vehicle
ICARRY GROUP HOLDING LTD,27-10-2021,10 LEAVES LIMITED,Licensed,Special purpose vehicle
FILOTIMO HOLDINGS LIMITED,28-10-2021,,License cancelled,Special purpose vehicle
SPROUT HOLDING LTD,28-10-2021,CLARA FORMATIONS LIMITED,Licensed,Special purpose vehicle
VOGA HOLDING LTD,28-10-2021,CLARA FORMATIONS LIMITED,Licensed,Special purpose vehicle
SAHL EDUCATION SPV LTD,28-10-2021,,License cancelled,Special purpose vehicle
WHIRVINE HOLDINGS LTD,28-10-2021,CLARA FORMATIONS LIMITED,Licensed,Special purpose vehicle
TOROD HOLDING LTD,28-10-2021,CLARA FORMATIONS LIMITED,Licensed,Special purpose vehicle
LCK FOUNDATION,28-10-2021,WALKERS PROFESSIONAL SERVICES (MIDDLE EAST) LIMITED,Licensed,Foundation
RNS ME INFOSEC HOLDING LIMITED,30-10-2021,SANCTUARY CORPORATE SERVICES FZ LLC,Licensed,Special purpose vehicle
AL MARYAH HOLDINGS RSC LIMITED,31-10-2021,WALKERS PROFESSIONAL SERVICES (MIDDLE EAST) LIMITED,Licensed,Special purpose vehicle
YARDAT SPV LTD,31-10-2021,10 LEAVES LIMITED,Licensed,Special purpose vehicle
ULTIMATE PDL INTERNATIONAL HOLDING LTD,31-10-2021,CLARA FORMATIONS LIMITED,Licensed,Special purpose vehicle
ULTIMATE PDL HOLDING LTD,31-10-2021,CLARA FORMATIONS LIMITED,Licensed,Special purpose vehicle
SISO HOLDINGS LIMITED,31-10-2021,CLARA FORMATIONS LIMITED,Licensed,Special purpose vehicle
CORE42 HOLDING RSC LTD,31-10-2021,,Licensed,Special purpose vehicle
SEVEN WORLDS HOLDING LIMITED,04-11-2021,,License cancelled,Special purpose vehicle
LINKTIA MBART HOLDING LIMITED,04-11-2021,SANCTUARY CORPORATE SERVICES FZ LLC,Licensed,Special purpose vehicle
MURASHAH HOLDINGS LIMITED,04-11-2021,CLARA FORMATIONS LIMITED,License cancelled,Special purpose vehicle
JAZEERAT ALISTITHMAR HOLDING LIMITED,04-11-2021,IDARAH CORPORATE LIMITED,Licensed,Special purpose vehicle
EXANTIUM HOLDING LTD,07-11-2021,10 LEAVES LIMITED,Licensed,Special purpose vehicle
ROSEFIER HOLDING LTD,07-11-2021,CLARA FORMATIONS LIMITED,Licensed,Special purpose vehicle
JALEBI HOLDINGS LIMITED,07-11-2021,CLARA FORMATIONS LIMITED,Licensed,Special purpose vehicle
MEATODOOR HOLDING LIMITED,07-11-2021,CLARA FORMATIONS LIMITED,License cancelled,Special purpose vehicle
ONE CC FRANCHISING HOLDING (SPV) LTD,08-11-2021,CLARA FORMATIONS LIMITED,Licensed,Special purpose vehicle
TECH HOLDING LIMITED,08-11-2021,WALKERS PROFESSIONAL SERVICES (MIDDLE EAST) LIMITED,Licensed,Special purpose vehicle
MKDORCH PROPERTY HOLDINGS LTD,08-11-2021,ROSEMONT PARTNERS CORPORATE SERVICES LIMITED,Licensed,Special purpose vehicle
MARWAN MAALOUF SPV LTD,08-11-2021,ASSISS LTD,Licensed,Special purpose vehicle
CB1 A HOLDING LIMITED,09-11-2021,M-HQ LTD,Licensed,Special purpose vehicle
CB1 B HOLDING LIMITED,09-11-2021,M-HQ LTD,Licensed,Special purpose vehicle
ONE PM FRANCHISING HOLDING (SPV) LTD,09-11-2021,CLARA FORMATIONS LIMITED,Licensed,Special purpose vehicle
CRCGROUP HOLDINGS LTD,09-11-2021,CLARA FORMATIONS LIMITED,Licensed,Special purpose vehicle
NMC NEWCO SPV LIMITED,09-11-2021,WALKERS PROFESSIONAL SERVICES (MIDDLE EAST) LIMITED,Licensed,Special purpose vehicle
G42 SKY9 TECHNOLOGY PROJECTS RSC LTD,10-11-2021,,Licensed,Special purpose vehicle
G42 ELYSIUM HOLDING RSC LTD,10-11-2021,,Licensed,Special purpose vehicle
DC INFRA RSC LTD,10-11-2021,,Licensed,Special purpose vehicle
STARGATE HOLDING RSC LTD,10-11-2021,,Licensed,Special purpose vehicle
G42 SKY11 TECHNOLOGY PROJECTS RSC LTD,10-11-2021,,Licensed,Special purpose vehicle
TAGZEA CAPITAL SPV LTD,10-11-2021,CLARA FORMATIONS LIMITED,License cancelled,Special purpose vehicle
INABLR HOLDINGS LTD,10-11-2021,,Licensed,Special purpose vehicle
BROADWAY SPV LTD,10-11-2021,ACCLIME CORPORATE SERVICES LIMITED,Licensed,Special purpose vehicle
FREGENA HOLDINGS LTD,10-11-2021,CLARA FORMATIONS LIMITED,Licensed,Special purpose vehicle
SECAPITAL HOLDING LTD,11-11-2021,STROLLA LLP,Licensed,Special purpose vehicle
NORTHPOINT ATLANTIC HOLDINGS LIMITED,11-11-2021,CLARA FORMATIONS LIMITED,Licensed,Special purpose vehicle
PROLOC SPV LTD,11-11-2021,PRAXISIFM TRUST LIMITED,Licensed,Special purpose vehicle
TERACIEL REAL ESTATE HOLDINGS LIMITED,11-11-2021,ACCLIME CORPORATE SERVICES LIMITED,Licensed,Special purpose vehicle
X19 HOLDING LTD,11-11-2021,CLARA FORMATIONS LIMITED,Licensed,Special purpose vehicle
TAGZEA I SPV LTD,13-11-2021,CLARA FORMATIONS LIMITED,License cancelled,Special purpose vehicle
BASELINE HOLDINGS RSC LIMITED,14-11-2021,M-HQ LTD,Licensed,Special purpose vehicle
AL MAYA INVESTMENTS HOLDING LTD,14-11-2021,INP IBRAHIM N PARTNERS LEGAL CONSULTANCY LTD,Licensed,Special purpose vehicle
JAGUAR HOLDINGS SPV LTD,14-11-2021,M-HQ LTD,License cancelled,Special purpose vehicle
DUCK HOLDINGS SPV LTD,14-11-2021,M-HQ LTD,License cancelled,Special purpose vehicle
ARDENT AIR HOLDINGS LIMITED,14-11-2021,10 LEAVES LIMITED,Licensed,Special purpose vehicle
MONTFORT INTERNATIONAL HOLDING LTD,14-11-2021,ACCLIME CORPORATE SERVICES LIMITED,Licensed,Special purpose vehicle
OPTIMIZE GROUP HOLDING LIMITED,14-11-2021,INTERTRUST (MIDDLE EAST) LTD,Licensed,Special purpose vehicle
DW HOLDINGS LIMITED,14-11-2021,SANCTUARY CORPORATE SERVICES FZ LLC,Licensed,Special purpose vehicle
AEPC MENA SKY HOLDING LIMITED,15-11-2021,,Licensed,Special purpose vehicle
ALEPH HOSPITALITY HOLDINGS LIMITED,15-11-2021,,Licensed,Special purpose vehicle
OSG CAPITAL HOLDING LIMITED,15-11-2021,SANCTUARY CORPORATE SERVICES FZ LLC,License cancelled,Special purpose vehicle
DARB TECHNOLOGY HOLDING LTD,15-11-2021,CLARA FORMATIONS LIMITED,License cancelled,Special purpose vehicle
ASTRA DIGITAL HOLDING LTD,15-11-2021,CLARA FORMATIONS LIMITED,Licensed,Special purpose vehicle
BRIGHT EAST HOLDINGS 3 LTD,15-11-2021,TMF GROUP FIDUCIARY SERVICES LIMITED,Licensed,Special purpose vehicle
C26 HOLDING 2 LIMITED,16-11-2021,M-HQ LTD,Licensed,Special purpose vehicle
WEBUILD VENTURES HOLDING LIMITED,16-11-2021,CLARA FORMATIONS LIMITED,Licensed,Special purpose vehicle
RAKIZA HOLDING CO. LTD,16-11-2021,,Licensed,Special purpose vehicle
MVB1 HOLDING LTD,16-11-2021,CLARA FORMATIONS LIMITED,Licensed,Special purpose vehicle
AUTOBIA SPV LTD,16-11-2021,CLARA FORMATIONS LIMITED,Licensed,Special purpose vehicle
SHUTTLE HOLDING LIMITED,16-11-2021,M-HQ LTD,Licensed,Special purpose vehicle
TAJORI HOLDING LTD,16-11-2021,WALKERS PROFESSIONAL SERVICES (MIDDLE EAST) LIMITED,Licensed,Special purpose vehicle
KARAZ INC HOLDING LIMITED,16-11-2021,CLARA FORMATIONS LIMITED,Licensed,Special purpose vehicle
Y&S PROPERTIES SPV LIMITED,16-11-2021,CROWE MAK LLP,Licensed,Special purpose vehicle
MUBADALA FOUNDATION BENEFICIARY SPV RSC LIMITED,16-11-2021,,Licensed,Special purpose vehicle
ENHANCE CAP ONE SPV LIMITED,17-11-2021,CLARA FORMATIONS LIMITED,Licensed,Special purpose vehicle
MADKHOL HOLDING CO. LTD,17-11-2021,,Licensed,Special purpose vehicle
BLACK PEARL HOLDING SPV LIMITED,17-11-2021,VISTRA (MIDDLE EAST) LTD,Licensed,Special purpose vehicle
VISION INVEST PIPELINES HOLDING I LTD,17-11-2021,INTERTRUST (MIDDLE EAST) LTD,Licensed,Special purpose vehicle
OZZ HOLDING LIMITED,17-11-2021,M-HQ LTD,Licensed,Special purpose vehicle
WOODCROSS RESOURCES HOLDCO LTD,17-11-2021,MAPLES FIDUCIARY SERVICES (MIDDLE EAST) LIMITED,Licensed,Special purpose vehicle
BARQ ELECTRIC HOLDINGS LTD,17-11-2021,CLARA FORMATIONS LIMITED,Licensed,Special purpose vehicle
CT CORPORATE IPCO HOLDING RSC LTD,17-11-2021,ACCLIME CORPORATE SERVICES LIMITED,Licensed,Special purpose vehicle
MUBADALA FOUNDATION,17-11-2021,,Licensed,Foundation
ALPHA 2 SPV LIMITED,18-11-2021,WALKERS PROFESSIONAL SERVICES (MIDDLE EAST) LIMITED,Licensed,Special purpose vehicle
ALPHA 1 SPV LIMITED,18-11-2021,WALKERS PROFESSIONAL SERVICES (MIDDLE EAST) LIMITED,Licensed,Special purpose vehicle
GLOBAL ENERGIES HOLDINGS LIMITED,18-11-2021,SANCTUARY CORPORATE SERVICES FZ LLC,Licensed,Special purpose vehicle
ALPHA 3 SPV LIMITED,18-11-2021,WALKERS PROFESSIONAL SERVICES (MIDDLE EAST) LIMITED,Licensed,Special purpose vehicle
ALPHA 4 SPV LIMITED,18-11-2021,WALKERS PROFESSIONAL SERVICES (MIDDLE EAST) LIMITED,Licensed,Special purpose vehicle
ALPHA 5 SPV LIMITED,18-11-2021,WALKERS PROFESSIONAL SERVICES (MIDDLE EAST) LIMITED,Licensed,Special purpose vehicle
CSR SPV 1 RSC LTD,18-11-2021,,Licensed,Special purpose vehicle
CSR SPV 2 RSC LTD,18-11-2021,,Licensed,Special purpose vehicle
CSR SPV 3 RSC LTD,18-11-2021,,Licensed,Special purpose vehicle
SUPLEE INTERNATIONAL HOLDING LIMITED,19-11-2021,ACCLIME CORPORATE SERVICES LIMITED,License cancelled,Special purpose vehicle
INC INTERIORS SAUDI HOLDINGS LTD,21-11-2021,ROSEMONT PARTNERS CORPORATE SERVICES LIMITED,Licensed,Special purpose vehicle
TR INVESTMENTS HOLDING LIMITED,21-11-2021,M-HQ LTD,Licensed,Special purpose vehicle
ORYX ACTION RESTRICTED LIMITED,21-11-2021,CLARA FORMATIONS LIMITED,Licensed,Special purpose vehicle
MSR PTC RSC LTD,21-11-2021,ASSISS LTD,Licensed,Special purpose vehicle
ELEVATE HOLDINGS LIMITED,22-11-2021,M-HQ LTD,License cancelled,Special purpose vehicle
MORTIMER INVESTMENT HOLDINGS LIMITED,22-11-2021,M-HQ LTD,License cancelled,Special purpose vehicle
SHINE INVESTMENT HOLDINGS LIMITED,22-11-2021,M-HQ LTD,License cancelled,Special purpose vehicle
NORTH EAST REAL ESTATE HOLDINGS LIMITED,22-11-2021,ACCLIME CORPORATE SERVICES LIMITED,Licensed,Special purpose vehicle
AYADI HOLDINGS LTD,22-11-2021,WALKERS PROFESSIONAL SERVICES (MIDDLE EAST) LIMITED,Licensed,Special purpose vehicle
VISOR VENTURES HOLDING LIMITED,23-11-2021,WALKERS PROFESSIONAL SERVICES (MIDDLE EAST) LIMITED,Licensed,Special purpose vehicle
DOSTA HOLDING LIMITED,23-11-2021,CLARA FORMATIONS LIMITED,License cancelled,Special purpose vehicle
BRIGHT STAR HOSPITALITY HOLDINGS LTD,24-11-2021,M-HQ LTD,Licensed,Special purpose vehicle
EMPIRE INVESTMENT HOLDING LIMITED,24-11-2021,,Licensed,Special purpose vehicle
FAKIH REPRODUCTIVE MEDICINE HOLDING LTD,24-11-2021,WALKERS PROFESSIONAL SERVICES (MIDDLE EAST) LIMITED,Licensed,Special purpose vehicle
VICIMUS HOLDINGS LIMITED,25-11-2021,M-HQ LTD,Licensed,Special purpose vehicle
SPEC REFINERY HOLDING LIMITED,25-11-2021,WALKERS PROFESSIONAL SERVICES (MIDDLE EAST) LIMITED,Licensed,Special purpose vehicle
BLESSINGS HOLDINGS LIMITED,29-11-2021,MOORE JFC LIMITED,Licensed,Special purpose vehicle
RUUMI SPV LTD,29-11-2021,,License cancelled,Special purpose vehicle
FEDE HOLDINGS LTD,29-11-2021,AL TAMIMI & CO. CORPORATE SERVICES LIMITED,Licensed,Special purpose vehicle
HOLDCO FIBER HOLDINGS SPV LTD,29-11-2021,M-HQ LTD,Licensed,Special purpose vehicle
TES HOLDINGS LIMITED,30-11-2021,,Licensed,Special purpose vehicle
VALORA HOLDINGS LTD,30-11-2021,CLARA FORMATIONS LIMITED,Licensed,Special purpose vehicle
MOXEY HOLDING LIMITED,30-11-2021,CLARA FORMATIONS LIMITED,Licensed,Special purpose vehicle
A.M.I. HOLDINGS LIMITED,30-11-2021,M-HQ LTD,Licensed,Special purpose vehicle
DUNAMIS HOLDING LIMITED,30-11-2021,CLARA FORMATIONS LIMITED,Licensed,Special purpose vehicle
RVDS HOLDINGS LIMITED,04-12-2021,M-HQ LTD,Licensed,Special purpose vehicle
ENHANCE VENTURES HOLDINGS LIMITED,05-12-2021,CLARA FORMATIONS LIMITED,Licensed,Special purpose vehicle
PRIME ENERGIES HOLDING LTD,05-12-2021,,License cancelled,Special purpose vehicle
NOOR DX HOLDING LIMITED,05-12-2021,,License cancelled,Special purpose vehicle
SAQR CAPITAL HOLDING LTD,05-12-2021,10 LEAVES LIMITED,Licensed,Special purpose vehicle
LIFE INVESTMENTS SPV LTD,05-12-2021,,Licensed,Special purpose vehicle
VISION INVEST PIPELINES HOLDING II LTD,05-12-2021,INTERTRUST (MIDDLE EAST) LTD,Licensed,Special purpose vehicle
GEMS EDUCATION IPCO HOLDINGS LIMITED,06-12-2021,CLARA FORMATIONS LIMITED,Licensed,Special purpose vehicle
FERGUS JAMES HOLDING LTD,06-12-2021,,License cancelled,Special purpose vehicle
NEW ERA HOLDINGS LTD,06-12-2021,AL TAMIMI & CO. CORPORATE SERVICES LIMITED,Licensed,Special purpose vehicle
ASB RETAIL SPV LIMITED,06-12-2021,,License cancelled,Special purpose vehicle
KOOK HOLDING LIMITED,06-12-2021,WALKERS PROFESSIONAL SERVICES (MIDDLE EAST) LIMITED,Licensed,Special purpose vehicle
MENA IMPACT VENTURES HOLDINGS LIMITED,07-12-2021,10 LEAVES LIMITED,Licensed,Special purpose vehicle
MUMERZ HOLDING LIMITED,07-12-2021,,Licensed,Special purpose vehicle
BRINDO HOLDINGS LIMITED,07-12-2021,CLARA FORMATIONS LIMITED,License cancelled,Special purpose vehicle
INTERNATIONAL OFFSHORE POWER TRANSMISSION HOLDING COMPANY LIMITED,08-12-2021,,Licensed,Special purpose vehicle
EAGLE FC HOLDINGS LTD,08-12-2021,,License cancelled,Special purpose vehicle
LAMBDA ORYX RESTRICTED LIMITED,08-12-2021,,Licensed,Special purpose vehicle
NUQTAH HOLDING LIMITED,09-12-2021,,License cancelled,Special purpose vehicle
SWIITCH HOLDING LTD,09-12-2021,10 LEAVES LIMITED,Licensed,Special purpose vehicle
HIGHBURY HOLDINGS LTD,09-12-2021,AL TAMIMI & CO. CORPORATE SERVICES LIMITED,Licensed,Special purpose vehicle
HIGHGATE HOLDINGS LTD,09-12-2021,AL TAMIMI & CO. CORPORATE SERVICES LIMITED,Licensed,Special purpose vehicle
LAVOYA HOLDING LTD,09-12-2021,EQUIOM CORPORATE SERVICES (MIDDLE EAST) LTD,Licensed,Special purpose vehicle
TSX HOLDINGS LIMITED,09-12-2021,CLARA FORMATIONS LIMITED,Licensed,Special purpose vehicle
AS4 INVESTMENTS HOLDING LTD,09-12-2021,ACCLIME CORPORATE SERVICES LIMITED,Licensed,Special purpose vehicle
SKELMORE HOSPITALITY HOLDINGS LTD,12-12-2021,M-HQ LTD,Licensed,Special purpose vehicle
RADIX HOLDING LIMITED,12-12-2021,CLARA FORMATIONS LIMITED,License cancelled,Special purpose vehicle
PHAROS HOLDING LIMITED,12-12-2021,CLARA FORMATIONS LIMITED,Licensed,Special purpose vehicle
PLATINUM BRIDGE C 1998 RSC LIMITED,13-12-2021,,Licensed,Special purpose vehicle
MENAS GLOBAL HOLDINGS LIMITED,14-12-2021,CLARA FORMATIONS LIMITED,Licensed,Special purpose vehicle
STRYBER MENA HOLDING LIMITED,14-12-2021,INTERTRUST (MIDDLE EAST) LTD,Licensed,Special purpose vehicle
DANCING TECHNOLOGIES HOLDING LIMITED,14-12-2021,KPI AHLI CHARTERED ACCOUNTANTS,Licensed,Special purpose vehicle
LO 1 RESTRICTED LIMITED,14-12-2021,,Licensed,Special purpose vehicle
PHG MARINE SPV RSC LTD,15-12-2021,ASSISS LTD,Licensed,Special purpose vehicle
HELDERBERG HOLDING LIMITED,15-12-2021,,Licensed,Special purpose vehicle
AYKAN HOLDING LTD,15-12-2021,,License cancelled,Special purpose vehicle
ALLUP APP HOLDINGS LIMITED,15-12-2021,10 LEAVES LIMITED,Licensed,Special purpose vehicle
KHIBRA HOLDING LTD,15-12-2021,WALKERS PROFESSIONAL SERVICES (MIDDLE EAST) LIMITED,Licensed,Special purpose vehicle
SIC TEAMCO HOLDING LTD,15-12-2021,SWISS GROUP LEGAL LTD,Licensed,Special purpose vehicle
DEGEN SPV LTD,15-12-2021,CLARA FORMATIONS LIMITED,License cancelled,Special purpose vehicle
PHG B81 SPV RSC LTD,16-12-2021,,License cancelled,Special purpose vehicle
AL MAYA INTERNATIONAL HOLDING LTD,16-12-2021,INP IBRAHIM N PARTNERS LEGAL CONSULTANCY LTD,Licensed,Special purpose vehicle
MORE EDU HOLDINGS LIMITED,16-12-2021,,Licensed,Special purpose vehicle
ARRAKIS PROPERTY HOLDINGS LTD,16-12-2021,AL TAMIMI & CO. CORPORATE SERVICES LIMITED,Licensed,Special purpose vehicle
RWM HOLDINGS LIMITED,16-12-2021,CLARA FORMATIONS LIMITED,Licensed,Special purpose vehicle
CANCAN HOLDING LTD,16-12-2021,CLARA FORMATIONS LIMITED,Licensed,Special purpose vehicle
SMART INTERACTION1 HOLDING SPV RSC LTD,16-12-2021,,Licensed,Special purpose vehicle
PRESIGHT FUND INVESTMENTS HOLDING SPV RSC LTD,16-12-2021,ACCLIME CORPORATE SERVICES LIMITED,Licensed,Special purpose vehicle
SMART INTERACTION3 HOLDING SPV RSC LTD,16-12-2021,ACCLIME CORPORATE SERVICES LIMITED,Licensed,Special purpose vehicle
SMART INTERACTION4 HOLDING SPV RSC LTD,16-12-2021,ACCLIME CORPORATE SERVICES LIMITED,Licensed,Special purpose vehicle
CONSTELLATION INVESTMENTS SPV RSC LTD,16-12-2021,ACCLIME CORPORATE SERVICES LIMITED,Licensed,Special purpose vehicle
SYNERGIS PROPERTY DEVELOPMENT SPV LIMITED,19-12-2021,10 LEAVES LIMITED,License cancelled,Special purpose vehicle
DEMETER CAPITAL GP SPV LIMITED,19-12-2021,,Licensed,Special purpose vehicle
CH FAMILY FOUNDATION,19-12-2021,M-HQ LTD,Licensed,Foundation
CHRISTIAN DIOR COUTURE ME SPV LIMITED,20-12-2021,,Licensed,Special purpose vehicle
TONKIN EQUITY HOLDINGS LTD,20-12-2021,,License cancelled,Special purpose vehicle
ALONHON INVESTMENTS HOLDING LIMITED,20-12-2021,COUNSEL SERVICES LIMITED,Licensed,Special purpose vehicle
DBG HOLDCO LTD,20-12-2021,ACCLIME CORPORATE SERVICES LIMITED,Licensed,Special purpose vehicle
AGI INVESTMENT HOLDINGS LTD,21-12-2021,,License cancelled,Special purpose vehicle
ZF MIDDLE EAST 1 SPV LIMITED,21-12-2021,,Licensed,Special purpose vehicle
YOLK BRANDS SPV LTD,21-12-2021,EQUIOM CORPORATE SERVICES (MIDDLE EAST) LTD,Licensed,Special purpose vehicle
ABAF LIMITED,21-12-2021,AL TAMIMI & CO. CORPORATE SERVICES LIMITED,Licensed,Special purpose vehicle
MC MANAGEMENT 3 RSC LTD,21-12-2021,MAPLES FIDUCIARY SERVICES (MIDDLE EAST) LIMITED,Licensed,Special purpose vehicle
MC MULTI-STRATEGY RSC LIMITED,21-12-2021,MAPLES FIDUCIARY SERVICES (MIDDLE EAST) LIMITED,Licensed,Special purpose vehicle
MC MANAGEMENT 1 RSC LTD,21-12-2021,MAPLES FIDUCIARY SERVICES (MIDDLE EAST) LIMITED,Licensed,Special purpose vehicle
MC MANAGEMENT 2 RSC LTD,21-12-2021,MAPLES FIDUCIARY SERVICES (MIDDLE EAST) LIMITED,Licensed,Special purpose vehicle
MC MANAGEMENT 5 RSC LTD,21-12-2021,MAPLES FIDUCIARY SERVICES (MIDDLE EAST) LIMITED,Licensed,Special purpose vehicle
BLACK PEARL FOUNDATION,21-12-2021,VISTRA (MIDDLE EAST) LTD,Licensed,Foundation
NEST HAWK AERO HOLDINGS LIMITED,22-12-2021,10 LEAVES LIMITED,Licensed,Special purpose vehicle
GLOBAL SHARIA INVESTMENT PARTNERS HOLDINGS LIMITED,22-12-2021,M-HQ LTD,Licensed,Special purpose vehicle
SV HOLDING II INVESTMENT SPV LIMITED,22-12-2021,IDARAH CORPORATE LIMITED,Licensed,Special purpose vehicle
MANA AGRO SPV LIMITED,22-12-2021,,Licensed,Special purpose vehicle
MHK HOLDING LIMITED,22-12-2021,,License cancelled,Special purpose vehicle
D2 INVESTMENTS RSC LTD,23-12-2021,,Licensed,Special purpose vehicle
G42 SKY15 TECHNOLOGY PROJECTS RSC LTD,23-12-2021,,Licensed,Special purpose vehicle
BAYTONIA HOLDING LTD,23-12-2021,IDARAH CORPORATE LIMITED,Licensed,Special purpose vehicle
EXPANSION PROJECT GP RSC LTD,23-12-2021,,Licensed,Special purpose vehicle
PRESIGHT AI TECHNOLOGIES RSC LTD,23-12-2021,,Licensed,Special purpose vehicle
EXPANSION PROJECT LP RSC LTD,23-12-2021,,License cancelled,Special purpose vehicle
DABDOOB HOLDINGS LIMITED,26-12-2021,INTERTRUST (MIDDLE EAST) LTD,Licensed,Special purpose vehicle
RINGO INVESTMENT HOLDING LIMITED,26-12-2021,IDARAH CORPORATE LIMITED,License cancelled,Special purpose vehicle
M BEAR HOLDINGS LTD,27-12-2021,CLARA FORMATIONS LIMITED,Licensed,Special purpose vehicle
ARIOUS INVESTMENT HOLDING SPV LIMITED,27-12-2021,,License cancelled,Special purpose vehicle
APS HOLDING LIMITED,27-12-2021,,Licensed,Special purpose vehicle
OUTLIERS VENTURE CAPITAL SPV I LTD,27-12-2021,,License cancelled,Special purpose vehicle
MKN HOLDING LTD,27-12-2021,CLARA FORMATIONS LIMITED,Licensed,Special purpose vehicle
PULSAR CAPITAL HOLDINGS LIMITED,27-12-2021,WALKERS PROFESSIONAL SERVICES (MIDDLE EAST) LIMITED,Licensed,Special purpose vehicle
AAK FOUNDATION,27-12-2021,SANCTUARY CORPORATE SERVICES FZ LLC,Licensed,Foundation
PRASMI HOLDING LTD,28-12-2021,KPI AHLI CHARTERED ACCOUNTANTS,Licensed,Special purpose vehicle
ATLANTIC FOUNDATION,28-12-2021,ROSEMONT PARTNERS CORPORATE SERVICES LIMITED,Licensed,Foundation
CENTURION HOLDING LIMITED,29-12-2021,COUNSEL SERVICES LIMITED,Licensed,Special purpose vehicle
GAMBIT NKM SPV LTD,29-12-2021,10 LEAVES LIMITED,Licensed,Special purpose vehicle
VITACARE HOLDING LIMITED,30-12-2021,CSP GROUP LTD,Licensed,Special purpose vehicle
GLAMERA HOLDING LIMITED,02-01-2022,CLARA FORMATIONS LIMITED,Licensed,Special purpose vehicle
CRAVIA BRANDS HOLDING LIMITED,03-01-2022,,Licensed,Special purpose vehicle
GES HOLDING LTD,04-01-2022,CLARA FORMATIONS LIMITED,Licensed,Special purpose vehicle
SPECIALTY CARE HOLDINGS LTD,04-01-2022,CLARA FORMATIONS LIMITED,License cancelled,Special purpose vehicle
EIGHTCLOUDS HOLDINGS LIMITED,04-01-2022,CLARA FORMATIONS LIMITED,Licensed,Special purpose vehicle
THE GIVING MOVEMENT HOLDINGS LIMITED,06-01-2022,CLARA FORMATIONS LIMITED,Licensed,Special purpose vehicle
HAYI HOLDINGS LTD,06-01-2022,CLARA FORMATIONS LIMITED,License cancelled,Special purpose vehicle
ALPHATECH HOLDING LIMITED,06-01-2022,,Licensed,Special purpose vehicle
MSR HOLDING RSC LTD,06-01-2022,ASSISS LTD,Licensed,Special purpose vehicle
FCH CAPITAL PARTNERS HOLDINGS 11 LTD,07-01-2022,CLARA FORMATIONS LIMITED,License cancelled,Special purpose vehicle
SALAMA HOLDING LIMITED,07-01-2022,CROWE MAK LLP,Licensed,Special purpose vehicle
BEDAYA FUND II GP LTD,07-01-2022,,Licensed,Special purpose vehicle
BLW HOLDINGS LIMITED,07-01-2022,CLARA FORMATIONS LIMITED,Licensed,Special purpose vehicle
PURPL MIDDLE EAST HOLDING LTD,10-01-2022,CLARA FORMATIONS LIMITED,Licensed,Special purpose vehicle
HILLVIEW CRESCENT HOLDINGS LIMITED,10-01-2022,CLARA FORMATIONS LIMITED,License cancelled,Special purpose vehicle
RIGHT FARM RESTRICTED LIMITED,10-01-2022,TMF GROUP FIDUCIARY SERVICES LIMITED,License cancelled,Special purpose vehicle
R&B HOLDINGS LIMITED,11-01-2022,M-HQ LTD,License cancelled,Special purpose vehicle
SWAPP HOLDING LIMITED,11-01-2022,M-HQ LTD,License cancelled,Special purpose vehicle
XA GROUP HOLDING LIMITED,11-01-2022,10 LEAVES LIMITED,Licensed,Special purpose vehicle
STAR HOLDING COMPANY 2 LIMITED,11-01-2022,WALKERS PROFESSIONAL SERVICES (MIDDLE EAST) LIMITED,License cancelled,Special purpose vehicle
MAJLIS VISION HOLDING LIMITED,12-01-2022,COUNSEL SERVICES LIMITED,Licensed,Special purpose vehicle
HORIZON BLOCKS HOLDING LIMITED,14-01-2022,,License cancelled,Special purpose vehicle
CAPITAL HOLDING LTD,14-01-2022,ROSEMONT PARTNERS CORPORATE SERVICES LIMITED,Licensed,Special purpose vehicle
AL SHOUMOUKH FOUNDATION,14-01-2022,SANCTUARY CORPORATE SERVICES FZ LLC,Licensed,Foundation
RJS HOLDING SPV LTD,17-01-2022,ASSISS LTD,Licensed,Special purpose vehicle
ELITE SPORTS HOLDINGS LTD,17-01-2022,PRAXISIFM TRUST LIMITED,License cancelled,Special purpose vehicle
ENERGY INVESTCO HOLDING LIMITED,17-01-2022,CLARA FORMATIONS LIMITED,Licensed,Special purpose vehicle
DAFTARKHWAN HOLDINGS LIMITED,18-01-2022,,Licensed,Special purpose vehicle
SHOUK HOLDINGS (ME) LIMITED,19-01-2022,,License cancelled,Special purpose vehicle
KLAIM RECEIVABLE PURCHASE SPV 2 LIMITED,19-01-2022,CLARA FORMATIONS LIMITED,Licensed,Special purpose vehicle
OS ME HOLDINGS LTD,19-01-2022,WALKERS PROFESSIONAL SERVICES (MIDDLE EAST) LIMITED,Licensed,Special purpose vehicle
EDUCATION TECHNOLOGY HOLDING LTD,20-01-2022,10 LEAVES LIMITED,Licensed,Special purpose vehicle
OS HOLDINGS 01 LTD,20-01-2022,WALKERS PROFESSIONAL SERVICES (MIDDLE EAST) LIMITED,Licensed,Special purpose vehicle
OS HOLDINGS 02 LTD,20-01-2022,WALKERS PROFESSIONAL SERVICES (MIDDLE EAST) LIMITED,Licensed,Special purpose vehicle
AZIMUT SWEETWOOD VENTURES II GP LIMITED,24-01-2022,,License cancelled,Special purpose vehicle
YELLOW DOOR ENERGY HOLDING NISA LIMITED,25-01-2022,CLARA FORMATIONS LIMITED,Licensed,Special purpose vehicle
COREVESTOR SPV LTD,25-01-2022,,License cancelled,Special purpose vehicle
HEYGEARS TECHNOLOGY MIDDLE EAST HOLDING LTD,25-01-2022,EQUIOM CORPORATE SERVICES (MIDDLE EAST) LTD,Licensed,Special purpose vehicle
REVERSE ANGLE HOLDING PVT LTD,25-01-2022,KPI AHLI CHARTERED ACCOUNTANTS,Licensed,Special purpose vehicle
YELLOW DOOR ENERGY HOLDING SANA LIMITED,25-01-2022,CLARA FORMATIONS LIMITED,Licensed,Special purpose vehicle
WTI PROJECT DELIVERY HOLDING LIMITED,25-01-2022,CLARA FORMATIONS LIMITED,Licensed,Special purpose vehicle
SKYEXEC INVESTMENT HOLDINGS LTD,25-01-2022,ELNAGGAR & PARTNERS LIMITED,Licensed,Special purpose vehicle
YELLOW DOOR ENERGY HOLDINGS SONNE LTD,25-01-2022,CLARA FORMATIONS LIMITED,Licensed,Special purpose vehicle
MINDORO FOUNDATION,25-01-2022,GRIFFIN CORPORATE SERVICES LTD,Licensed,Foundation
AL MAHA HOLDINGS LIMITED,26-01-2022,10 LEAVES LIMITED,Licensed,Special purpose vehicle
ROOMYS HOLDING LIMITED,26-01-2022,COUNSEL SERVICES LIMITED,Licensed,Special purpose vehicle
AS3 INVESTMENTS HOLDING LTD,26-01-2022,ACCLIME CORPORATE SERVICES LIMITED,Licensed,Special purpose vehicle
MADEVCO HOLDINGS LTD,26-01-2022,CLARA FORMATIONS LIMITED,Licensed,Special purpose vehicle
ARC PORTFOLIO III SPV LIMITED,26-01-2022,INTERTRUST (MIDDLE EAST) LTD,Licensed,Special purpose vehicle
FLAT6LABS SSF GP LIMITED,27-01-2022,,Licensed,Special purpose vehicle
NCLUDE FINTECH INNOVATION FUND GP LTD,27-01-2022,,Licensed,Special purpose vehicle
METTRADE GLOBAL HOLDINGS LIMITED,28-01-2022,ACCLIME CORPORATE SERVICES LIMITED,License cancelled,Special purpose vehicle
KSAS HOLDING GROUP LIMITED,31-01-2022,,Licensed,Special purpose vehicle
SKY VIEW HOLDING LIMITED,31-01-2022,AMICORP ADVISORY LIMITED,Licensed,Special purpose vehicle
GATE HOLDING RSC LIMITED,31-01-2022,,Licensed,Special purpose vehicle
AFPS GROUP FOUNDATION,31-01-2022,CLARA FORMATIONS LIMITED,Licensed,Foundation
HOME SPV LTD,01-02-2022,,Licensed,Special purpose vehicle
SHIVOM FOUNDATION,02-02-2022,ELNAGGAR & PARTNERS LIMITED,License cancelled,Foundation
EXCLUSIVE WATCHES ARABIA HOLDING LIMITED,03-02-2022,AL TAMIMI & CO. CORPORATE SERVICES LIMITED,Licensed,Special purpose vehicle
SAM HOLDINGS LTD,03-02-2022,WALKERS PROFESSIONAL SERVICES (MIDDLE EAST) LIMITED,Licensed,Special purpose vehicle
SHINE SPV (HOLDING) 5 LIMITED,04-02-2022,WALKERS PROFESSIONAL SERVICES (MIDDLE EAST) LIMITED,Licensed,Special purpose vehicle
ANS RESOURCES HOLDINGS LIMITED,04-02-2022,SANCTUARY CORPORATE SERVICES FZ LLC,Licensed,Special purpose vehicle
BEST HOLDING LIMITED,04-02-2022,,License cancelled,Special purpose vehicle
REDPLANET VENTURES HOLDINGS LIMITED,04-02-2022,CLARA FORMATIONS LIMITED,Licensed,Special purpose vehicle
URUSFIN RESTRICTED LIMITED,04-02-2022,,Licensed,Special purpose vehicle
SAAD SUNLIGHT HOLDING CO. LTD,07-02-2022,ROSEMONT PARTNERS CORPORATE SERVICES LIMITED,Licensed,Special purpose vehicle
AMG AQAR HOLDING LIMITED,07-02-2022,10 LEAVES LIMITED,Licensed,Special purpose vehicle
SAHAB TRAVEL HOLDINGS LIMITED,07-02-2022,CLARA FORMATIONS LIMITED,License cancelled,Special purpose vehicle
WESTBOUND HOLDINGS LIMITED,08-02-2022,,License cancelled,Special purpose vehicle
MSR INVESTMENT SPV RSC LTD,08-02-2022,ASSISS LTD,Licensed,Special purpose vehicle
ALTERRA ACCELERATION GP LTD,09-02-2022,,Licensed,Special purpose vehicle
ALTERRA TRANSFORMATION GP LTD,09-02-2022,,Licensed,Special purpose vehicle
AWV HOLDING LTD,09-02-2022,INTERTRUST (MIDDLE EAST) LTD,Licensed,Special purpose vehicle
E611 HOLDING LIMITED,09-02-2022,,Licensed,Special purpose vehicle
DISC MIDDLE EAST SPV LIMITED,09-02-2022,MAPLES FIDUCIARY SERVICES (MIDDLE EAST) LIMITED,Licensed,Special purpose vehicle
FALCOR FOUNDATION,09-02-2022,,License cancelled,Foundation
BFI CAPITER SERIES B SPV LTD,10-02-2022,,License cancelled,Special purpose vehicle
MIA FOUNDATION,10-02-2022,CLARA FORMATIONS LIMITED,Licensed,Foundation
CESHIN HOLDINGS LIMITED,11-02-2022,10 LEAVES LIMITED,Licensed,Special purpose vehicle
GREEN HILL DEVELOPMENT SPV LTD,11-02-2022,,License cancelled,Special purpose vehicle
INFRASTRUCTURE RESIDENTIAL COMPLEX PROJECT 1 HOLDINGS LIMITED,11-02-2022,AL TAMIMI & CO. CORPORATE SERVICES LIMITED,Licensed,Special purpose vehicle
S.O. VENTURES HOLDING LTD,11-02-2022,STROLLA LLP,Licensed,Special purpose vehicle
DGCAP FOUNDATION,11-02-2022,ELNAGGAR & PARTNERS LIMITED,License cancelled,Foundation
RING CALVARO Z 1 HOLDING LTD,14-02-2022,EQUIOM CORPORATE SERVICES (MIDDLE EAST) LTD,Licensed,Special purpose vehicle
LAWAZEM HOLDING LTD,14-02-2022,CLARA FORMATIONS LIMITED,Licensed,Special purpose vehicle
ATOLL ESTATES HOLDING LTD,15-02-2022,PRAXISIFM TRUST LIMITED,Licensed,Special purpose vehicle
REKAB SPV HOLDING L.T.D.,15-02-2022,WALKERS PROFESSIONAL SERVICES (MIDDLE EAST) LIMITED,Licensed,Special purpose vehicle
CRESCENT HOLDING LIMITED,15-02-2022,,Licensed,Special purpose vehicle
SOLITAIR HOLDING LTD,15-02-2022,CLARA FORMATIONS LIMITED,Licensed,Special purpose vehicle
LE MONDE HOLDING LTD,15-02-2022,WALKERS PROFESSIONAL SERVICES (MIDDLE EAST) LIMITED,Licensed,Special purpose vehicle
BEIG FOUNDATION,15-02-2022,WALKERS PROFESSIONAL SERVICES (MIDDLE EAST) LIMITED,Licensed,Foundation
CORNICHE SEA CLUB HOLDING LIMITED,16-02-2022,PEREGRINE CORPORATE SERVICES LTD,Licensed,Special purpose vehicle
MOTOR SHARE HOLDINGS L.T.D.,16-02-2022,,Licensed,Special purpose vehicle
AMG MIDDLE EAST HOLDING LIMITED,16-02-2022,10 LEAVES LIMITED,Licensed,Special purpose vehicle
INVERNESS HOLDING LIMITED,16-02-2022,TMF GROUP FIDUCIARY SERVICES LIMITED,Licensed,Special purpose vehicle
VENTURE X HOLDINGS LTD,17-02-2022,CLARA FORMATIONS LIMITED,License cancelled,Special purpose vehicle
INCUBETA MENA HOLDINGS LTD,17-02-2022,ROSEMONT PARTNERS CORPORATE SERVICES LIMITED,Licensed,Special purpose vehicle
INNOVATIVE HEALTHCARE COMPANY HOLDINGS LTD,17-02-2022,WALKERS PROFESSIONAL SERVICES (MIDDLE EAST) LIMITED,Licensed,Special purpose vehicle
BEDAYA II GP COMMITMENT HOLDING LIMITED,17-02-2022,CLARA FORMATIONS LIMITED,Licensed,Special purpose vehicle
SOLANCA HOLDINGS LIMITED,17-02-2022,,License cancelled,Special purpose vehicle
URUSBID RESTRICTED LIMITED,17-02-2022,,Licensed,Special purpose vehicle
DARTS HOLDINGS RSC LTD,17-02-2022,,Licensed,Special purpose vehicle
UNIVERSZ HOLDINGS LTD,18-02-2022,CLARA FORMATIONS LIMITED,Licensed,Special purpose vehicle
MEDIAMAM HOLDINGS LIMITED,21-02-2022,,Licensed,Special purpose vehicle
PASEETAH SPV LTD,21-02-2022,10 LEAVES LIMITED,Licensed,Special purpose vehicle
MODUS MENA VENTURE BUILDER FUND I GP LTD,21-02-2022,CLARA FORMATIONS LIMITED,Licensed,Special purpose vehicle
MERIT HOLDING LTD,22-02-2022,CLARA FORMATIONS LIMITED,License cancelled,Special purpose vehicle
PAYABLES TECHNOLOGY HOLDING LTD,22-02-2022,CLARA FORMATIONS LIMITED,Licensed,Special purpose vehicle
SIGMA O1 RESTRICTED LIMITED,22-02-2022,,Licensed,Special purpose vehicle
APEIRON VENTURES HOLDING LIMITED,23-02-2022,,Licensed,Special purpose vehicle
AAR INVESTMENT SPV LIMITED,23-02-2022,,Licensed,Special purpose vehicle
KPI HOLDINGS LIMITED,23-02-2022,KPI AHLI CHARTERED ACCOUNTANTS,Licensed,Special purpose vehicle
ELLAS SAND SPV LIMITED,23-02-2022,,License cancelled,Special purpose vehicle
ITTIHAD VENTURES HOLDING LTD,23-02-2022,,Licensed,Special purpose vehicle
SMK FOUNDATION,23-02-2022,SANCTUARY CORPORATE SERVICES FZ LLC,Licensed,Foundation
TERRITORY FOUNDATION,23-02-2022,SANCTUARY CORPORATE SERVICES FZ LLC,License cancelled,Foundation
GMT HOLDING LTD,24-02-2022,10 LEAVES LIMITED,Licensed,Special purpose vehicle
BLACK STORCK FOUNDATION,24-02-2022,PRAXISIFM TRUST LIMITED,Licensed,Foundation
VITAL CHOICE FOUNDATION,24-02-2022,ELNAGGAR & PARTNERS LIMITED,License cancelled,Foundation
ATIF HOLDING COMPANY LIMITED,25-02-2022,,License cancelled,Special purpose vehicle
PASSION FOUNDATION,25-02-2022,10 LEAVES LIMITED,Licensed,Foundation
AWV II INVESTCO SPV LTD,28-02-2022,INTERTRUST (MIDDLE EAST) LTD,Licensed,Special purpose vehicle
AL SIFA HOLDINGS LIMITED,28-02-2022,SANCTUARY CORPORATE SERVICES FZ LLC,Licensed,Special purpose vehicle
AZM X COMPANY HOLDING LIMITED,28-02-2022,CLARA FORMATIONS LIMITED,Licensed,Special purpose vehicle
WHITE ROCK HOLDINGS RSC LTD,28-02-2022,,Licensed,Special purpose vehicle
KAWN HOLDINGS RSC LTD,01-03-2022,WALKERS PROFESSIONAL SERVICES (MIDDLE EAST) LIMITED,Licensed,Special purpose vehicle
HASIB HOLDINGS LIMITED,01-03-2022,CLARA FORMATIONS LIMITED,Licensed,Special purpose vehicle
JUBAILI AGROTEC GROUP (JAG) HOLDING LIMITED,01-03-2022,,Licensed,Special purpose vehicle
APPWIZARDS HOLDING SPV LTD,01-03-2022,ACCLIME CORPORATE SERVICES LIMITED,License cancelled,Special purpose vehicle
ABDA DISTRIBUTION INVESTMENT HOLDING LTD,01-03-2022,,Licensed,Special purpose vehicle
QOOB HOLDING LTD,01-03-2022,CLARA FORMATIONS LIMITED,License cancelled,Special purpose vehicle
GLOBAL CONNECTIONS HOLDINGS LTD,01-03-2022,CLARA FORMATIONS LIMITED,Licensed,Special purpose vehicle
SEA HOUSE HOLDING LIMITED,02-03-2022,M-HQ LTD,Licensed,Special purpose vehicle
ANTEFIXE HOLDING LIMITED,02-03-2022,SANCTUARY CORPORATE SERVICES FZ LLC,Licensed,Special purpose vehicle
BON HOLDINGS LIMITED,02-03-2022,CLARA FORMATIONS LIMITED,License cancelled,Special purpose vehicle
BFI NYM SERIES B1 SPV LTD,02-03-2022,,Licensed,Special purpose vehicle
AL SHOUMOUKH HOLDINGS LIMITED,02-03-2022,SANCTUARY CORPORATE SERVICES FZ LLC,Licensed,Special purpose vehicle
PALLAS HOLDINGS LIMITED,02-03-2022,ROSEMONT PARTNERS CORPORATE SERVICES LIMITED,Licensed,Special purpose vehicle
JUSTCLEAN ANGELS SPV LTD,02-03-2022,CLARA FORMATIONS LIMITED,Licensed,Special purpose vehicle
BLACK CASTLE HOLDINGS RSC LTD,02-03-2022,,Licensed,Special purpose vehicle
KEZANA HOLDINGS LTD,03-03-2022,WALKERS PROFESSIONAL SERVICES (MIDDLE EAST) LIMITED,Licensed,Special purpose vehicle
METRE SQUARED HOLDINGS LTD,03-03-2022,ROSEMONT PARTNERS CORPORATE SERVICES LIMITED,Licensed,Special purpose vehicle
THE SUSTAINABLE INVESTMENT COMPANY SPV LIMITED,03-03-2022,,Licensed,Special purpose vehicle
JUSTCLEAN FOUNDERS SPV LTD,03-03-2022,CLARA FORMATIONS LIMITED,Licensed,Special purpose vehicle
CRUNCH HOLDING LTD,03-03-2022,CLARA FORMATIONS LIMITED,Licensed,Special purpose vehicle
YALLAMARKET HOLDINGS LTD,04-03-2022,AL TAMIMI & CO. CORPORATE SERVICES LIMITED,License cancelled,Special purpose vehicle
BLACKBRIDGE HOLDINGS LTD,05-03-2022,,Licensed,Special purpose vehicle
BLUEPEAK HOLDINGS LTD,05-03-2022,,License cancelled,Special purpose vehicle
FINEWELL HOLDINGS LTD,05-03-2022,,License cancelled,Special purpose vehicle
BIOCELL PRO SPV LTD,06-03-2022,ACCLIME CORPORATE SERVICES LIMITED,License cancelled,Special purpose vehicle
HOUSEFORD HOLDINGS LTD,06-03-2022,,License cancelled,Special purpose vehicle
LINKMASTER HOLDINGS LTD,06-03-2022,,License cancelled,Special purpose vehicle
LINKWAY HOLDINGS LTD,06-03-2022,,License cancelled,Special purpose vehicle
MC MANAGEMENT 8 RSC LTD,07-03-2022,MAPLES FIDUCIARY SERVICES (MIDDLE EAST) LIMITED,Licensed,Special purpose vehicle
QUICKPAY HOLDING COMPANY LTD,07-03-2022,AL TAMIMI & CO. CORPORATE SERVICES LIMITED,Licensed,Special purpose vehicle
ALDAR LOGISTICS HOLDING LIMITED,07-03-2022,,Licensed,Special purpose vehicle
LAKEWIND HOLDINGS LTD,07-03-2022,,License cancelled,Special purpose vehicle
LAKECASTLE HOLDINGS LTD,07-03-2022,,Licensed,Special purpose vehicle
SANDLAND HOLDINGS LTD,07-03-2022,,Licensed,Special purpose vehicle
SUNDALE HOLDINGS LTD,07-03-2022,,License cancelled,Special purpose vehicle
HOUSEFAR HOLDINGS LTD,07-03-2022,,License cancelled,Special purpose vehicle
GEEK EXPRESS HOLDING LTD,08-03-2022,CLARA FORMATIONS LIMITED,Licensed,Special purpose vehicle
TMRW IPCO HOLDING LTD,08-03-2022,CLARA FORMATIONS LIMITED,Licensed,Special purpose vehicle
KITCHENOMIKS HOLDINGS LIMITED,08-03-2022,CLARA FORMATIONS LIMITED,Licensed,Special purpose vehicle
GENESIS HOLDINGS LIMITED,08-03-2022,,Licensed,Special purpose vehicle
INNOVARGE FINTECH HOLDINGS LIMITED,08-03-2022,M-HQ LTD,Licensed,Special purpose vehicle
GLOBAL FUTURE LEARNING HOLDING LIMITED,08-03-2022,SANCTUARY CORPORATE SERVICES FZ LLC,Licensed,Special purpose vehicle
SHUAA VENTURE PARTNERS GP LTD,08-03-2022,,License cancelled,Special purpose vehicle
RHINO VENTURES ARABIA HOLDING LIMITED,08-03-2022,WALKERS PROFESSIONAL SERVICES (MIDDLE EAST) LIMITED,Licensed,Special purpose vehicle
GC ACQUISITION HOLDING I LIMITED,08-03-2022,,License cancelled,Special purpose vehicle
SPLYD HOLDING LTD,08-03-2022,10 LEAVES LIMITED,Licensed,Special purpose vehicle
ARCADIAN FOUNDATION,08-03-2022,ROSEMONT PARTNERS CORPORATE SERVICES LIMITED,License cancelled,Foundation
CADENCE HOLDINGS LIMITED,09-03-2022,,Licensed,Special purpose vehicle
LUMA INVESTMENTS HOLDING LIMITED,09-03-2022,ACCLIME CORPORATE SERVICES LIMITED,Licensed,Special purpose vehicle
ABDA RETAIL INVESTMENT HOLDING LTD,09-03-2022,,Licensed,Special purpose vehicle
BALAJI HOLDINGS LIMITED,09-03-2022,CROWE MAK LLP,Licensed,Special purpose vehicle
BLUESTONE HOLDINGS LTD,09-03-2022,CLARA FORMATIONS LIMITED,Licensed,Special purpose vehicle
OAK HOLDINGS LIMITED,10-03-2022,CLARA FORMATIONS LIMITED,License cancelled,Special purpose vehicle
GSV CAPITAL PARTNERS FUND I GP LTD,10-03-2022,,License cancelled,Special purpose vehicle
DA'M AL-MUTTAHIDAH FOR INFORMATION TECHNOLOGY HOLDING LTD,10-03-2022,CLARA FORMATIONS LIMITED,License cancelled,Special purpose vehicle
NSS HOLDING LTD,10-03-2022,CLARA FORMATIONS LIMITED,License cancelled,Special purpose vehicle
JUSTCLEAN HOLDING LTD,10-03-2022,CLARA FORMATIONS LIMITED,Licensed,Special purpose vehicle
THE ARTISTS HOUSE BY T HOLDING LIMITED,10-03-2022,STROLLA LLP,License cancelled,Special purpose vehicle
ARROWSWIFT HOLDINGS LTD,10-03-2022,,License cancelled,Special purpose vehicle
SANDLAND INVESTMENT HOLDINGS LTD,10-03-2022,,License cancelled,Special purpose vehicle
SANDALWOOD HOLDINGS LTD,10-03-2022,,License cancelled,Special purpose vehicle
SANDALORIA HOLDINGS LTD,10-03-2022,,License cancelled,Special purpose vehicle
ARROWLINK HOLDINGS LTD,10-03-2022,,License cancelled,Special purpose vehicle
ROSEWELL HOLDINGS LTD,10-03-2022,,License cancelled,Special purpose vehicle
SAHER FLOW SOLUTIONS SPV LTD,11-03-2022,ACCLIME CORPORATE SERVICES LIMITED,Licensed,Special purpose vehicle
LESSER FOR SUSTAINABILITY SOLUTIONS HOLDING LTD,11-03-2022,CLARA FORMATIONS LIMITED,Licensed,Special purpose vehicle
INFRA LOGISTICS INVESTMENTS HOLDING COMPANY LTD,12-03-2022,,License cancelled,Special purpose vehicle
PRAMA HOLDINGS LTD,14-03-2022,CLARA FORMATIONS LIMITED,Licensed,Special purpose vehicle
DATACULTR HOLDINGS LIMITED,14-03-2022,CLARA FORMATIONS LIMITED,Licensed,Special purpose vehicle
VENTURE PARTNER HOLDING LIMITED,14-03-2022,,Licensed,Special purpose vehicle
SINGULARIOUS HOLDING LIMITED,14-03-2022,,License cancelled,Special purpose vehicle
UDRIVE INVEST HOLDINGS LIMITED,14-03-2022,CLARA FORMATIONS LIMITED,Licensed,Special purpose vehicle
KD GLOBAL HOLDINGS LTD,14-03-2022,CLARA FORMATIONS LIMITED,License cancelled,Special purpose vehicle
EZ.SMA HOLDING LTD,14-03-2022,CLARA FORMATIONS LIMITED,License cancelled,Special purpose vehicle
ILLUMINATIONSWORLD HOLDING LTD,15-03-2022,CLARA FORMATIONS LIMITED,Licensed,Special purpose vehicle
MAWARD SOLUTIONS HOLDING LTD,15-03-2022,CLARA FORMATIONS LIMITED,Licensed,Special purpose vehicle
VICTORY HOLDING LTD,15-03-2022,SANCTUARY CORPORATE SERVICES FZ LLC,Licensed,Special purpose vehicle
CREDIT HOLDING RSC LIMITED,16-03-2022,WALKERS PROFESSIONAL SERVICES (MIDDLE EAST) LIMITED,Licensed,Special purpose vehicle
NOMU STUDIOS HOLDING LTD,16-03-2022,CLARA FORMATIONS LIMITED,Licensed,Special purpose vehicle
ESTATER INTERNATIONALS HOLDING COMPANY LIMITED,16-03-2022,WALKERS PROFESSIONAL SERVICES (MIDDLE EAST) LIMITED,Licensed,Special purpose vehicle
SMILE HOLDINGS LIMITED,16-03-2022,WALKERS PROFESSIONAL SERVICES (MIDDLE EAST) LIMITED,Licensed,Special purpose vehicle
E& ENTERPRISE UAE HOLDING LIMITED,16-03-2022,WALKERS PROFESSIONAL SERVICES (MIDDLE EAST) LIMITED,Licensed,Special purpose vehicle
E& ENTERPRISE KSA HOLDING LIMITED,16-03-2022,WALKERS PROFESSIONAL SERVICES (MIDDLE EAST) LIMITED,Licensed,Special purpose vehicle
E& ENTERPRISE EGY HOLDING LIMITED,16-03-2022,WALKERS PROFESSIONAL SERVICES (MIDDLE EAST) LIMITED,Licensed,Special purpose vehicle
24 7 MEDIA HOLDING LTD,16-03-2022,,Licensed,Special purpose vehicle
OLD CEDAR INVESTMENTS HOLDINGS LTD,16-03-2022,,Licensed,Special purpose vehicle
SNOWPICK HOLDINGS LTD,16-03-2022,,Licensed,Special purpose vehicle
TIMIRIA INVESTMENTS HOLDINGS LTD,16-03-2022,,Licensed,Special purpose vehicle
ATIF SPV 5 LIMITED,17-03-2022,,License cancelled,Special purpose vehicle
ATIF SPV 6 LIMITED,17-03-2022,,Licensed,Special purpose vehicle
ATIF SPV 7 LIMITED,17-03-2022,,License cancelled,Special purpose vehicle
BELSONS HOLDING LIMITED,17-03-2022,ARGENTUM LAW LTD,Licensed,Special purpose vehicle
INFRASTRUCTURE RESIDENTIAL COMPLEX PROJECT 2 HOLDINGS LIMITED,17-03-2022,AL TAMIMI & CO. CORPORATE SERVICES LIMITED,Licensed,Special purpose vehicle
MSH HOLDING LIMITED,17-03-2022,CLARA FORMATIONS LIMITED,License cancelled,Special purpose vehicle
OVERCLOCK LABS NF HOLDINGS LIMITED,17-03-2022,COUNSEL SERVICES LIMITED,Licensed,Special purpose vehicle
SANDBAY HOLDINGS LTD,17-03-2022,,Licensed,Special purpose vehicle
ROSEVALLEY HOLDINGS LTD,17-03-2022,,Licensed,Special purpose vehicle
ORDER HOLDING LTD,17-03-2022,CLARA FORMATIONS LIMITED,Licensed,Special purpose vehicle
SAPHYTE HOLDING LIMITED,17-03-2022,CLARA FORMATIONS LIMITED,Licensed,Special purpose vehicle
AUXILIUM HOLDINGS LTD,17-03-2022,CLARA FORMATIONS LIMITED,Licensed,Special purpose vehicle
OVERCLOCK LABS HOLDINGS LIMITED,17-03-2022,COUNSEL SERVICES LIMITED,Licensed,Special purpose vehicle
ATIF SPV 9 LIMITED,17-03-2022,,License cancelled,Special purpose vehicle
ATIF SPV 10 LIMITED,17-03-2022,,License cancelled,Special purpose vehicle
ATIF SPV 11 LIMITED,17-03-2022,,Licensed,Special purpose vehicle
ATIF SPV 12 LIMITED,17-03-2022,,License cancelled,Special purpose vehicle
ATIF SPV 13 LIMITED,17-03-2022,,License cancelled,Special purpose vehicle
ATIF SPV 14 LIMITED,17-03-2022,,License cancelled,Special purpose vehicle
ATIF SPV 15 LIMITED,17-03-2022,,License cancelled,Special purpose vehicle
DWELA FOUNDATION,17-03-2022,ACCLIME CORPORATE SERVICES LIMITED,Licensed,Foundation
ATIF SPV 1 LIMITED,18-03-2022,,License cancelled,Special purpose vehicle
ATIF SPV 2 LIMITED,18-03-2022,,License cancelled,Special purpose vehicle
ATIF SPV 3 LIMITED,18-03-2022,,License cancelled,Special purpose vehicle
ATIF SPV 4 LIMITED,18-03-2022,,License cancelled,Special purpose vehicle
ATIF SPV 8 LIMITED,18-03-2022,,License cancelled,Special purpose vehicle
MIDORY INDUSTRIES SPV LIMITED,18-03-2022,,Licensed,Special purpose vehicle
VEA HOLDING LIMITED,18-03-2022,CLARA FORMATIONS LIMITED,Licensed,Special purpose vehicle
PACHA CAPITAL HOLDINGS LTD,18-03-2022,AL TAMIMI & CO. CORPORATE SERVICES LIMITED,Licensed,Special purpose vehicle
TERRITORY SPV LIMITED,18-03-2022,SANCTUARY CORPORATE SERVICES FZ LLC,License cancelled,Special purpose vehicle
NUGTTAH SPV LTD,18-03-2022,CLARA FORMATIONS LIMITED,Licensed,Special purpose vehicle
NOVO GENOMICS HOLDING LTD,18-03-2022,CLARA FORMATIONS LIMITED,Licensed,Special purpose vehicle
HOMEPORT ME HOLDING LTD,21-03-2022,,Licensed,Special purpose vehicle
ROUND ROCK HOLDINGS LIMITED,21-03-2022,CLARA FORMATIONS LIMITED,Licensed,Special purpose vehicle
SONDBERG LEJRE HOLDING LTD,21-03-2022,J. AWAN & PARTNERS LIMITED,Licensed,Special purpose vehicle
KSM INVESTMENTS HOLDING RSC LTD,21-03-2022,ASSISS LTD,Licensed,Special purpose vehicle
BID HOLDING LTD,22-03-2022,CLARA FORMATIONS LIMITED,Licensed,Special purpose vehicle
LIGHTHOUSE ENERGY GP LIMITED,22-03-2022,TMF GROUP FIDUCIARY SERVICES LIMITED,Licensed,Special purpose vehicle
SUNVALLEY HOLDINGS LTD,22-03-2022,,Licensed,Special purpose vehicle
AVENUE HOLDINGS LIMITED,22-03-2022,,Licensed,Special purpose vehicle
JOUD CAPITAL HOLDING LTD,22-03-2022,CLARA FORMATIONS LIMITED,License cancelled,Special purpose vehicle
URBAN INVESTMENTS HOLDING LIMITED,22-03-2022,MABA CORPORATE SERVICES LIMITED,Licensed,Special purpose vehicle
CREDIT INVESTMENT HOLDING I RSC LIMITED,23-03-2022,WALKERS PROFESSIONAL SERVICES (MIDDLE EAST) LIMITED,Licensed,Special purpose vehicle
CREDIT INVESTMENT HOLDING II RSC LIMITED,23-03-2022,WALKERS PROFESSIONAL SERVICES (MIDDLE EAST) LIMITED,Licensed,Special purpose vehicle
BEAUFORT SLP II LIMITED,23-03-2022,TMF GROUP FIDUCIARY SERVICES LIMITED,Licensed,Special purpose vehicle
MAJEL HOLDING SPV LIMITED,23-03-2022,SWISS GROUP LEGAL LTD,Licensed,Special purpose vehicle
Q TRAJECTORY LOGISTICS RESTRICTED LIMITED,23-03-2022,,Licensed,Special purpose vehicle
SAHEL 1 RESTRICTED LIMITED,23-03-2022,CLARA FORMATIONS LIMITED,Licensed,Special purpose vehicle
SAHEL 2 RESTRICTED LIMITED,23-03-2022,CLARA FORMATIONS LIMITED,Licensed,Special purpose vehicle
ARGENTUM HOLDINGS RSC LTD,24-03-2022,KPI AHLI CHARTERED ACCOUNTANTS,Licensed,Special purpose vehicle
ABC CAPITAL HOLDINGS LIMITED,24-03-2022,AL TAMIMI & CO. CORPORATE SERVICES LIMITED,Licensed,Special purpose vehicle
MEDIPHORE HOLDING LIMITED,24-03-2022,MABA CORPORATE SERVICES LIMITED,License cancelled,Special purpose vehicle
ENHANCED INVESTMENT HOLDING LIMITED,24-03-2022,,Licensed,Special purpose vehicle
ALAAN HOLDINGS LTD,24-03-2022,CLARA FORMATIONS LIMITED,Licensed,Special purpose vehicle
AGC INTERNATIONAL HOLDING LIMITED,24-03-2022,ROSEMONT PARTNERS CORPORATE SERVICES LIMITED,Licensed,Special purpose vehicle
SIRDAB HOLDING LIMITED,24-03-2022,CLARA FORMATIONS LIMITED,Licensed,Special purpose vehicle
MIDDLE EAST TECH VENTURES HOLDING LTD,24-03-2022,CLARA FORMATIONS LIMITED,Licensed,Special purpose vehicle
VENOM BLOCKCHAIN HOLDING LIMITED,24-03-2022,10 LEAVES LIMITED,License cancelled,Special purpose vehicle
FUTURE FOUNDATION,24-03-2022,ELNAGGAR & PARTNERS LIMITED,Licensed,Foundation
SANAL KUMAR FOUNDATION,24-03-2022,CROWE MAK LLP,Licensed,Foundation
TRUDOC HOLDINGS LIMITED,25-03-2022,,Licensed,Special purpose vehicle
DTS HOLDING LTD,25-03-2022,10 LEAVES LIMITED,Licensed,Special purpose vehicle
INNOVATION TECHNOLOGY HOLDINGS LTD,25-03-2022,CLARA FORMATIONS LIMITED,Licensed,Special purpose vehicle
TEC HOLDINGS LIMITED,25-03-2022,INP IBRAHIM N PARTNERS LEGAL CONSULTANCY LTD,Licensed,Special purpose vehicle
ABV DRAGON 1 SPV LTD,25-03-2022,,License cancelled,Special purpose vehicle
INTERNATIONAL RECYCLING ALLIANCE HOLDING LIMITED,25-03-2022,,License cancelled,Special purpose vehicle
EQUIPTAL HOLDING LTD,28-03-2022,,Licensed,Special purpose vehicle
RAYNUMA HOLDINGS LIMITED,28-03-2022,SANCTUARY CORPORATE SERVICES FZ LLC,Licensed,Special purpose vehicle
SERVME HOLDINGS LIMITED,28-03-2022,CLARA FORMATIONS LIMITED,Licensed,Special purpose vehicle
FAMZ UNIVERSAL FOUNDATION,28-03-2022,ACCLIME CORPORATE SERVICES LIMITED,Licensed,Foundation
PHG AVI 6000 HOLDING RSC LTD,29-03-2022,ASSISS LTD,Licensed,Special purpose vehicle
MRRHA HOLDING LTD,29-03-2022,CLARA FORMATIONS LIMITED,Licensed,Special purpose vehicle
SYNAPTECH CAPITAL INVESTMENTS GP LTD,29-03-2022,,Licensed,Special purpose vehicle
ARMELA HOLDINGS LIMITED,29-03-2022,AMICORP ADVISORY LIMITED,Licensed,Special purpose vehicle
BCP GROWTH HOLDINGS LIMITED,29-03-2022,MAPLES FIDUCIARY SERVICES (MIDDLE EAST) LIMITED,Licensed,Special purpose vehicle
CBS HOLDINGS MIDDLE EAST LTD,30-03-2022,CSP GROUP LTD,Licensed,Special purpose vehicle
HYDROJEEN HOLDING LTD,30-03-2022,,Licensed,Special purpose vehicle
V STAKE HOLDING LIMITED,30-03-2022,CSP GROUP LTD,Licensed,Special purpose vehicle
MATTER HOLDINGS LIMITED,30-03-2022,CLARA FORMATIONS LIMITED,Licensed,Special purpose vehicle
TDS HOLDINGS LIMITED,30-03-2022,WALKERS PROFESSIONAL SERVICES (MIDDLE EAST) LIMITED,Licensed,Special purpose vehicle
MAINCHAIN HOLDINGS LIMITED,31-03-2022,CLARA FORMATIONS LIMITED,License cancelled,Special purpose vehicle
IRON MOUNTAIN INFORMATION MANAGEMENT SPV LIMITED,01-04-2022,,License cancelled,Special purpose vehicle
THE CHIPPY NORTH HOLDINGS LTD,01-04-2022,,License cancelled,Special purpose vehicle
JIMMAB HOLDINGS LTD,01-04-2022,ROSEMONT PARTNERS CORPORATE SERVICES LIMITED,License cancelled,Special purpose vehicle
AM HOLDINGS LIMITED,01-04-2022,SANCTUARY CORPORATE SERVICES FZ LLC,License cancelled,Special purpose vehicle
PEAK HOLDINGS LIMITED,01-04-2022,CROWE MAK LLP,Licensed,Special purpose vehicle
3S GARDEN RESIDENCES HOLDING LTD,04-04-2022,10 LEAVES LIMITED,Licensed,Special purpose vehicle
NEOVISION HOLDINGS LIMITED,04-04-2022,,Licensed,Special purpose vehicle
TRAJECTORY LOGISTICS HOLDING RESTRICTED LIMITED,04-04-2022,,Licensed,Special purpose vehicle
MONKIBOX HOLDINGS LTD,05-04-2022,CLARA FORMATIONS LIMITED,Licensed,Special purpose vehicle
FABRICAID HOLDING LIMITED,05-04-2022,CLARA FORMATIONS LIMITED,Licensed,Special purpose vehicle
AL SHOUMOUKH GROUP SPV LTD,05-04-2022,SANCTUARY CORPORATE SERVICES FZ LLC,Licensed,Special purpose vehicle
AL SHOUMOUKH INVESTMENT SPV LTD,05-04-2022,SANCTUARY CORPORATE SERVICES FZ LLC,Licensed,Special purpose vehicle
AL SHOUMOUKH JOINT VENTURES SPV LTD,05-04-2022,SANCTUARY CORPORATE SERVICES FZ LLC,License cancelled,Special purpose vehicle
HMZ HOLDING RSC LTD,06-04-2022,AL TAMIMI & CO. CORPORATE SERVICES LIMITED,Licensed,Special purpose vehicle
F45 HOLDINGS LIMITED,06-04-2022,CLARA FORMATIONS LIMITED,License cancelled,Special purpose vehicle
PEMBROSE HOLDING LIMITED,06-04-2022,ADS INVESTMENT SOLUTIONS LIMITED,Licensed,Special purpose vehicle
MENZIES INVESTMENT HOLDING I LIMITED,06-04-2022,PEREGRINE CORPORATE SERVICES LTD,Licensed,Special purpose vehicle
HORIZON INTERNATIONAL HOLDINGS LIMITED,06-04-2022,PEREGRINE CORPORATE SERVICES LTD,Licensed,Special purpose vehicle
EDUCARE HOLDINGS LIMITED,06-04-2022,ROSEMONT PARTNERS CORPORATE SERVICES LIMITED,Licensed,Special purpose vehicle
BAYARI HOLDING LIMITED,06-04-2022,,Licensed,Special purpose vehicle
MC MANAGEMENT 11 RSC LTD,07-04-2022,MAPLES FIDUCIARY SERVICES (MIDDLE EAST) LIMITED,Licensed,Special purpose vehicle
MC MANAGEMENT 12 RSC LTD,07-04-2022,MAPLES FIDUCIARY SERVICES (MIDDLE EAST) LIMITED,Licensed,Special purpose vehicle
BUSTAN HOLDINGS LIMITED,07-04-2022,WALKERS PROFESSIONAL SERVICES (MIDDLE EAST) LIMITED,Licensed,Special purpose vehicle
VALEO HEALTH HOLDING LIMITED,07-04-2022,CLARA FORMATIONS LIMITED,Licensed,Special purpose vehicle
MC MANAGEMENT 10 RSC LTD,07-04-2022,MAPLES FIDUCIARY SERVICES (MIDDLE EAST) LIMITED,Licensed,Special purpose vehicle
MC PRIVATE EQUITY IV CARRY VEHICLE RSC LIMITED,07-04-2022,MAPLES FIDUCIARY SERVICES (MIDDLE EAST) LIMITED,Licensed,Special purpose vehicle
WAFFLE HOLDINGS LIMITED,08-04-2022,,Licensed,Special purpose vehicle
PAYZY HOLDINGS LIMITED,08-04-2022,CLARA FORMATIONS LIMITED,Licensed,Special purpose vehicle
GLOBE TOURISM INVESTMENTS SPV RSC LTD,08-04-2022,,Licensed,Special purpose vehicle
ONE NILE HOLDING LIMITED,11-04-2022,,Licensed,Special purpose vehicle
CORET HOLDINGS LTD,11-04-2022,,License cancelled,Special purpose vehicle
TRUCIAL HOLDINGS LTD,11-04-2022,,License cancelled,Special purpose vehicle
ATTRICAL HOLDINGS LTD,11-04-2022,KPI AHLI CHARTERED ACCOUNTANTS,License cancelled,Special purpose vehicle
FINEWIND HOLDINGS LTD,11-04-2022,,License cancelled,Special purpose vehicle
FREST HOLDINGS LTD,11-04-2022,KPI AHLI CHARTERED ACCOUNTANTS,Licensed,Special purpose vehicle
NORTHAWK HOLDINGS LTD,11-04-2022,,License cancelled,Special purpose vehicle
WINGUARD HOLDINGS LTD,11-04-2022,KPI AHLI CHARTERED ACCOUNTANTS,Licensed,Special purpose vehicle
RESPIRA HOLDINGS INTERNATIONAL LTD,11-04-2022,INTERTRUST (MIDDLE EAST) LTD,License cancelled,Special purpose vehicle
AURORA HOLDING LTD,11-04-2022,SWISS GROUP LEGAL LTD,Licensed,Special purpose vehicle
TANGO HOLDING LIMITED,11-04-2022,10 LEAVES LIMITED,License cancelled,Special purpose vehicle
PLATINUM GERANIUM A GP 2015 RSC LIMITED,11-04-2022,,Licensed,Special purpose vehicle
ADCP SPV 16 LTD,12-04-2022,WALKERS PROFESSIONAL SERVICES (MIDDLE EAST) LIMITED,License cancelled,Special purpose vehicle
ADCP SPV 17 LTD,12-04-2022,WALKERS PROFESSIONAL SERVICES (MIDDLE EAST) LIMITED,Licensed,Special purpose vehicle
ADCP SPV 18 LTD,12-04-2022,WALKERS PROFESSIONAL SERVICES (MIDDLE EAST) LIMITED,License cancelled,Special purpose vehicle
ADCP SPV 19 LTD,12-04-2022,WALKERS PROFESSIONAL SERVICES (MIDDLE EAST) LIMITED,Licensed,Special purpose vehicle
ADCP SPV 20 LTD,12-04-2022,WALKERS PROFESSIONAL SERVICES (MIDDLE EAST) LIMITED,Licensed,Special purpose vehicle
PARU SPV LTD,12-04-2022,TMF GROUP FIDUCIARY SERVICES LIMITED,Licensed,Special purpose vehicle
MC MANAGEMENT 6 RSC LTD,12-04-2022,MAPLES FIDUCIARY SERVICES (MIDDLE EAST) LIMITED,Licensed,Special purpose vehicle
MC MANAGEMENT 7 RSC LTD,12-04-2022,MAPLES FIDUCIARY SERVICES (MIDDLE EAST) LIMITED,Licensed,Special purpose vehicle
PSP HOLDINGS 1 LIMITED,13-04-2022,WALKERS PROFESSIONAL SERVICES (MIDDLE EAST) LIMITED,Licensed,Special purpose vehicle
KHLIFAWI HOLDING LIMITED,13-04-2022,COUNSEL SERVICES LIMITED,Licensed,Special purpose vehicle
AGILITY VENTURE CAPITAL HOLDINGS LIMITED,13-04-2022,PEREGRINE CORPORATE SERVICES LTD,Licensed,Special purpose vehicle
SM INVESTMENTS HOLDING LTD,13-04-2022,ACCLIME CORPORATE SERVICES LIMITED,Licensed,Special purpose vehicle
AL MONTAZAH INVESTMENTS HOLDING LTD,13-04-2022,ACCLIME CORPORATE SERVICES LIMITED,Licensed,Special purpose vehicle
PSP HOLDINGS 2 LIMITED,14-04-2022,WALKERS PROFESSIONAL SERVICES (MIDDLE EAST) LIMITED,Licensed,Special purpose vehicle
FRUITFUL HOLDINGS LIMITED,14-04-2022,SANCTUARY CORPORATE SERVICES FZ LLC,Licensed,Special purpose vehicle
NANO HOLDINGS LIMITED,14-04-2022,,Licensed,Special purpose vehicle
NMOK HOLDING LIMITED,14-04-2022,,Licensed,Special purpose vehicle
ABG REFINERY HOLDING LIMITED,15-04-2022,WALKERS PROFESSIONAL SERVICES (MIDDLE EAST) LIMITED,License cancelled,Special purpose vehicle
KLEEN TECHNOLOGIES HOLDING LIMITED,15-04-2022,CLARA FORMATIONS LIMITED,Licensed,Special purpose vehicle
CITRON HOLDING LTD,18-04-2022,CLARA FORMATIONS LIMITED,Licensed,Special purpose vehicle
CORRIDOR LOGISTICS HOLDINGS LIMITED,18-04-2022,CROWE MAK LLP,License cancelled,Special purpose vehicle
MICASA HOLDING LIMITED,18-04-2022,ADS INVESTMENT SOLUTIONS LIMITED,Licensed,Special purpose vehicle
SB SPV LTD,18-04-2022,TMF GROUP FIDUCIARY SERVICES LIMITED,Licensed,Special purpose vehicle
CAT SANCTUARY HOLDINGS LTD,18-04-2022,CSP GROUP LTD,Licensed,Special purpose vehicle
PIF MANAGEMENT SPV LIMITED,18-04-2022,WALKERS PROFESSIONAL SERVICES (MIDDLE EAST) LIMITED,License cancelled,Special purpose vehicle
GREEN ENERGY INVESTMENT HOLDING RSC LIMITED,19-04-2022,CROWE MAK LLP,Licensed,Special purpose vehicle
GREEN ENTERPRISES INVESTMENT HOLDING RSC LIMITED,19-04-2022,CROWE MAK LLP,Licensed,Special purpose vehicle
SEVEN LUXURY HOLDING LIMITED,19-04-2022,SWISS GROUP LEGAL LTD,Licensed,Special purpose vehicle
YAS LIQUIDITY CAPITAL FUND I GP LIMITED,19-04-2022,,Licensed,Special purpose vehicle
GREEN TRANSMISSION INVESTMENT HOLDING RSC LIMITED,19-04-2022,CROWE MAK LLP,Licensed,Special purpose vehicle
GENERICS CAPITAL INVESTMENTS LIMITED,20-04-2022,TMF GROUP FIDUCIARY SERVICES LIMITED,License cancelled,Special purpose vehicle
REHLAT HOLDINGS LIMITED,20-04-2022,AL TAMIMI & CO. CORPORATE SERVICES LIMITED,Licensed,Special purpose vehicle
WINWALL HOLDINGS LTD,20-04-2022,KPI AHLI CHARTERED ACCOUNTANTS,Licensed,Special purpose vehicle
SUSTAINABILITY INITIATIVES HOLDING LIMITED,20-04-2022,STROLLA LLP,Licensed,Special purpose vehicle
DST (DAMASK SHIPPING & TRADING) HOLDING LTD,21-04-2022,ACCLIME CORPORATE SERVICES LIMITED,Licensed,Special purpose vehicle
ARIB HOLDING LTD,21-04-2022,CLARA FORMATIONS LIMITED,Licensed,Special purpose vehicle
ALDAR ESTATES HOLDING LIMITED,21-04-2022,,Licensed,Special purpose vehicle
AL MARYAH PROPERTY HOLDINGS LIMITED,21-04-2022,,Licensed,Special purpose vehicle
AMI PROPERTIES HOLDING LIMITED,21-04-2022,,Licensed,Special purpose vehicle
ALDAR HOLDINGS 4 LIMITED,21-04-2022,,Licensed,Special purpose vehicle
ALDAR HOLDINGS 2 LIMITED,21-04-2022,,Licensed,Special purpose vehicle
CORYS PIPING SYSTEMS SPV LTD,22-04-2022,ELNAGGAR & PARTNERS LIMITED,Licensed,Special purpose vehicle
TOTERS HOLDING LTD,22-04-2022,CLARA FORMATIONS LIMITED,Licensed,Special purpose vehicle
ARABIA GROUP HOLDING LIMITED,25-04-2022,WALKERS PROFESSIONAL SERVICES (MIDDLE EAST) LIMITED,Licensed,Special purpose vehicle
VANGUARD HOLDING LTD,25-04-2022,AL TAMIMI & CO. CORPORATE SERVICES LIMITED,Licensed,Special purpose vehicle
COPPER SECURITIES NOMINEES HOLDINGS (ME) LIMITED,25-04-2022,,Licensed,Special purpose vehicle
SRQ TAMKEEN II SPV LTD,25-04-2022,,Licensed,Special purpose vehicle
LEMO SPV LIMITED,26-04-2022,KALANTAR BUSINESS LAW GROUP LTD,Licensed,Special purpose vehicle
BFI MUSHARAKA I SPV LTD,26-04-2022,,Licensed,Special purpose vehicle
ZEMTUM HOLDING LIMITED,27-04-2022,GRIFFIN CORPORATE SERVICES LTD,License cancelled,Special purpose vehicle
RIVIERA HOLDING LTD,27-04-2022,,Licensed,Special purpose vehicle
360 SPORTS HOLDING LIMITED,28-04-2022,M-HQ LTD,Licensed,Special purpose vehicle
ADCP F2 SPV 01 LTD,28-04-2022,WALKERS PROFESSIONAL SERVICES (MIDDLE EAST) LIMITED,License cancelled,Special purpose vehicle
ADCP F2 SPV 02 LTD,28-04-2022,WALKERS PROFESSIONAL SERVICES (MIDDLE EAST) LIMITED,Licensed,Special purpose vehicle
ENVI HOLDING LTD,28-04-2022,CLARA FORMATIONS LIMITED,Licensed,Special purpose vehicle
ENDURANCE HOLDINGS LIMITED,28-04-2022,,License cancelled,Special purpose vehicle
I-KITCHEN SPV LTD,28-04-2022,CLARA FORMATIONS LIMITED,Licensed,Special purpose vehicle
RAM STUDIO HOLDING LTD,28-04-2022,,Licensed,Special purpose vehicle
S&N SPV LTD,28-04-2022,EQUIOM CORPORATE SERVICES (MIDDLE EAST) LTD,Licensed,Special purpose vehicle
DRAGON FOUNDATION,28-04-2022,WALKERS PROFESSIONAL SERVICES (MIDDLE EAST) LIMITED,Licensed,Foundation
AKHAWAYN HOLDING LIMITED,29-04-2022,ASSISS LTD,Licensed,Special purpose vehicle
MAGMA HOLDINGS LIMITED,29-04-2022,CLARA FORMATIONS LIMITED,Licensed,Special purpose vehicle
CAPITER TECHNOLOGIES HOLDING LTD,29-04-2022,CLARA FORMATIONS LIMITED,License cancelled,Special purpose vehicle
BOUNCE TECH HOLDING LIMITED,29-04-2022,,License cancelled,Special purpose vehicle
YOLK ESOP SPV LTD,29-04-2022,EQUIOM CORPORATE SERVICES (MIDDLE EAST) LTD,Licensed,Special purpose vehicle
ORISDI HOLDING LTD,09-05-2022,CLARA FORMATIONS LIMITED,Licensed,Special purpose vehicle
AZOM IBTIKAR COMPANY SPV LTD,09-05-2022,,Licensed,Special purpose vehicle
WEMAX INTERNATIONAL HOLDING LIMITED,09-05-2022,SWISS GROUP LEGAL LTD,Licensed,Special purpose vehicle
SAMPI INTERNATIONAL HOLDING 2 LIMITED,09-05-2022,10 LEAVES LIMITED,Licensed,Special purpose vehicle
INSIGNIA WORLDWIDE HOLDINGS LTD,10-05-2022,AL TAMIMI & CO. CORPORATE SERVICES LIMITED,Licensed,Special purpose vehicle
UNICORN PLATINUM HOLDINGS LIMITED,10-05-2022,ACCLIME CORPORATE SERVICES LIMITED,License cancelled,Special purpose vehicle
LAST DROP HOLDING RSC LTD,10-05-2022,,Licensed,Special purpose vehicle
POWERLINE HOLDING LIMITED,11-05-2022,COUNSEL SERVICES LIMITED,Licensed,Special purpose vehicle
ASTROSTONE HOLDINGS LTD,11-05-2022,ASSISS LTD,License cancelled,Special purpose vehicle
ALSOBH INVESTMENT HOLDING LIMITED,11-05-2022,ACCLIME CORPORATE SERVICES LIMITED,Licensed,Special purpose vehicle
TXAI TECHNOLOGY HOLDING SPV LTD,11-05-2022,ACCLIME CORPORATE SERVICES LIMITED,License cancelled,Special purpose vehicle
NAVIGATOR PARTNERS SPV LIMITED,11-05-2022,10 LEAVES LIMITED,Licensed,Special purpose vehicle
SOVEREIGN HOLDINGS SPV LIMITED,11-05-2022,,Licensed,Special purpose vehicle
MFX INVESTMENT HOLDING LIMITED,12-05-2022,AMICORP ADVISORY LIMITED,License cancelled,Special purpose vehicle
HARVEST HOLDINGS LIMITED,12-05-2022,CROWE MAK LLP,Licensed,Special purpose vehicle
ORTUS HOLDINGS LIMITED,12-05-2022,CROWE MAK LLP,Licensed,Special purpose vehicle
EMERGE HOLDINGS LIMITED,12-05-2022,CROWE MAK LLP,Licensed,Special purpose vehicle
H HOTEL AND OFFICE TOWER SPV LIMITED,12-05-2022,WALKERS PROFESSIONAL SERVICES (MIDDLE EAST) LIMITED,Licensed,Special purpose vehicle
RELIABLE FUTURE FOUNDATION,12-05-2022,ROSEMONT PARTNERS CORPORATE SERVICES LIMITED,Licensed,Foundation
SDC APPLICATION HOLDING LTD,13-05-2022,,Licensed,Special purpose vehicle
URBIT HOLDINGS LIMITED,13-05-2022,,License cancelled,Special purpose vehicle
AURA HOLDING LTD,13-05-2022,,Licensed,Special purpose vehicle
LIGHTHOUSE ENERGY HOLDING COMPANY LIMITED,13-05-2022,TMF GROUP FIDUCIARY SERVICES LIMITED,Licensed,Special purpose vehicle
LIGHTHOUSE ENERGY HOLDING COMPANY II LIMITED,13-05-2022,TMF GROUP FIDUCIARY SERVICES LIMITED,Licensed,Special purpose vehicle
FIND KNZ HOLDINGS LIMITED,14-05-2022,CLARA FORMATIONS LIMITED,License cancelled,Special purpose vehicle
ONE FIT HOLDING SPV LTD,15-05-2022,CLARA FORMATIONS LIMITED,Licensed,Special purpose vehicle
ONE.XYZ SPV LTD,15-05-2022,CLARA FORMATIONS LIMITED,Licensed,Special purpose vehicle
MSAAQ HOLDING LTD,17-05-2022,10 LEAVES LIMITED,Licensed,Special purpose vehicle
THE TONY JASHANMAL FOUNDATION,17-05-2022,ACCLIME CORPORATE SERVICES LIMITED,Licensed,Foundation
CHILTERN STREET CAPITAL HOLDINGS LIMITED,18-05-2022,M-HQ LTD,Licensed,Special purpose vehicle
RITE GEOSYSTEMS HOLDING LIMITED,18-05-2022,SANCTUARY CORPORATE SERVICES FZ LLC,License cancelled,Special purpose vehicle
PROPERTY STAKEB SPV LIMITED,18-05-2022,,License cancelled,Special purpose vehicle
PROJENCY HOLDINGS LTD,18-05-2022,,Licensed,Special purpose vehicle
MAL HOLDING LTD,18-05-2022,CLARA FORMATIONS LIMITED,Licensed,Special purpose vehicle
ROCK HOLDING RSC LIMITED,18-05-2022,WALKERS PROFESSIONAL SERVICES (MIDDLE EAST) LIMITED,Licensed,Special purpose vehicle
PARADIGM SPV LIMITED,19-05-2022,,Licensed,Special purpose vehicle
PLENARY MIDDLE EAST INVESTMENTS HOLD CO LIMITED,19-05-2022,WALKERS PROFESSIONAL SERVICES (MIDDLE EAST) LIMITED,Licensed,Special purpose vehicle
PEGASUS SPV LIMITED,19-05-2022,PEREGRINE CORPORATE SERVICES LTD,Licensed,Special purpose vehicle
CHANDRAMARI GLOBAL SPV LIMITED,19-05-2022,CROWE MAK LLP,Licensed,Special purpose vehicle
AUM GP LTD,19-05-2022,,Licensed,Special purpose vehicle
NEUTRINO HOLDING LIMITED,19-05-2022,CLARA FORMATIONS LIMITED,License cancelled,Special purpose vehicle
SUNTOWER HOLDINGS LTD,20-05-2022,ASSISS LTD,Licensed,Special purpose vehicle
PICKL IP SPV LTD,20-05-2022,EQUIOM CORPORATE SERVICES (MIDDLE EAST) LTD,Licensed,Special purpose vehicle
PICKL FRANCHISE SPV LTD,20-05-2022,EQUIOM CORPORATE SERVICES (MIDDLE EAST) LTD,Licensed,Special purpose vehicle
PICKL INTERNATIONAL SPV LTD,20-05-2022,EQUIOM CORPORATE SERVICES (MIDDLE EAST) LTD,Licensed,Special purpose vehicle
BAKER STREET HOSPITALITY GROUP HOLDING LTD,20-05-2022,,Licensed,Special purpose vehicle
LKMB PROPERTIES HOLDING LIMITED,20-05-2022,ELNAGGAR & PARTNERS LIMITED,License cancelled,Special purpose vehicle
HERITAGE BRANDS HOLDING LTD,20-05-2022,CROWE MAK LLP,Licensed,Special purpose vehicle
NEAT BURGER INVESTMENT HOLDING LTD,23-05-2022,,Licensed,Special purpose vehicle
RIFKASSZ FOUNDATION,23-05-2022,ELNAGGAR & PARTNERS LIMITED,Licensed,Foundation
CH HOLDING LIMITED,24-05-2022,,Licensed,Special purpose vehicle
DNL HOLDINGS LTD,24-05-2022,CLARA FORMATIONS LIMITED,Licensed,Special purpose vehicle
DROWZY HOLDING LTD,24-05-2022,CLARA FORMATIONS LIMITED,License cancelled,Special purpose vehicle
CHIMERA VENTURES II (GP) SPV LTD,24-05-2022,,Licensed,Special purpose vehicle
NEAT BURGER HOLDING LTD,24-05-2022,,Licensed,Special purpose vehicle
KKS PROPERTIES SPV RSC LTD,24-05-2022,ASSISS LTD,Licensed,Special purpose vehicle
HUNT AND HARRIS REAL ESTATE HOLDING LIMITED,25-05-2022,CLARA FORMATIONS LIMITED,License cancelled,Special purpose vehicle
SQUARE OVAL HOLDINGS LIMITED,25-05-2022,CLARA FORMATIONS LIMITED,License cancelled,Special purpose vehicle
FASTMILE SPV LTD,26-05-2022,WALKERS PROFESSIONAL SERVICES (MIDDLE EAST) LIMITED,Licensed,Special purpose vehicle
AJ HOLDING LIMITED,26-05-2022,WALKERS PROFESSIONAL SERVICES (MIDDLE EAST) LIMITED,Licensed,Special purpose vehicle
MAC GLOBAL HOLDING LIMITED,26-05-2022,WALKERS PROFESSIONAL SERVICES (MIDDLE EAST) LIMITED,Licensed,Special purpose vehicle
BRAVO HOLDING LIMITED,27-05-2022,AL TAMIMI & CO. CORPORATE SERVICES LIMITED,Licensed,Special purpose vehicle
DECODE WORLD HOLDING LTD,27-05-2022,,Licensed,Special purpose vehicle
MAHA CORPORATION HOLDING LTD,29-05-2022,COUNSEL SERVICES LIMITED,Licensed,Special purpose vehicle
EATHOS IP SPV LTD,30-05-2022,CLARA FORMATIONS LIMITED,License cancelled,Special purpose vehicle
GIGI HOLDINGS LTD,30-05-2022,CLARA FORMATIONS LIMITED,Licensed,Special purpose vehicle
PHOENICIA HOLDINGS LIMITED,30-05-2022,CLARA FORMATIONS LIMITED,License cancelled,Special purpose vehicle
NITAARA HOLDINGS LTD,31-05-2022,10 LEAVES LIMITED,Licensed,Special purpose vehicle
KITOPI FRANCHISING ONE SPV LIMITED,31-05-2022,WALKERS PROFESSIONAL SERVICES (MIDDLE EAST) LIMITED,Licensed,Special purpose vehicle
SHUNYA EKAI HOLDINGS LIMITED,31-05-2022,ACCLIME CORPORATE SERVICES LIMITED,Licensed,Special purpose vehicle
VERSILA CAPITAL HOLDING LIMITED,31-05-2022,BANKS LEGAL LIMITED,Licensed,Special purpose vehicle
NOBEL INVESTMENT HOLDINGS LIMITED,31-05-2022,KPI AHLI CHARTERED ACCOUNTANTS,License cancelled,Special purpose vehicle
SAQQARA HOLDINGS LIMITED,01-06-2022,10 LEAVES LIMITED,Licensed,Special purpose vehicle
E2E HOLDING LIMITED,01-06-2022,CLARA FORMATIONS LIMITED,Licensed,Special purpose vehicle
ASETTE HOLDINGS LIMITED,01-06-2022,CLARA FORMATIONS LIMITED,Licensed,Special purpose vehicle
3T GROUP MIDDLE EAST HOLDINGS LTD,01-06-2022,SANCTUARY CORPORATE SERVICES FZ LLC,License cancelled,Special purpose vehicle
KE PARTNERS SPV LIMITED,01-06-2022,,Licensed,Special purpose vehicle
RELY INDUSTRIES SPV LTD,02-06-2022,AL TAMIMI & CO. CORPORATE SERVICES LIMITED,Licensed,Special purpose vehicle
ASILI HOLDINGS LIMITED,02-06-2022,,License cancelled,Special purpose vehicle
CAMANI HOLDINGS LIMITED,02-06-2022,,License cancelled,Special purpose vehicle
PAYFIKI HOLDINGS LIMITED,02-06-2022,,License cancelled,Special purpose vehicle
WATAD INVESTMENT HOLDINGS LTD,02-06-2022,,License cancelled,Special purpose vehicle
PORT AFRIQUE HOLDINGS LIMITED,03-06-2022,WALKERS PROFESSIONAL SERVICES (MIDDLE EAST) LIMITED,License cancelled,Special purpose vehicle
DELTA HOLDINGS RSC LTD,03-06-2022,WALKERS PROFESSIONAL SERVICES (MIDDLE EAST) LIMITED,Licensed,Special purpose vehicle
TESSERACT HOLDING LTD,06-06-2022,,Licensed,Special purpose vehicle
ADT AG HOLDINGS LIMITED,06-06-2022,10 LEAVES LIMITED,Licensed,Special purpose vehicle
VANCE TECHNOLOGIES HOLDING LIMITED,06-06-2022,,License cancelled,Special purpose vehicle
WIFO MANAGEMENT HOLDING LIMITED,06-06-2022,STROLLA LLP,Licensed,Special purpose vehicle
ICFI (ME) LTD,06-06-2022,,License cancelled,Special purpose vehicle
CI VENTURE CAPITAL SPV LTD,07-06-2022,,Licensed,Special purpose vehicle
CASINETTO HOLDING LIMITED,07-06-2022,CLARA FORMATIONS LIMITED,Licensed,Special purpose vehicle
VIRUNGA FOUNDATION,07-06-2022,GRIFFIN CORPORATE SERVICES LTD,Licensed,Foundation
VILLA MARILOR HOLDING SPV RSC LTD,08-06-2022,,Licensed,Special purpose vehicle
GREEN ENERGY HOLDING LTD,08-06-2022,M-HQ LTD,License cancelled,Special purpose vehicle
RLC GROUP HOLDING LIMITED,08-06-2022,ELNAGGAR & PARTNERS LIMITED,Licensed,Special purpose vehicle
TAFFI HOLDING LTD,08-06-2022,CLARA FORMATIONS LIMITED,License cancelled,Special purpose vehicle
GLOBAL ENTERTAINMENT HOLDING LTD,08-06-2022,J. AWAN & PARTNERS LIMITED,Licensed,Special purpose vehicle
REGAL 1 SPV LTD,09-06-2022,PEREGRINE CORPORATE SERVICES LTD,Licensed,Special purpose vehicle
SKYLEASE INTERNATIONAL HOLDING LIMITED,09-06-2022,PEREGRINE CORPORATE SERVICES LTD,Licensed,Special purpose vehicle
PEPL SPV LIMITED,09-06-2022,M-HQ LTD,Licensed,Special purpose vehicle
DIGITAL APPLICATIONS HOLDING LTD,09-06-2022,CLARA FORMATIONS LIMITED,Licensed,Special purpose vehicle
SD HOLDINGS LTD,09-06-2022,CLARA FORMATIONS LIMITED,Licensed,Special purpose vehicle
HELLO HOLDINGS LIMITED,09-06-2022,CLARA FORMATIONS LIMITED,Licensed,Special purpose vehicle
SAKAN HOLDINGS LTD,10-06-2022,WALKERS PROFESSIONAL SERVICES (MIDDLE EAST) LIMITED,Licensed,Special purpose vehicle
AL OTAIBA NEW CARS HOLDING LIMITED,10-06-2022,AL TAMIMI & CO. CORPORATE SERVICES LIMITED,Licensed,Special purpose vehicle
QASHI HOLDINGS LIMITED,10-06-2022,CLARA FORMATIONS LIMITED,Licensed,Special purpose vehicle
WSTCO HOLDINGS LIMITED,10-06-2022,CLARA FORMATIONS LIMITED,Licensed,Special purpose vehicle
INFRATEQ NETWORK GROUP HOLDING LIMITED,10-06-2022,CLARA FORMATIONS LIMITED,Licensed,Special purpose vehicle
YALLA MERCH HOLDINGS LIMITED,10-06-2022,CLARA FORMATIONS LIMITED,License cancelled,Special purpose vehicle
INK HOLDING LIMITED,13-06-2022,AL TAMIMI & CO. CORPORATE SERVICES LIMITED,License cancelled,Special purpose vehicle
AMANAT INCLUSIVE EDUCATION AND CARE HOLDINGS LTD,13-06-2022,AL TAMIMI & CO. CORPORATE SERVICES LIMITED,Licensed,Special purpose vehicle
CARDINAL HOLDINGS LIMITED,13-06-2022,,Licensed,Special purpose vehicle
APPSCO MENA HOLDINGS LTD,13-06-2022,CLARA FORMATIONS LIMITED,Licensed,Special purpose vehicle
AL BADR NEW CARS HOLDING LIMITED,13-06-2022,,License cancelled,Special purpose vehicle
INTELLIGENT INVESTMENT HOLDING LTD,13-06-2022,COUNSEL SERVICES LIMITED,Licensed,Special purpose vehicle
LOCAL TECH HOLDINGS LIMITED,13-06-2022,CLARA FORMATIONS LIMITED,Licensed,Special purpose vehicle
BLUEROCK HOLDING LIMITED,14-06-2022,AL TAMIMI & CO. CORPORATE SERVICES LIMITED,Licensed,Special purpose vehicle
MJKN FOUNDATION,14-06-2022,ASSISS LTD,Licensed,Foundation
DEYAFAH HOLDING LIMITED,15-06-2022,,Licensed,Special purpose vehicle
SCALA SYSTEMS (NA) SPV LIMITED,15-06-2022,,License cancelled,Special purpose vehicle
CHIMPE 1 INVESTMENT SPV RSC LTD,15-06-2022,ASSISS LTD,Licensed,Special purpose vehicle
CHIMPE 2 INVESTMENT SPV RSC LTD,15-06-2022,ASSISS LTD,Licensed,Special purpose vehicle
CHIMPE 3 INVESTMENT SPV RSC LTD,15-06-2022,ASSISS LTD,Licensed,Special purpose vehicle
CHIMPROP 3 INVESTMENT SPV RSC LTD,15-06-2022,ASSISS LTD,Licensed,Special purpose vehicle
G42 HEALTHCARE AND STRATA MANUFACTURING BIOPHARMA JV SPV LTD,16-06-2022,,License cancelled,Special purpose vehicle
ANIV SPV LIMITED,16-06-2022,WALKERS PROFESSIONAL SERVICES (MIDDLE EAST) LIMITED,License cancelled,Special purpose vehicle
SECURA INTERNATIONAL (ME) HOLDING LTD,16-06-2022,10 LEAVES LIMITED,Licensed,Special purpose vehicle
DF HOLDING LIMITED,16-06-2022,WALKERS PROFESSIONAL SERVICES (MIDDLE EAST) LIMITED,Licensed,Special purpose vehicle
ALIPH FUND I GP LTD,16-06-2022,,Licensed,Special purpose vehicle
40 CAPITAL HOLDINGS LIMITED,16-06-2022,EQUIOM CORPORATE SERVICES (MIDDLE EAST) LTD,Licensed,Special purpose vehicle
FURTHER VENTURES HOLDINGS LIMITED,16-06-2022,TMF GROUP FIDUCIARY SERVICES LIMITED,Licensed,Special purpose vehicle
FIRST RESPONSE HOLDING LTD,16-06-2022,ACCLIME CORPORATE SERVICES LIMITED,Licensed,Special purpose vehicle
NJ EGAMING INVESTMENTS HOLDING LTD,16-06-2022,CLARA FORMATIONS LIMITED,License cancelled,Special purpose vehicle
ACCESS WEALTH TECHNOLOGIES TOPCO HOLDING LIMITED,16-06-2022,,Licensed,Special purpose vehicle
CHIMEFIN INVESTMENT RSC LTD,16-06-2022,ASSISS LTD,Licensed,Special purpose vehicle
SEMANOOR HOLDING SPV LIMITED,17-06-2022,,Licensed,Special purpose vehicle
HYPE COAST HOLDING GROUP LTD,17-06-2022,CLARA FORMATIONS LIMITED,Licensed,Special purpose vehicle
RUBA HOLDING LTD,17-06-2022,CLARA FORMATIONS LIMITED,Licensed,Special purpose vehicle
PICKITAPP HOLDING LIMITED,20-06-2022,,License cancelled,Special purpose vehicle
ONE NILE INTERNATIONAL SPV LIMITED,20-06-2022,,Licensed,Special purpose vehicle
ONE NILE MARINE ASSETS SPV LTD,20-06-2022,,Licensed,Special purpose vehicle
2040 VENTURES HOLDINGS LTD,20-06-2022,TMF GROUP FIDUCIARY SERVICES LIMITED,Licensed,Special purpose vehicle
CHIMFIN 1 INVESTMENT SPV RSC LTD,20-06-2022,ASSISS LTD,Licensed,Special purpose vehicle
CHIMFIN 2 INVESTMENT SPV RSC LTD,20-06-2022,ASSISS LTD,Licensed,Special purpose vehicle
BOLZANO HOLDING SPV RSC LTD,21-06-2022,ASSISS LTD,Licensed,Special purpose vehicle
C1STAR HOLDING LIMITED,21-06-2022,,License cancelled,Special purpose vehicle
TELEHEALTH ASSOCIATED SERVICES HOLDING LTD,21-06-2022,CLARA FORMATIONS LIMITED,License cancelled,Special purpose vehicle
BONDAI HOLDINGS LIMITED,21-06-2022,CLARA FORMATIONS LIMITED,Licensed,Special purpose vehicle
CHIMFIN 3 INVESTMENT SPV RSC LTD,21-06-2022,ASSISS LTD,Licensed,Special purpose vehicle
CHIMFIN 4 INVESTMENT SPV RSC LTD,21-06-2022,ASSISS LTD,Licensed,Special purpose vehicle
CHIMFIN 5 INVESTMENT SPV RSC LTD,21-06-2022,ASSISS LTD,Licensed,Special purpose vehicle
HELIO HOLDING LIMITED,22-06-2022,WALKERS PROFESSIONAL SERVICES (MIDDLE EAST) LIMITED,Licensed,Special purpose vehicle
RMM INVESTMENT HOLDINGS LIMITED,22-06-2022,,License cancelled,Special purpose vehicle
MIRELIA FOUNDATION,22-06-2022,ASSISS LTD,Licensed,Foundation
MASDAR GLOBAL OFFSHORE WIND HOLDING RSC LIMITED,23-06-2022,WALKERS PROFESSIONAL SERVICES (MIDDLE EAST) LIMITED,Licensed,Special purpose vehicle
VIRUNGA SPV LIMITED,23-06-2022,GRIFFIN CORPORATE SERVICES LTD,Licensed,Special purpose vehicle
ESGAD HOLDINGS LTD,24-06-2022,,License cancelled,Special purpose vehicle
OS HOLDINGS 03 LTD,24-06-2022,WALKERS PROFESSIONAL SERVICES (MIDDLE EAST) LIMITED,Licensed,Special purpose vehicle
OS HOLDINGS 04 LTD,24-06-2022,WALKERS PROFESSIONAL SERVICES (MIDDLE EAST) LIMITED,Licensed,Special purpose vehicle
AVA FOUNDATION,24-06-2022,SANCTUARY CORPORATE SERVICES FZ LLC,Licensed,Foundation
D GROUP HOLDING LTD,27-06-2022,10 LEAVES LIMITED,Licensed,Special purpose vehicle
PROJECT 1 SPV RSC LTD,27-06-2022,ASSISS LTD,Licensed,Special purpose vehicle
NLTIP 2 HOLDING LIMITED,28-06-2022,MAPLES FIDUCIARY SERVICES (MIDDLE EAST) LIMITED,Licensed,Special purpose vehicle
ROCCO HOLDINGS LIMITED,28-06-2022,M-HQ LTD,Licensed,Special purpose vehicle
ARCTIC INFRASTRUCTURE HOLDING COMPANY LIMITED,29-06-2022,TMF GROUP FIDUCIARY SERVICES LIMITED,Licensed,Special purpose vehicle
CORNERSTONE MENA HOLDINGS LIMITED,30-06-2022,CLARA FORMATIONS LIMITED,Licensed,Special purpose vehicle
BUSINESSCHAT TECHNOLOGIES HOLDINGS LIMITED,30-06-2022,CLARA FORMATIONS LIMITED,Licensed,Special purpose vehicle
DUVERA HOLDING LIMITED,30-06-2022,,License cancelled,Special purpose vehicle
GRAY MACKENZIE HOLDING LIMITED,30-06-2022,WALKERS PROFESSIONAL SERVICES (MIDDLE EAST) LIMITED,Licensed,Special purpose vehicle
FORWARD ANGEL INVESTORS HOLDING LIMITED,30-06-2022,,Licensed,Special purpose vehicle
SUMER FOUNDATION,30-06-2022,,Licensed,Foundation
LE FUMOIR HOLDING LTD,01-07-2022,MAPLES FIDUCIARY SERVICES (MIDDLE EAST) LIMITED,License cancelled,Special purpose vehicle
MATBAKHI CATERING SERVICES HOLDINGS LTD,01-07-2022,WALKERS PROFESSIONAL SERVICES (MIDDLE EAST) LIMITED,Licensed,Special purpose vehicle
SAS GLOBAL INVESTMENT HOLDINGS LIMITED,03-07-2022,M-HQ LTD,Licensed,Special purpose vehicle
NLTIP 1 HOLDING LIMITED,03-07-2022,MAPLES FIDUCIARY SERVICES (MIDDLE EAST) LIMITED,Licensed,Special purpose vehicle
SEDONA SPV LTD,04-07-2022,,Licensed,Special purpose vehicle
MONET HOLDING  LTD,05-07-2022,CLARA FORMATIONS LIMITED,Licensed,Special purpose vehicle
X12 HOLDINGS LTD,05-07-2022,ASSISS LTD,Licensed,Special purpose vehicle
AMANA TECH HOLDINGS LIMITED,06-07-2022,AL TAMIMI & CO. CORPORATE SERVICES LIMITED,Licensed,Special purpose vehicle
RAF HOLDINGS LIMITED,06-07-2022,M-HQ LTD,License cancelled,Special purpose vehicle
C2I HOLDING LIMITED,06-07-2022,,Licensed,Special purpose vehicle
TRK HOLDINGS LIMITED,06-07-2022,CLARA FORMATIONS LIMITED,Licensed,Special purpose vehicle
NUTRITION KITCHEN HOLDINGS LIMITED,06-07-2022,CLARA FORMATIONS LIMITED,Licensed,Special purpose vehicle
TWINKLE HOLDINGS LIMITED,06-07-2022,CLARA FORMATIONS LIMITED,Licensed,Special purpose vehicle
THE WASTE LAB HOLDING COMPANY LTD,06-07-2022,WALKERS PROFESSIONAL SERVICES (MIDDLE EAST) LIMITED,Licensed,Special purpose vehicle
CHECKMATE XR HOLDINGS LIMITED,06-07-2022,CLARA FORMATIONS LIMITED,Licensed,Special purpose vehicle
ZINC HOLDCO RSC LTD,06-07-2022,,Licensed,Special purpose vehicle
LPA FOUNDATION,06-07-2022,KPI AHLI CHARTERED ACCOUNTANTS,Licensed,Foundation
BEKIARIS FOUNDATION,06-07-2022,AMICORP ADVISORY LIMITED,Licensed,Foundation
TOOTHPICK HOLDING LIMITED,07-07-2022,CLARA FORMATIONS LIMITED,Licensed,Special purpose vehicle
ZAK HOLDINGS LIMITED,07-07-2022,M-HQ LTD,Licensed,Special purpose vehicle
DCA HOLDINGS LIMITED,07-07-2022,CLARA FORMATIONS LIMITED,Licensed,Special purpose vehicle
40 HYDRO1 SPV LIMITED,07-07-2022,EQUIOM CORPORATE SERVICES (MIDDLE EAST) LTD,Licensed,Special purpose vehicle
SEMPIOS HOLDINGS LIMITED,07-07-2022,PRAXISIFM TRUST LIMITED,Licensed,Special purpose vehicle
OTAMA HOLDINGS LIMITED,07-07-2022,CLARA FORMATIONS LIMITED,License cancelled,Special purpose vehicle
ALTITUDE HOLDINGS RSC LIMITED,08-07-2022,WALKERS PROFESSIONAL SERVICES (MIDDLE EAST) LIMITED,Licensed,Special purpose vehicle
FURTHER VENTURES GP I LIMITED,12-07-2022,TMF GROUP FIDUCIARY SERVICES LIMITED,Licensed,Special purpose vehicle
FURTHER VENTURES CARRY GP I LIMITED,12-07-2022,TMF GROUP FIDUCIARY SERVICES LIMITED,Licensed,Special purpose vehicle
SWEATER HOLDING LTD,12-07-2022,CLARA FORMATIONS LIMITED,Licensed,Special purpose vehicle
SAMAWAAT HOLDING LIMITED,12-07-2022,ASSISS LTD,Licensed,Special purpose vehicle
WAYS.TRAVEL HOLDING LIMITED,13-07-2022,M-HQ LTD,License cancelled,Special purpose vehicle
GTW HOLDING LTD,13-07-2022,CLARA FORMATIONS LIMITED,Licensed,Special purpose vehicle
GDLR HOLDING LTD,13-07-2022,CLARA FORMATIONS LIMITED,Licensed,Special purpose vehicle
EQWEP HOLDING LIMITED,13-07-2022,,Licensed,Special purpose vehicle
SEVEN GLOBAL HOLDINGS LIMITED,13-07-2022,,License cancelled,Special purpose vehicle
HAWKSBILL SPV RSC LTD,14-07-2022,,Licensed,Special purpose vehicle
WASSMA HOLDING LTD,14-07-2022,,Licensed,Special purpose vehicle
E& CAPITAL GROWTH EQUITY FUNDING HOLDING LIMITED,14-07-2022,WALKERS PROFESSIONAL SERVICES (MIDDLE EAST) LIMITED,Licensed,Special purpose vehicle
INTERROS CAPITAL (ME) LTD,14-07-2022,,License cancelled,Special purpose vehicle
SEMBLANCE HOLDING LTD,14-07-2022,,License cancelled,Special purpose vehicle
MD HOLDINGS LIMITED,14-07-2022,WALKERS PROFESSIONAL SERVICES (MIDDLE EAST) LIMITED,Licensed,Special purpose vehicle
TASHYEED HOLDINGS LIMITED,14-07-2022,CSP GROUP LTD,Licensed,Special purpose vehicle
ADQ FINANCING RSC LIMITED,15-07-2022,,Licensed,Special purpose vehicle
E& CAPITAL VC HOLDING LIMITED,15-07-2022,WALKERS PROFESSIONAL SERVICES (MIDDLE EAST) LIMITED,Licensed,Special purpose vehicle
ROSALES SPV LIMITED,15-07-2022,WALKERS PROFESSIONAL SERVICES (MIDDLE EAST) LIMITED,License cancelled,Special purpose vehicle
BREITWIESER SPV LIMITED,15-07-2022,WALKERS PROFESSIONAL SERVICES (MIDDLE EAST) LIMITED,License cancelled,Special purpose vehicle
LANDIS SPV LIMITED,15-07-2022,WALKERS PROFESSIONAL SERVICES (MIDDLE EAST) LIMITED,License cancelled,Special purpose vehicle
SALANDER SPV LIMITED,15-07-2022,WALKERS PROFESSIONAL SERVICES (MIDDLE EAST) LIMITED,Licensed,Special purpose vehicle
SSB HOLDINGS LTD,15-07-2022,ROSEMONT PARTNERS CORPORATE SERVICES LIMITED,Licensed,Special purpose vehicle
RG HOLDINGS LIMITED,15-07-2022,,Licensed,Special purpose vehicle
LUCID PROPERTIES SPV RSC LTD,18-07-2022,ASSISS LTD,License cancelled,Special purpose vehicle
DUNE HOLDING RSC LTD,18-07-2022,,Licensed,Special purpose vehicle
OTTO MOBILITY GROUP HOLDINGS LTD,18-07-2022,PRAXISIFM TRUST LIMITED,Licensed,Special purpose vehicle
HJHEIRS FAMILY HOLDINGS LIMITED,18-07-2022,CLARA FORMATIONS LIMITED,Licensed,Special purpose vehicle
DELVEY SPV LIMITED,18-07-2022,WALKERS PROFESSIONAL SERVICES (MIDDLE EAST) LIMITED,License cancelled,Special purpose vehicle
THE WIN HOLDINGS LIMITED,18-07-2022,CLARA FORMATIONS LIMITED,Licensed,Special purpose vehicle
UNIVERSAL FRAGRANCES INVESTMENT HOLDING LIMITED,18-07-2022,,Licensed,Special purpose vehicle
SAMCO VENTURES HOLDINGS LTD,18-07-2022,AL TAMIMI & CO. CORPORATE SERVICES LIMITED,Licensed,Special purpose vehicle
HOCO VENTURES HOLDINGS LTD,18-07-2022,AL TAMIMI & CO. CORPORATE SERVICES LIMITED,Licensed,Special purpose vehicle
PITCH HOLDINGS LIMITED,18-07-2022,CROWE MAK LLP,Licensed,Special purpose vehicle
FIB HOLDING LTD,19-07-2022,10 LEAVES LIMITED,License cancelled,Special purpose vehicle
REAL ESTATE INVESTMENT HOLDING LTD,19-07-2022,ASSISS LTD,Licensed,Special purpose vehicle
ARCTIC INFRASTRUCTURE PARENT SPV LIMITED,19-07-2022,TMF GROUP FIDUCIARY SERVICES LIMITED,Licensed,Special purpose vehicle
PRODIGY HOLDING LIMITED,20-07-2022,,Licensed,Special purpose vehicle
XPERTDIGITAL GLOBAL SOLUTIONS HOLDING LIMITED,20-07-2022,,Licensed,Special purpose vehicle
POP FOOD CULTURE HOLDING LIMITED,20-07-2022,M-HQ LTD,License cancelled,Special purpose vehicle
THE PROPERTY CLUB HOLDING LIMITED,20-07-2022,M-HQ LTD,Licensed,Special purpose vehicle
LUCKY STAR HOLDING LIMITED,20-07-2022,RAD CORPORATE SERVICES LIMITED,License cancelled,Special purpose vehicle
ACCESS WEALTH TECHNOLOGIES MIDCO HOLDINGS LIMITED,20-07-2022,,License cancelled,Special purpose vehicle
X12 EQUITY SPV LTD,20-07-2022,ASSISS LTD,Licensed,Special purpose vehicle
GJ ISHBILIYA HOLDINGS LTD,20-07-2022,CLARA FORMATIONS LIMITED,License cancelled,Special purpose vehicle
ROGUN HOLDINGS LTD,20-07-2022,CLARA FORMATIONS LIMITED,Licensed,Special purpose vehicle
HGE FOUNDATION,20-07-2022,M-HQ LTD,License cancelled,Foundation
VENTURE NOTES HOLDING LTD,21-07-2022,CLARA FORMATIONS LIMITED,Licensed,Special purpose vehicle
FORWARD INVESTMENTS HOLDINGS LTD,21-07-2022,WALKERS PROFESSIONAL SERVICES (MIDDLE EAST) LIMITED,Licensed,Special purpose vehicle
EPIK FOODS HOLDING COMPANY LIMITED,21-07-2022,,Licensed,Special purpose vehicle
BRAINCELL MACHINES TECHNOLOGIES HOLDING LIMITED,21-07-2022,CLARA FORMATIONS LIMITED,Licensed,Special purpose vehicle
CHIMVEN 3 INVESTMENT SPV RSC LTD,21-07-2022,ASSISS LTD,Licensed,Special purpose vehicle
ABIGAIL FOUNDATION,21-07-2022,PRAXISIFM TRUST LIMITED,Licensed,Foundation
SIG HOLDING LTD,22-07-2022,10 LEAVES LIMITED,License cancelled,Special purpose vehicle
SCALES HOLDING LIMITED,22-07-2022,,License cancelled,Special purpose vehicle
F9 HOLDING LTD,22-07-2022,,Licensed,Special purpose vehicle
PRIME SW INVESTMENT SPV RSC LTD,25-07-2022,ASSISS LTD,Licensed,Special purpose vehicle
ASPRIS HEALTHCARE HOLDCO LIMITED,25-07-2022,INP IBRAHIM N PARTNERS LEGAL CONSULTANCY LTD,Licensed,Special purpose vehicle
ASPRIS EDUCATION HOLDCO LIMITED,25-07-2022,AL TAMIMI & CO. CORPORATE SERVICES LIMITED,Licensed,Special purpose vehicle
SANSKARA HOLDINGS LTD,26-07-2022,CLARA FORMATIONS LIMITED,Licensed,Special purpose vehicle
NARA HOLDING LIMITED,26-07-2022,,License cancelled,Special purpose vehicle
AVJ HOLDINGS LTD,26-07-2022,AL TAMIMI & CO. CORPORATE SERVICES LIMITED,Licensed,Special purpose vehicle
RAEDATA HOLDING LIMITED,26-07-2022,,License cancelled,Special purpose vehicle
SOLACE HOLDING LIMITED,27-07-2022,,License cancelled,Special purpose vehicle
SANCTUM TRADE HOLDINGS LIMITED,27-07-2022,,Licensed,Special purpose vehicle
WB HOLDING LIMITED,28-07-2022,M-HQ LTD,Licensed,Special purpose vehicle
NAJD INVESTMENTS HOLDINGS LIMITED,28-07-2022,WALKERS PROFESSIONAL SERVICES (MIDDLE EAST) LIMITED,License cancelled,Special purpose vehicle
SS ROZA HOLDING LIMITED,29-07-2022,ASSISS LTD,Licensed,Special purpose vehicle
ONYX INVESTMENT HOLDING LTD,29-07-2022,CLYDE SERVICES LIMITED,Licensed,Special purpose vehicle
AZUL INVESTMENT HOLDING LTD,29-07-2022,,License cancelled,Special purpose vehicle
GEN Z HOLDINGS LIMITED,29-07-2022,CLARA FORMATIONS LIMITED,License cancelled,Special purpose vehicle
CASTLE IV&V HOLDING COMPANY RSC LIMITED,29-07-2022,WALKERS PROFESSIONAL SERVICES (MIDDLE EAST) LIMITED,Licensed,Special purpose vehicle
ENATA HOLDING FOUNDATION,29-07-2022,M-HQ LTD,Licensed,Foundation
SWITCH FOODS IP HOLDING LTD,31-07-2022,WALKERS PROFESSIONAL SERVICES (MIDDLE EAST) LIMITED,Licensed,Special purpose vehicle
INDUSTRIAL PROPERTIES INVESTMENTS SPV LIMITED,01-08-2022,WALKERS PROFESSIONAL SERVICES (MIDDLE EAST) LIMITED,Licensed,Special purpose vehicle
EQIQ GP LTD,01-08-2022,J. AWAN & PARTNERS LIMITED,Licensed,Special purpose vehicle
MIC TI HOLDING COMPANY 1 RSC LIMITED,01-08-2022,WALKERS PROFESSIONAL SERVICES (MIDDLE EAST) LIMITED,Licensed,Special purpose vehicle
CREATIVEDOCK MENA SPV LIMITED,02-08-2022,WALKERS PROFESSIONAL SERVICES (MIDDLE EAST) LIMITED,Licensed,Special purpose vehicle
AMANAT SPECIAL EDUCATION AND CARE HOLDINGS LTD,02-08-2022,AL TAMIMI & CO. CORPORATE SERVICES LIMITED,Licensed,Special purpose vehicle
ALFII HOLDING LTD,02-08-2022,,Licensed,Special purpose vehicle
CHIMFIN I PE (GP) SPV LTD,03-08-2022,,Licensed,Special purpose vehicle
ALDAR HANSEL SPV RESTRICTED LTD,04-08-2022,,Licensed,Special purpose vehicle
PDCG PROJECTS MIDCO HOLDING LIMITED,04-08-2022,MAPLES FIDUCIARY SERVICES (MIDDLE EAST) LIMITED,Licensed,Special purpose vehicle
NATRIX HOLDINGS LIMITED,05-08-2022,CLARA FORMATIONS LIMITED,Licensed,Special purpose vehicle
FALCON GLOBAL HOLDING LIMITED,05-08-2022,,Licensed,Special purpose vehicle
ABRDN INVESTCORP INFRASTRUCTURE (ME) GP SPV LIMITED,09-08-2022,EQUIOM CORPORATE SERVICES (MIDDLE EAST) LTD,Licensed,Special purpose vehicle
EPIC WATER SOLUTIONS HOLDING LIMITED,09-08-2022,,License cancelled,Special purpose vehicle
EQUILIBRIUM RSC LIMITED,10-08-2022,,Licensed,Special purpose vehicle
PROJECT SEINE SPV LIMITED,10-08-2022,CLARA FORMATIONS LIMITED,Licensed,Special purpose vehicle
ADEMAY HOLDING LTD,10-08-2022,COUNSEL SERVICES LIMITED,Licensed,Special purpose vehicle
TDS MARINA HOLDINGS LIMITED,10-08-2022,WALKERS PROFESSIONAL SERVICES (MIDDLE EAST) LIMITED,Licensed,Special purpose vehicle
DAILYMEALZ HOLDING LTD,11-08-2022,,Licensed,Special purpose vehicle
LOAD HOLDING LIMITED,11-08-2022,WALKERS PROFESSIONAL SERVICES (MIDDLE EAST) LIMITED,Licensed,Special purpose vehicle
TPP0 HOLDING COMPANY RSC LIMITED,11-08-2022,WALKERS PROFESSIONAL SERVICES (MIDDLE EAST) LIMITED,Licensed,Special purpose vehicle
TPP1 HOLDING COMPANY RSC LIMITED,11-08-2022,WALKERS PROFESSIONAL SERVICES (MIDDLE EAST) LIMITED,Licensed,Special purpose vehicle
BNS MENAT HOLDINGS LTD,12-08-2022,CLARA FORMATIONS LIMITED,Licensed,Special purpose vehicle
ASK ME HOLDING LIMITED,12-08-2022,SWISS GROUP LEGAL LTD,License cancelled,Special purpose vehicle
MAYFIELD CAPITAL HOLDING LIMITED,12-08-2022,10 LEAVES LIMITED,Licensed,Special purpose vehicle
INGFIT GROUP HOLDING LIMITED,15-08-2022,TMF GROUP FIDUCIARY SERVICES LIMITED,License cancelled,Special purpose vehicle
ALFA HOLDINGS LIMITED,15-08-2022,,Licensed,Special purpose vehicle
ISCAR GULF HOLDING LTD,15-08-2022,CLARA FORMATIONS LIMITED,Licensed,Special purpose vehicle
G42 ENTERTAINMENT HOLDING RSC LTD,15-08-2022,,License cancelled,Special purpose vehicle
CORE42 FORTUNA HOLDING RSC LTD,15-08-2022,,Licensed,Special purpose vehicle
EQ MEDIA HOLDING COMPANY LIMITED,16-08-2022,WALKERS PROFESSIONAL SERVICES (MIDDLE EAST) LIMITED,Licensed,Special purpose vehicle
TRIPP HOLDING LTD,16-08-2022,,License cancelled,Special purpose vehicle
PRIME HOLDING LIMITED,16-08-2022,VISTRA (MIDDLE EAST) LTD,Licensed,Special purpose vehicle
M5O5 HOLDING LIMITED,16-08-2022,ASSISS LTD,Licensed,Special purpose vehicle
THE EQUITY PARTNERS HOLDING LTD,16-08-2022,ACCLIME CORPORATE SERVICES LIMITED,Licensed,Special purpose vehicle
MJS LUXURY DINING HOLDING CO. LIMITED,17-08-2022,,Licensed,Special purpose vehicle
AHG HOLDINGS LIMITED,17-08-2022,M-HQ LTD,Licensed,Special purpose vehicle
JOYALUKKAS MIDDLE EAST HOLDINGS LTD,17-08-2022,AL TAMIMI & CO. CORPORATE SERVICES LIMITED,Licensed,Special purpose vehicle
MJS LEGACY DINING HOLDING CO. LIMITED,17-08-2022,,Licensed,Special purpose vehicle
KALANDOOR SPV LTD,17-08-2022,CROWE MAK LLP,Licensed,Special purpose vehicle
AG FB HOLDINGS LIMITED,17-08-2022,10 LEAVES LIMITED,Licensed,Special purpose vehicle
MINDSETTER CLUB HOLDINGS LIMITED,17-08-2022,,License cancelled,Special purpose vehicle
INFINITUDE HOLDINGS LIMITED,17-08-2022,CLARA FORMATIONS LIMITED,License cancelled,Special purpose vehicle
ROYAL STRATEGIC PARTNERS CAPITAL HOLDING LIMITED,17-08-2022,WALKERS PROFESSIONAL SERVICES (MIDDLE EAST) LIMITED,Licensed,Special purpose vehicle
THRIVE FOUNDATION,17-08-2022,CLARA FORMATIONS LIMITED,Licensed,Foundation
RIS FOUNDATION,17-08-2022,M-HQ LTD,Licensed,Foundation
QUICKSILVER FOUNDATION,17-08-2022,M-HQ LTD,License cancelled,Foundation
VI GAS PIPELINES HOLDING I LTD,18-08-2022,INTERTRUST (MIDDLE EAST) LTD,Licensed,Special purpose vehicle
HESTIA INVESTMENT HOLDINGS LTD,18-08-2022,CROWE MAK LLP,Licensed,Special purpose vehicle
LIGURES VENTURES HOLDING LIMITED,18-08-2022,SANCTUARY CORPORATE SERVICES FZ LLC,Licensed,Special purpose vehicle
ANDALUSIA HOLDING LIMITED,18-08-2022,,Licensed,Special purpose vehicle
40 HYDRO2 SPV LIMITED,18-08-2022,EQUIOM CORPORATE SERVICES (MIDDLE EAST) LTD,Licensed,Special purpose vehicle
ALFAN GROUP HOLDING LIMITED,19-08-2022,CLARA FORMATIONS LIMITED,Licensed,Special purpose vehicle
QS HOLDING LTD,19-08-2022,10 LEAVES LIMITED,Licensed,Special purpose vehicle
TAQA OFSE HOLDINGS LTD,19-08-2022,WALKERS PROFESSIONAL SERVICES (MIDDLE EAST) LIMITED,Licensed,Special purpose vehicle
WHISTGAME HOLDINGS LIMITED,19-08-2022,CLARA FORMATIONS LIMITED,License cancelled,Special purpose vehicle
ONE TECH HOLDINGS LIMITED,19-08-2022,CLARA FORMATIONS LIMITED,Licensed,Special purpose vehicle
IONZ MENA HOLDING LTD,22-08-2022,,Licensed,Special purpose vehicle
PROPTECH VENTURES SPV LTD,22-08-2022,,Licensed,Special purpose vehicle
THOUGHTWORKS HOLDINGS LIMITED,22-08-2022,CLARA FORMATIONS LIMITED,Licensed,Special purpose vehicle
QUANTLASE INTERNATIONAL HOLDING SPV RSC LIMITED,23-08-2022,CROWE MAK LLP,Licensed,Special purpose vehicle
WB MENA HOLDING LIMITED,23-08-2022,M-HQ LTD,Licensed,Special purpose vehicle
BINANCE MENA HOLDINGS LTD,23-08-2022,CLARA FORMATIONS LIMITED,Licensed,Special purpose vehicle
THE SUNSET SKYLINE FOUNDATION,23-08-2022,M-HQ LTD,Licensed,Foundation
LYRA HOLDINGS LIMITED,24-08-2022,,Licensed,Special purpose vehicle
918 PROJECT 1 HOLDING LIMITED,24-08-2022,KPI AHLI CHARTERED ACCOUNTANTS,Licensed,Special purpose vehicle
G42 ONYX INVESTMENT RSC LTD,24-08-2022,,Licensed,Special purpose vehicle
LEE WAI WAH AND WONG SU CHIN FAMILY MEMORIAL FOUNDATION,24-08-2022,ROSEMONT PARTNERS CORPORATE SERVICES LIMITED,License cancelled,Foundation
YALLA BABY BOX HOLDING LIMITED,25-08-2022,,Licensed,Special purpose vehicle
DILEO D HOLDING LIMITED,25-08-2022,ROSEMONT PARTNERS CORPORATE SERVICES LIMITED,Licensed,Special purpose vehicle
WEBOPS HOLDING LTD,25-08-2022,CLARA FORMATIONS LIMITED,License cancelled,Special purpose vehicle
LOLA HOLDING LIMITED,25-08-2022,,Licensed,Special purpose vehicle
G42 ONYX HOLDING RSC LTD,25-08-2022,,Licensed,Special purpose vehicle
WEALTHWORTH HOLDINGS LTD,26-08-2022,AL TAMIMI & CO. CORPORATE SERVICES LIMITED,Licensed,Special purpose vehicle
G42 RUBY INVESTMENT RSC LTD,26-08-2022,,Licensed,Special purpose vehicle
MC MANAGEMENT RSC LIMITED,29-08-2022,MAPLES FIDUCIARY SERVICES (MIDDLE EAST) LIMITED,Licensed,Special purpose vehicle
GM CAPITAL HOLDING LTD,29-08-2022,ASSISS LTD,Licensed,Special purpose vehicle
METCO HOLDING LTD,29-08-2022,CLARA FORMATIONS LIMITED,Licensed,Special purpose vehicle
EMERALD SOLUTIONS HOLDINGS LTD,29-08-2022,CLARA FORMATIONS LIMITED,Licensed,Special purpose vehicle
C TECH SEED CAPITAL (SPV) LIMITED,29-08-2022,KALANTAR BUSINESS LAW GROUP LTD,Licensed,Special purpose vehicle
UMERANI HOLDINGS LIMITED,29-08-2022,,License cancelled,Special purpose vehicle
PEKO HOLDINGS LIMITED,29-08-2022,CLARA FORMATIONS LIMITED,Licensed,Special purpose vehicle
DATALEXING HOLDING LTD,29-08-2022,WALKERS PROFESSIONAL SERVICES (MIDDLE EAST) LIMITED,Licensed,Special purpose vehicle
G42 FORTUNA1 INVESTMENT RSC LTD,29-08-2022,,Licensed,Special purpose vehicle
EKANITE HOLDING FOUNDATION,29-08-2022,ELNAGGAR & PARTNERS LIMITED,Licensed,Foundation
ERA DIGITAL HOLDINGS LIMITED,30-08-2022,CSP GROUP LTD,Licensed,Special purpose vehicle
HUMANA HOLDING LIMITED,30-08-2022,ACCLIME CORPORATE SERVICES LIMITED,Licensed,Special purpose vehicle
ABDA SHIPPING INVESTMENT HOLDING LTD,30-08-2022,AL TAMIMI & CO. CORPORATE SERVICES LIMITED,Licensed,Special purpose vehicle
MATERIAL HOLDINGS LIMITED,30-08-2022,CLARA FORMATIONS LIMITED,Licensed,Special purpose vehicle
AMETHYST FOUNDATION,30-08-2022,M-HQ LTD,Licensed,Foundation
CPX HOLDING RSC LTD,31-08-2022,,Licensed,Special purpose vehicle
BLUE SKY INVESTMENT HOLDING LIMITED,31-08-2022,ADS INVESTMENT SOLUTIONS LIMITED,Licensed,Special purpose vehicle
MASSARAT HOLDING LTD,31-08-2022,,License cancelled,Special purpose vehicle
FG HOLDING LTD,31-08-2022,10 LEAVES LIMITED,Licensed,Special purpose vehicle
SQUATWOLF HOLDINGS LIMITED,31-08-2022,MABA CORPORATE SERVICES LIMITED,Licensed,Special purpose vehicle
ALMIYAAN INTERNATIONAL RSC LIMITED,31-08-2022,AL TAMIMI & CO. CORPORATE SERVICES LIMITED,Licensed,Special purpose vehicle
WEMA HEALTH HOLDING LIMITED,01-09-2022,ACCLIME CORPORATE SERVICES LIMITED,License cancelled,Special purpose vehicle
PROTEIN HOLDINGS LIMITED,01-09-2022,,License cancelled,Special purpose vehicle
BUSYBEE HOLDINGS LIMITED,01-09-2022,KPI AHLI CHARTERED ACCOUNTANTS,Licensed,Special purpose vehicle
EKAA HRIM INVESTMENTS HOLDINGS LIMITED,01-09-2022,ELNAGGAR & PARTNERS LIMITED,License cancelled,Special purpose vehicle
AMB HOLDING LTD,01-09-2022,COUNSEL SERVICES LIMITED,Licensed,Special purpose vehicle
SMB HOLDING LTD,01-09-2022,COUNSEL SERVICES LIMITED,Licensed,Special purpose vehicle
YELLOWSTONE CAPITAL HOLDING LIMITED,01-09-2022,,Licensed,Special purpose vehicle
AURORA RSC LIMITED,02-09-2022,CLARA FORMATIONS LIMITED,Licensed,Special purpose vehicle
JK HOLDINGS LIMITED,02-09-2022,ACCLIME CORPORATE SERVICES LIMITED,Licensed,Special purpose vehicle
CITADEL HOLDING LIMITED,02-09-2022,STROLLA LLP,Licensed,Special purpose vehicle
ATOM HOLDING LTD,02-09-2022,COUNSEL SERVICES LIMITED,Licensed,Special purpose vehicle
MS CAPITAL HOLDING LIMITED,02-09-2022,,Licensed,Special purpose vehicle
BULL MARKET CAPITAL HOLDING LIMITED,02-09-2022,,Licensed,Special purpose vehicle
ASTRAEUS HOLDINGS LIMITED,05-09-2022,ACCLIME CORPORATE SERVICES LIMITED,Licensed,Special purpose vehicle
HERITAGE HOLDINGS LIMITED,05-09-2022,10 LEAVES LIMITED,Licensed,Special purpose vehicle
PERSIVIA INTERNATIONAL HOLDING LTD,05-09-2022,WALKERS PROFESSIONAL SERVICES (MIDDLE EAST) LIMITED,Licensed,Special purpose vehicle
ARCHBOLD HOLDINGS LIMITED,05-09-2022,CLARA FORMATIONS LIMITED,Licensed,Special purpose vehicle
PENINSULA HOLDING LIMITED,05-09-2022,10 LEAVES LIMITED,License cancelled,Special purpose vehicle
ONE DATA CENTER SPV LTD,05-09-2022,,Licensed,Special purpose vehicle
BRAINWARE HOLDINGS LIMITED,05-09-2022,CLARA FORMATIONS LIMITED,License cancelled,Special purpose vehicle
AL MUTAKAMELA HOLDING LIMITED,05-09-2022,ACCLIME CORPORATE SERVICES LIMITED,Licensed,Special purpose vehicle
THE POPPY FOUNDATION,05-09-2022,PRAXISIFM TRUST LIMITED,Licensed,Foundation
DAC HOLDINGS LIMITED,06-09-2022,ACCLIME CORPORATE SERVICES LIMITED,License cancelled,Special purpose vehicle
ARK GLOBAL HOLDINGS LIMITED,06-09-2022,,License cancelled,Special purpose vehicle
UDRIVE CNIV SPV LTD,06-09-2022,MAPLES FIDUCIARY SERVICES (MIDDLE EAST) LIMITED,License cancelled,Special purpose vehicle
TALON MENA HOLDINGS LIMITED,07-09-2022,INTERTRUST (MIDDLE EAST) LTD,Licensed,Special purpose vehicle
ONE SOLUTION GROUP HOLDING LIMITED,07-09-2022,ROSEMONT PARTNERS CORPORATE SERVICES LIMITED,Licensed,Special purpose vehicle
SMART FUNCTION 1 SPV LTD,07-09-2022,,Licensed,Special purpose vehicle
SMART FUNCTION 2 SPV LTD,07-09-2022,,Licensed,Special purpose vehicle
SMART FUNCTION 3 SPV LTD,07-09-2022,,Licensed,Special purpose vehicle
MONARCA INVESTMENTS HOLDING LIMITED,08-09-2022,STROLLA LLP,Licensed,Special purpose vehicle
SMART FUNCTION 4 SPV LTD,08-09-2022,WALKERS PROFESSIONAL SERVICES (MIDDLE EAST) LIMITED,Licensed,Special purpose vehicle
MAGNATE HOLDING LIMITED,09-09-2022,CLARA FORMATIONS LIMITED,Licensed,Special purpose vehicle
PB SPV LTD,09-09-2022,10 LEAVES LIMITED,Licensed,Special purpose vehicle
AUREM HOLDINGS LIMITED,09-09-2022,CLARA FORMATIONS LIMITED,Licensed,Special purpose vehicle
PURE HEALTH CAPITAL AMERICAS 1 SPV RSC LTD,12-09-2022,WALKERS PROFESSIONAL SERVICES (MIDDLE EAST) LIMITED,Licensed,Special purpose vehicle
EOMAC MIDDLE EAST HOLDINGS LIMITED,12-09-2022,,Licensed,Special purpose vehicle
AG SM HOLDINGS LIMITED,12-09-2022,10 LEAVES LIMITED,Licensed,Special purpose vehicle
VESTA FOUNDATION,12-09-2022,M-HQ LTD,Licensed,Foundation
ILUS INDUSTRIES HOLDING LTD,13-09-2022,10 LEAVES LIMITED,Licensed,Special purpose vehicle
BACTRIA INVESTMENT HOLDING LIMITED,13-09-2022,,Licensed,Special purpose vehicle
ROTANA MEDIA HOLDING LIMITED,13-09-2022,WALKERS PROFESSIONAL SERVICES (MIDDLE EAST) LIMITED,Licensed,Special purpose vehicle
PHOENIX INVESTMENTS HOLDINGS LIMITED,13-09-2022,CLARA FORMATIONS LIMITED,Licensed,Special purpose vehicle
DJUZUM SPV LTD,13-09-2022,M-HQ LTD,Licensed,Special purpose vehicle
CBD I HOLDINGS LIMITED,13-09-2022,CSP GROUP LTD,License cancelled,Special purpose vehicle
RENAISSANCE HOLDING LIMITED,13-09-2022,10 LEAVES LIMITED,Licensed,Special purpose vehicle
ROTANA MEDIA SERVICES HOLDING LTD,14-09-2022,AL TAMIMI & CO. CORPORATE SERVICES LIMITED,Licensed,Special purpose vehicle
NETWORLD HOLDING LIMITED,14-09-2022,CLARA FORMATIONS LIMITED,License cancelled,Special purpose vehicle
SUNWIND HOLDINGS LTD,14-09-2022,INP IBRAHIM N PARTNERS LEGAL CONSULTANCY LTD,Licensed,Special purpose vehicle
TEOKIN HOLDING LIMITED,14-09-2022,ACCLIME CORPORATE SERVICES LIMITED,License cancelled,Special purpose vehicle
OMEGA INTERCEPTOR 2 RSC LIMITED,14-09-2022,,Licensed,Special purpose vehicle
NEXA HOLDINGS LIMITED,15-09-2022,CLARA FORMATIONS LIMITED,Licensed,Special purpose vehicle
OES ASSET INTEGRITY HOLDINGS LIMITED,15-09-2022,,Licensed,Special purpose vehicle
SOFT CESHIN HOLDING LTD,15-09-2022,10 LEAVES LIMITED,License cancelled,Special purpose vehicle
ONE HUNDRED AND TWENTY FIFTH HOLDING COMPANY RSC LIMITED,15-09-2022,WALKERS PROFESSIONAL SERVICES (MIDDLE EAST) LIMITED,Licensed,Special purpose vehicle
TPP O&M HOLDING COMPANY RSC LIMITED,15-09-2022,WALKERS PROFESSIONAL SERVICES (MIDDLE EAST) LIMITED,Licensed,Special purpose vehicle
EUVIC HOLDING SPV LTD,16-09-2022,CLARA FORMATIONS LIMITED,Licensed,Special purpose vehicle
ZODIAC ENTERPRISES INVESTMENT HOLDINGS LTD,16-09-2022,CROWE MAK LLP,Licensed,Special purpose vehicle
JUDAH INVESTMENT HOLDING LIMITED,16-09-2022,,License cancelled,Special purpose vehicle
GARFIELD CORP HOLDING LTD,16-09-2022,ADS INVESTMENT SOLUTIONS LIMITED,Licensed,Special purpose vehicle
ARKHE CAPITAL HOLDING LTD,19-09-2022,SWISS GROUP LEGAL LTD,License cancelled,Special purpose vehicle
TSS HOLDING LTD,19-09-2022,EQUUS CORPORATE LIMITED,Licensed,Special purpose vehicle
TRIBE COWORKING SPACE HOLDINGS LIMITED,19-09-2022,,Licensed,Special purpose vehicle
TRUSITY HOLDINGS LTD,19-09-2022,CLARA FORMATIONS LIMITED,Licensed,Special purpose vehicle
TALY HOLDING LTD,19-09-2022,STROLLA LLP,Licensed,Special purpose vehicle
JUB HOLDING LIMITED,19-09-2022,,Licensed,Special purpose vehicle
ILIAD PARTNERS TECH VENTURES GP I LIMITED,20-09-2022,WALKERS PROFESSIONAL SERVICES (MIDDLE EAST) LIMITED,Licensed,Special purpose vehicle
MIDDLETON HOLDINGS LTD,20-09-2022,TMF GROUP FIDUCIARY SERVICES LIMITED,Licensed,Special purpose vehicle
MAX YIELD HOLDING LIMITED,20-09-2022,,Licensed,Special purpose vehicle
ALKEBULAN HOLDING LIMITED,20-09-2022,ELNAGGAR & PARTNERS LIMITED,Licensed,Special purpose vehicle
EYES OF WONDER HOLDING LIMITED,20-09-2022,M-HQ LTD,Licensed,Special purpose vehicle
ARCB HOLDINGS LTD,20-09-2022,,Licensed,Special purpose vehicle
DEDA FOUNDATION,20-09-2022,ROSEMONT PARTNERS CORPORATE SERVICES LIMITED,Licensed,Foundation
H1 FOUNDATION,20-09-2022,HISTORY LIMITED,Licensed,Foundation
SUPER GAMES HOLDING LIMITED,21-09-2022,CLARA FORMATIONS LIMITED,Licensed,Special purpose vehicle
AMICO DS HOLDINGS LIMITED,21-09-2022,,License cancelled,Special purpose vehicle
PHINOM HOLDING LIMITED,21-09-2022,COUNSEL SERVICES LIMITED,Licensed,Special purpose vehicle
AMETHYST HOLDINGS LIMITED,21-09-2022,M-HQ LTD,Licensed,Special purpose vehicle
MINTEA HOLDING LIMITED,21-09-2022,GRIFFIN CORPORATE SERVICES LTD,Licensed,Special purpose vehicle
GAMBIT ALAF SPV LTD,21-09-2022,10 LEAVES LIMITED,Licensed,Special purpose vehicle
KISTPAY HOLDINGS LIMITED,22-09-2022,CLARA FORMATIONS LIMITED,Licensed,Special purpose vehicle
EXPLORETECH HOLDING LTD,22-09-2022,EQUUS CORPORATE LIMITED,Licensed,Special purpose vehicle
ZOFEUR HOLDING LTD,22-09-2022,SWISS GROUP LEGAL LTD,Licensed,Special purpose vehicle
NRICH HOLDING LTD,22-09-2022,ACCLIME CORPORATE SERVICES LIMITED,License cancelled,Special purpose vehicle
GHS HOLDING LTD,22-09-2022,AL TAMIMI & CO. CORPORATE SERVICES LIMITED,Licensed,Special purpose vehicle
ALSAHER HOLDING LIMITED,22-09-2022,,Licensed,Special purpose vehicle
AL QALAM HOLDING LIMITED,22-09-2022,ACCLIME CORPORATE SERVICES LIMITED,Licensed,Special purpose vehicle
INTERNATIONAL DEVELOPMENT GROUP HOLDINGS RSC LIMITED,22-09-2022,AL TAMIMI & CO. CORPORATE SERVICES LIMITED,Licensed,Special purpose vehicle
KAMEL HOLDINGS LIMITED,23-09-2022,,Licensed,Special purpose vehicle
CHEF MARSHALL ROTH HOLDINGS LIMITED,23-09-2022,,Licensed,Special purpose vehicle
BROXUS HOLDINGS LTD,26-09-2022,,Licensed,Special purpose vehicle
RABDAN HOLDING LTD,26-09-2022,CLARA FORMATIONS LIMITED,Licensed,Special purpose vehicle
MOHIMMATECH HOLDINGS LIMITED,26-09-2022,CLARA FORMATIONS LIMITED,License cancelled,Special purpose vehicle
ASILICA HOLDINGS LIMITED,26-09-2022,CLARA FORMATIONS LIMITED,Licensed,Special purpose vehicle
AVEROUS SPV LTD,26-09-2022,WALKERS PROFESSIONAL SERVICES (MIDDLE EAST) LIMITED,License cancelled,Special purpose vehicle
BIBLUTECH HOLDINGS LIMITED,26-09-2022,CLARA FORMATIONS LIMITED,License cancelled,Special purpose vehicle
AMBER CAPITAL HOLDING RSC LIMITED,27-09-2022,EQUIOM CORPORATE SERVICES (MIDDLE EAST) LTD,Licensed,Special purpose vehicle
DIGITAL FOUNDERS SPV LTD,27-09-2022,WALKERS PROFESSIONAL SERVICES (MIDDLE EAST) LIMITED,Licensed,Special purpose vehicle
CARLY HOLDINGS LIMITED,27-09-2022,,Licensed,Special purpose vehicle
TRIBE MENA HOLDINGS LIMITED,27-09-2022,CLARA FORMATIONS LIMITED,License cancelled,Special purpose vehicle
BROOKVINE HOLDINGS LIMITED,27-09-2022,CLARA FORMATIONS LIMITED,Licensed,Special purpose vehicle
ORBIT HOLDINGS LIMITED,27-09-2022,CLARA FORMATIONS LIMITED,Licensed,Special purpose vehicle
CL FOUNDATION,27-09-2022,,Licensed,Foundation
VENOM FOUNDATION,27-09-2022,WALKERS PROFESSIONAL SERVICES (MIDDLE EAST) LIMITED,License cancelled,Foundation
GES HOLDING II LTD,28-09-2022,CLARA FORMATIONS LIMITED,Licensed,Special purpose vehicle
TAKAMUL HOLDING LIMITED,28-09-2022,MAPLES FIDUCIARY SERVICES (MIDDLE EAST) LIMITED,Licensed,Special purpose vehicle
FITZE HOLDINGS LIMITED,28-09-2022,CLARA FORMATIONS LIMITED,Licensed,Special purpose vehicle
AVOBAR HOLDING LIMITED,28-09-2022,,Licensed,Special purpose vehicle
GIA INVESTMENTS SPV LIMITED,28-09-2022,EQUIOM CORPORATE SERVICES (MIDDLE EAST) LTD,License cancelled,Special purpose vehicle
LVRGD HOLDINGS LIMITED,28-09-2022,CLARA FORMATIONS LIMITED,Licensed,Special purpose vehicle
ONE HUNDRED AND TWENTY SEVENTH INVESTMENT RSC LTD,28-09-2022,WALKERS PROFESSIONAL SERVICES (MIDDLE EAST) LIMITED,Licensed,Special purpose vehicle
BP FOUNDATION,28-09-2022,,Licensed,Foundation
HILI HOLDING RSC LTD,29-09-2022,ASSISS LTD,Licensed,Special purpose vehicle
L'EXIT 19 INVESTMENTS SPV LTD,29-09-2022,,Licensed,Special purpose vehicle
LINKED4HR HOLDING LTD,29-09-2022,SANCTUARY CORPORATE SERVICES FZ LLC,License cancelled,Special purpose vehicle
JEDI INVESTMENTS SPV LIMITED,29-09-2022,EQUIOM CORPORATE SERVICES (MIDDLE EAST) LTD,Licensed,Special purpose vehicle
MINERVA FOUNDATION,29-09-2022,M-HQ LTD,Licensed,Foundation
MH FOUNDATION,29-09-2022,,Licensed,Foundation
ASTRA GROUP HOLDING RSC LTD,30-09-2022,,Licensed,Special purpose vehicle
SAFE CAPITAL HOLDINGS LIMITED,30-09-2022,,License cancelled,Special purpose vehicle
TEKEYA HOLDINGS LIMITED,30-09-2022,CLARA FORMATIONS LIMITED,Licensed,Special purpose vehicle
VI GAS PIPELINES HOLDING II LTD,30-09-2022,INTERTRUST (MIDDLE EAST) LTD,Licensed,Special purpose vehicle
AL TAASIS HOLDING LIMITED,30-09-2022,,License cancelled,Special purpose vehicle
M VENTURES SPV LIMITED,30-09-2022,EQUIOM CORPORATE SERVICES (MIDDLE EAST) LTD,Licensed,Special purpose vehicle
MAVUNO HOLDING LIMITED,03-10-2022,,Licensed,Special purpose vehicle
ZETWERK HOLDINGS ME&A LIMITED,03-10-2022,KPI AHLI CHARTERED ACCOUNTANTS,Licensed,Special purpose vehicle
EQUATOR HOSPITALITY HOLDING LTD,03-10-2022,CSP GROUP LTD,Licensed,Special purpose vehicle
LFVOSTOK HOLDING LIMITED,04-10-2022,KALANTAR BUSINESS LAW GROUP LTD,Licensed,Special purpose vehicle
NLVOSTOK HOLDING LIMITED,04-10-2022,KALANTAR BUSINESS LAW GROUP LTD,Licensed,Special purpose vehicle
EQIQ HOLDCO LTD,04-10-2022,J. AWAN & PARTNERS LIMITED,Licensed,Special purpose vehicle
JAZLAH HOLDINGS LIMITED,05-10-2022,CLARA FORMATIONS LIMITED,Licensed,Special purpose vehicle
ACRION HOLDINGS LIMITED,05-10-2022,RAD CORPORATE SERVICES LIMITED,Licensed,Special purpose vehicle
EM SHERIF HOLDING LTD,05-10-2022,ASSISS LTD,Licensed,Special purpose vehicle
AL ZIRAAH INVESTMENT HOLDING LIMITED,05-10-2022,,Licensed,Special purpose vehicle
BAKERRISK EMEA HOLDINGS LTD,05-10-2022,CLARA FORMATIONS LIMITED,Licensed,Special purpose vehicle
GILDED (AD) JV HOLDINGS LIMITED,05-10-2022,WALKERS PROFESSIONAL SERVICES (MIDDLE EAST) LIMITED,Licensed,Special purpose vehicle
OS ODASI HOLDING LTD,05-10-2022,ADS INVESTMENT SOLUTIONS LIMITED,License cancelled,Special purpose vehicle
NESSA INTERNATIONAL HOLDINGS LIMITED,05-10-2022,10 LEAVES LIMITED,Licensed,Special purpose vehicle
ALDENHAM EDUCATION HOLDINGS LIMITED,06-10-2022,ROSEMONT PARTNERS CORPORATE SERVICES LIMITED,Licensed,Special purpose vehicle
DH 9 SPV LIMITED,06-10-2022,MAPLES FIDUCIARY SERVICES (MIDDLE EAST) LIMITED,Licensed,Special purpose vehicle
INSPIRE 1 SPV LTD,06-10-2022,PEREGRINE CORPORATE SERVICES LTD,Licensed,Special purpose vehicle
INSPIRE 2 SPV LTD,06-10-2022,PEREGRINE CORPORATE SERVICES LTD,Licensed,Special purpose vehicle
DESERT KANGAROO HOLDINGS LTD,06-10-2022,CLARA FORMATIONS LIMITED,Licensed,Special purpose vehicle
SPNDZ TECHNOLOGY HOLDING LTD,06-10-2022,WALKERS PROFESSIONAL SERVICES (MIDDLE EAST) LIMITED,Licensed,Special purpose vehicle
MDV FAMILY FOUNDATION,06-10-2022,CLARA FORMATIONS LIMITED,Licensed,Foundation
BM FOUNDATION,06-10-2022,CLARA FORMATIONS LIMITED,Licensed,Foundation
SANTECHTURE HOLDING LIMITED,07-10-2022,10 LEAVES LIMITED,Licensed,Special purpose vehicle
CBD II HOLDINGS LIMITED,07-10-2022,CSP GROUP LTD,License cancelled,Special purpose vehicle
AL YASRA FOOD HOLDING LIMITED,07-10-2022,WALKERS PROFESSIONAL SERVICES (MIDDLE EAST) LIMITED,Licensed,Special purpose vehicle
TAWASOL SOLUTIONS HOLDING LIMITED,07-10-2022,STROLLA LLP,Licensed,Special purpose vehicle
VISTA HOLDING LIMITED,10-10-2022,STROLLA LLP,Licensed,Special purpose vehicle
AL SERB HOLDING LTD,10-10-2022,ASSISS LTD,Licensed,Special purpose vehicle
NBM GROUP HOLDING LIMITED,11-10-2022,CLARA FORMATIONS LIMITED,Licensed,Special purpose vehicle
BADIA SPV LIMITED,11-10-2022,,Licensed,Special purpose vehicle
ADQ SECURITIES RSC LTD,12-10-2022,,Licensed,Special purpose vehicle
KV FOUNDATION,12-10-2022,PRAXISIFM TRUST LIMITED,Licensed,Foundation
EXPLORIEE HOLDINGS LIMITED,13-10-2022,CLARA FORMATIONS LIMITED,License cancelled,Special purpose vehicle
LUMOFY HOLDINGS LIMITED,13-10-2022,CLARA FORMATIONS LIMITED,Licensed,Special purpose vehicle
INTELLIGENT ENERGY SERVICES HOLDING LIMITED,13-10-2022,WALKERS PROFESSIONAL SERVICES (MIDDLE EAST) LIMITED,Licensed,Special purpose vehicle
EQUILIBRIUM HOLDING LTD,13-10-2022,,Licensed,Special purpose vehicle
ABOU GHALY HOLDING LIMITED,14-10-2022,,Licensed,Special purpose vehicle
AVE HOLDINGS LTD,17-10-2022,AL TAMIMI & CO. CORPORATE SERVICES LIMITED,Licensed,Special purpose vehicle
TIGRUS HOLDING LTD,17-10-2022,CSP GROUP LTD,Licensed,Special purpose vehicle
SALUS RESTRICTED LTD,17-10-2022,,Licensed,Special purpose vehicle
TCS HOLDINGS LIMITED,18-10-2022,CLARA FORMATIONS LIMITED,Licensed,Special purpose vehicle
KEM TECHNOLOGIES HOLDING LTD,18-10-2022,WALKERS PROFESSIONAL SERVICES (MIDDLE EAST) LIMITED,Licensed,Special purpose vehicle
WONDERWALL FOUNDATION,18-10-2022,ROSEMONT PARTNERS CORPORATE SERVICES LIMITED,Licensed,Foundation
INTERNATIONAL RESOURCES HOLDING RSC LTD,19-10-2022,CROWE MAK LLP,Licensed,Special purpose vehicle
ENGIE M2 HOLDING COMPANY LIMITED,19-10-2022,AL TAMIMI & CO. CORPORATE SERVICES LIMITED,Licensed,Special purpose vehicle
RELIANCE (MIDDLE EAST) HOLDINGS LIMITED,19-10-2022,,Licensed,Special purpose vehicle
QUANTUM WORKS HOLDINGS LTD,19-10-2022,CLARA FORMATIONS LIMITED,License cancelled,Special purpose vehicle
"8ZONE HOLDING, LTD",20-10-2022,WALKERS PROFESSIONAL SERVICES (MIDDLE EAST) LIMITED,Licensed,Special purpose vehicle
SOURCEMIND HOLDING LIMITED,20-10-2022,,Licensed,Special purpose vehicle
F CAPITAL HOLDINGS SPV LIMITED,20-10-2022,,Licensed,Special purpose vehicle
GEWAN TRAVEL VENTURES SPV LTD,20-10-2022,CROWE MAK LLP,License cancelled,Special purpose vehicle
THE SAFFRON SOUK SPV LIMITED,21-10-2022,,Licensed,Special purpose vehicle
KISP VENTURES HOLDING LIMITED,24-10-2022,MAPLES FIDUCIARY SERVICES (MIDDLE EAST) LIMITED,Licensed,Special purpose vehicle
ACCESS WORLD INVESTMENT HOLDINGS LIMITED,24-10-2022,,Licensed,Special purpose vehicle
ISTIDAMAT ALBARAKAH TECHNOLOGY HOLDING LIMITED,24-10-2022,CLARA FORMATIONS LIMITED,Licensed,Special purpose vehicle
KAVAK MIDDLE EAST HOLDING LIMITED,24-10-2022,M-HQ LTD,Licensed,Special purpose vehicle
BUSTAN PLUS HOLDINGS LIMITED,24-10-2022,,Licensed,Special purpose vehicle
MVML HOLDING LIMITED,25-10-2022,SANCTUARY CORPORATE SERVICES FZ LLC,Licensed,Special purpose vehicle
INVICTUS LOGISTICS HOLDING COMPANY LTD,25-10-2022,,License cancelled,Special purpose vehicle
PROMARK CONTRACT SPV LIMITED,25-10-2022,10 LEAVES LIMITED,Licensed,Special purpose vehicle
NEXERA HOLDINGS LIMITED,25-10-2022,,License cancelled,Special purpose vehicle
ALIF HOLDING LTD,25-10-2022,,Licensed,Special purpose vehicle
MAGMA O&M HOLDINGS LIMITED,25-10-2022,INTERTRUST (MIDDLE EAST) LTD,Licensed,Special purpose vehicle
CERCLI HOLDINGS LIMITED,25-10-2022,WALKERS PROFESSIONAL SERVICES (MIDDLE EAST) LIMITED,Licensed,Special purpose vehicle
ADD VALUE HOLDINGS LTD,25-10-2022,AL TAMIMI & CO. CORPORATE SERVICES LIMITED,Licensed,Special purpose vehicle
G42 HEALTH CARE IPCO HOLDING RSC LTD,25-10-2022,,Licensed,Special purpose vehicle
ASPIRE HEALTH MANAGEMENT SOLUTIONS HOLDING RSC LTD,26-10-2022,10 LEAVES LIMITED,Licensed,Special purpose vehicle
GRACE ALLIED HOLDINGS LIMITED,26-10-2022,10 LEAVES LIMITED,License cancelled,Special purpose vehicle
MIGHTY ANGEL HOLDING LIMITED,26-10-2022,10 LEAVES LIMITED,Licensed,Special purpose vehicle
MIDDLE GROUND HOLDINGS LTD,26-10-2022,CLARA FORMATIONS LIMITED,Licensed,Special purpose vehicle
MURJAN HOLDING LIMITED,26-10-2022,STROLLA LLP,Licensed,Special purpose vehicle
RAHA BEACH HOLDINGS LTD,27-10-2022,AL TAMIMI & CO. CORPORATE SERVICES LIMITED,Licensed,Special purpose vehicle
EMMAY SPV LTD,27-10-2022,CROWE MAK LLP,Licensed,Special purpose vehicle
BADIA FARMS HOLDING SPV LIMITED,27-10-2022,JTC CORPORATE SERVICES (DIFC) LIMITED,Licensed,Special purpose vehicle
VERSATILE PROPERTIES HOLDING LIMITED,27-10-2022,CLARA FORMATIONS LIMITED,Licensed,Special purpose vehicle
EDC/PVC PROJECTCO RSC LTD,27-10-2022,,Licensed,Special purpose vehicle
EXPANSION PROJECT TECHNOLOGIES HOLDING SPV RSC LTD,27-10-2022,,Licensed,Special purpose vehicle
PAPAY FOUNDATION,27-10-2022,ROSEMONT PARTNERS CORPORATE SERVICES LIMITED,License cancelled,Foundation
MAAOS HOLDING LIMITED,28-10-2022,STROLLA LLP,Licensed,Special purpose vehicle
ALIAN HOLDING LTD,28-10-2022,CLARA FORMATIONS LIMITED,Licensed,Special purpose vehicle
IRH MINING RSC LTD,31-10-2022,CROWE MAK LLP,Licensed,Special purpose vehicle
IRH TRADING RSC LTD,31-10-2022,CROWE MAK LLP,Licensed,Special purpose vehicle
IRH REFINING RSC LTD,31-10-2022,CROWE MAK LLP,Licensed,Special purpose vehicle
IRH GEOLOGY AND TECHNOLOGY RSC LTD,31-10-2022,CROWE MAK LLP,Licensed,Special purpose vehicle
NEF HOLDING LIMITED,31-10-2022,,Licensed,Special purpose vehicle
XPRESS GROUP SPV LIMITED,31-10-2022,10 LEAVES LIMITED,Licensed,Special purpose vehicle
Y3 SPV LIMITED,31-10-2022,AMICORP ADVISORY LIMITED,License cancelled,Special purpose vehicle
FRONTIER HOLDINGS LIMITED,31-10-2022,CLARA FORMATIONS LIMITED,License cancelled,Special purpose vehicle
GULF AFRICAN MINING HOLDING RSC LTD,01-11-2022,,Licensed,Special purpose vehicle
GREEN INVESTMENTS HOLDING LIMITED,01-11-2022,AL TAMIMI & CO. CORPORATE SERVICES LIMITED,Licensed,Special purpose vehicle
XA HOLDINGS LIMITED,01-11-2022,10 LEAVES LIMITED,Licensed,Special purpose vehicle
TCS 2 HOLDINGS LIMITED,01-11-2022,CLARA FORMATIONS LIMITED,Licensed,Special purpose vehicle
VIRTUS FOUNDATION,01-11-2022,APEX CORPORATE SERVICES (ME) LTD,Licensed,Foundation
KINARA HOLDINGS LIMITED,02-11-2022,PRAXISIFM TRUST LIMITED,Licensed,Special purpose vehicle
FOREST CAPITAL HOLDINGS LIMITED,02-11-2022,,Licensed,Special purpose vehicle
REMA TIP TOP MIDDLE EAST HOLDING SPV LTD,02-11-2022,EQUIOM CORPORATE SERVICES (MIDDLE EAST) LTD,Licensed,Special purpose vehicle
AZZURRA INTERNATIONAL HOLDINGS LTD,02-11-2022,AL TAMIMI & CO. CORPORATE SERVICES LIMITED,Licensed,Special purpose vehicle
SOCATIN HOLDING LIMITED,02-11-2022,10 LEAVES LIMITED,Licensed,Special purpose vehicle
ENIFEX HOLDING LIMITED,02-11-2022,,Licensed,Special purpose vehicle
PZ HOLDINGS LIMITED,02-11-2022,INP IBRAHIM N PARTNERS LEGAL CONSULTANCY LTD,Licensed,Special purpose vehicle
TCS 1 HOLDINGS LIMITED,02-11-2022,CLARA FORMATIONS LIMITED,Licensed,Special purpose vehicle
ZOD AL KHAIR HOLDING LTD,02-11-2022,CLARA FORMATIONS LIMITED,Licensed,Special purpose vehicle
AQUILA HOLDINGS LIMITED,02-11-2022,M-HQ LTD,Licensed,Special purpose vehicle
ICONIC INVESTMENT TWO SPV RSC LTD,02-11-2022,ASSISS LTD,Licensed,Special purpose vehicle
ICONIC INVESTMENT ONE SPV RSC LTD,02-11-2022,ASSISS LTD,Licensed,Special purpose vehicle
M2SA INVEST HOLDING LTD,03-11-2022,SWISS GROUP LEGAL LTD,Licensed,Special purpose vehicle
STAGE HOLDING LIMITED,03-11-2022,STROLLA LLP,Licensed,Special purpose vehicle
EXPANSION HEALTH SPV LIMITED,03-11-2022,MAPLES FIDUCIARY SERVICES (MIDDLE EAST) LIMITED,Licensed,Special purpose vehicle
OSMANREUTER HOLDING LIMITED,03-11-2022,M-HQ LTD,Licensed,Special purpose vehicle
ANNEX HO SEED ROUND HOLDINGS LIMITED,04-11-2022,CLARA FORMATIONS LIMITED,License cancelled,Special purpose vehicle
ARZAGPLUS HOLDINGS LIMITED,07-11-2022,,Licensed,Special purpose vehicle
AHS HOLDING CO LTD,07-11-2022,10 LEAVES LIMITED,Licensed,Special purpose vehicle
TAMAR HOLDINGS SPV LIMITED,07-11-2022,,License cancelled,Special purpose vehicle
THREE EIGHT SIX RENEWABLE ENERGY HOLDING LTD,07-11-2022,,Licensed,Special purpose vehicle
ECOPLATFORM GLOBAL HOLDINGS LTD,08-11-2022,,License cancelled,Special purpose vehicle
FUELBUDDY HOLDINGS LIMITED,08-11-2022,10 LEAVES LIMITED,Licensed,Special purpose vehicle
YOUPLAN HOLDING LTD,08-11-2022,M-HQ LTD,License cancelled,Special purpose vehicle
CASUALIFE HOLDING LIMITED,08-11-2022,RAD CORPORATE SERVICES LIMITED,Licensed,Special purpose vehicle
VECTR WELLNESS HOLDINGS LIMITED,09-11-2022,ROSEMONT PARTNERS CORPORATE SERVICES LIMITED,Licensed,Special purpose vehicle
VECTR FARMS HOLDINGS LIMITED,09-11-2022,ROSEMONT PARTNERS CORPORATE SERVICES LIMITED,Licensed,Special purpose vehicle
VECTR REALTY HOLDINGS LIMITED,09-11-2022,ROSEMONT PARTNERS CORPORATE SERVICES LIMITED,Licensed,Special purpose vehicle
ALCAZAR KATERRA HOLDING LIMITED,09-11-2022,,Licensed,Special purpose vehicle
PROJECT CHAIWALA HOLDINGS LIMITED,09-11-2022,10 LEAVES LIMITED,Licensed,Special purpose vehicle
WURQI SOFTWARE HOLDINGS LIMITED,10-11-2022,CLARA FORMATIONS LIMITED,License cancelled,Special purpose vehicle
DOCTOORI HOLDINGS LIMITED,10-11-2022,CLARA FORMATIONS LIMITED,Licensed,Special purpose vehicle
DONAERI HOLDING RSC LTD,10-11-2022,ASSISS LTD,Licensed,Special purpose vehicle
THE NEW EARTH SPV LTD,11-11-2022,ROSEMONT PARTNERS CORPORATE SERVICES LIMITED,Licensed,Special purpose vehicle
AL BATEEN HOLDINGS LIMITED,11-11-2022,CLARA FORMATIONS LIMITED,Licensed,Special purpose vehicle
BRONET HOLDINGS LIMITED,14-11-2022,ACCLIME CORPORATE SERVICES LIMITED,License cancelled,Special purpose vehicle
ROIVA VERITAS HOLDING LTD,14-11-2022,CLARA FORMATIONS LIMITED,License cancelled,Special purpose vehicle
THE INDOOR FARMS HOLDING LIMITED,14-11-2022,M-HQ LTD,Licensed,Special purpose vehicle
CAPITAL SYNERGIES HOLDINGS LIMITED,14-11-2022,CLARA FORMATIONS LIMITED,License cancelled,Special purpose vehicle
MUSTARD & LINEN INTERIOR DESIGN HOLDINGS LIMITED,14-11-2022,TMF GROUP FIDUCIARY SERVICES LIMITED,Licensed,Special purpose vehicle
WALLS HOLDING LIMITED,15-11-2022,,Licensed,Special purpose vehicle
RURIK SPV LTD,15-11-2022,ROSEMONT PARTNERS CORPORATE SERVICES LIMITED,Licensed,Special purpose vehicle
WAFFRIES HOLDING LTD,15-11-2022,ARGENTUM LAW LTD,Licensed,Special purpose vehicle
ADMO LIFESTYLE HOLDING LIMITED,15-11-2022,AL TAMIMI & CO. CORPORATE SERVICES LIMITED,Licensed,Special purpose vehicle
TREEBY HOLDINGS LIMITED,15-11-2022,,License cancelled,Special purpose vehicle
MONAK E-SERVICES HOLDINGS LIMITED,15-11-2022,CLARA FORMATIONS LIMITED,Licensed,Special purpose vehicle
AKAREE HOLDINGS LIMITED,15-11-2022,CLARA FORMATIONS LIMITED,Licensed,Special purpose vehicle
SE INVESTMENT HOLDINGS LIMITED,15-11-2022,,Licensed,Special purpose vehicle
PLUMES INVESTMENT RSC LTD,15-11-2022,ASSISS LTD,Licensed,Special purpose vehicle
WAVES INVESTMENT RSC LTD,15-11-2022,,Licensed,Special purpose vehicle
HELGA SPV LTD,16-11-2022,ROSEMONT PARTNERS CORPORATE SERVICES LIMITED,Licensed,Special purpose vehicle
UNIHAWK HOLDINGS PRIVATE LIMITED,16-11-2022,10 LEAVES LIMITED,Licensed,Special purpose vehicle
TA'ZIZ UAE INVESTMENT COMPANY RSC LIMITED,17-11-2022,,Licensed,Special purpose vehicle
ALPHA ORYX FUNDING SPV RSC LIMITED,18-11-2022,,Licensed,Special purpose vehicle
ROTANA BROADCASTING COMPANY SPV LTD,18-11-2022,AL TAMIMI & CO. CORPORATE SERVICES LIMITED,License cancelled,Special purpose vehicle
MTME HOLDING LTD,18-11-2022,CSP GROUP LTD,Licensed,Special purpose vehicle
LGX HOLDING LTD,21-11-2022,,Licensed,Special purpose vehicle
ALPHAONE HOLDING LIMITED,21-11-2022,,Licensed,Special purpose vehicle
INOMNIA HOLDING LTD,21-11-2022,CLARA FORMATIONS LIMITED,License cancelled,Special purpose vehicle
MI 1 SPV LTD,21-11-2022,WALKERS PROFESSIONAL SERVICES (MIDDLE EAST) LIMITED,Licensed,Special purpose vehicle
MI 2 SPV LTD,21-11-2022,WALKERS PROFESSIONAL SERVICES (MIDDLE EAST) LIMITED,Licensed,Special purpose vehicle
LOGISEYE HOLDINGS LIMITED,21-11-2022,CLARA FORMATIONS LIMITED,Licensed,Special purpose vehicle
DIGITAL TRANSFORMATION SOLUTION HOLDING LTD,21-11-2022,ACCLIME CORPORATE SERVICES LIMITED,Licensed,Special purpose vehicle
REEM ENERGY HOLDING RSC LTD,21-11-2022,ASSISS LTD,Licensed,Special purpose vehicle
NURVE PARTNERS HOLDING LTD,22-11-2022,CLARA FORMATIONS LIMITED,Licensed,Special purpose vehicle
SRVME HOLDING LIMITED,22-11-2022,,License cancelled,Special purpose vehicle
BLUEBEES HOLDING LTD,22-11-2022,10 LEAVES LIMITED,Licensed,Special purpose vehicle
PINME HOLDING LTD,22-11-2022,10 LEAVES LIMITED,Licensed,Special purpose vehicle
YTD FOUNDATION,22-11-2022,10 LEAVES LIMITED,Licensed,Foundation
COUNTRY HILL INTERNATIONAL HOLDING LTD,23-11-2022,SANCTUARY CORPORATE SERVICES FZ LLC,Licensed,Special purpose vehicle
MERSAL HOLDING LTD,23-11-2022,AL TAMIMI & CO. CORPORATE SERVICES LIMITED,Licensed,Special purpose vehicle
VIY INVESTMENT SOLUTIONS HOLDING LIMITED,23-11-2022,M-HQ LTD,Licensed,Special purpose vehicle
MONET WORK HOLDINGS LIMITED,23-11-2022,CLARA FORMATIONS LIMITED,Licensed,Special purpose vehicle
F&C HOLDING LIMITED,24-11-2022,CLYDE SERVICES LIMITED,License cancelled,Special purpose vehicle
WILSON AGILE HOLDINGS LIMITED,24-11-2022,AL TAMIMI & CO. CORPORATE SERVICES LIMITED,Licensed,Special purpose vehicle
PRANO HOLDING FOUNDATION,24-11-2022,SOVEREIGN CORPORATE SERVICES ME LIMITED,License cancelled,Foundation
OCEAN 22 RSC LTD,25-11-2022,,Licensed,Special purpose vehicle
BUTTERED HOLDINGS LIMITED,25-11-2022,SANCTUARY CORPORATE SERVICES FZ LLC,Licensed,Special purpose vehicle
ALCAZAR ENTERPRISES HOLDING LIMITED,25-11-2022,,Licensed,Special purpose vehicle
DEMICO HOLDING LIMITED,25-11-2022,,Licensed,Special purpose vehicle
ANCHOR BIDCO SPV LTD,25-11-2022,TMF GROUP FIDUCIARY SERVICES LIMITED,Licensed,Special purpose vehicle
AHLAN TECHNOLOGIES HOLDING LTD,25-11-2022,CSP GROUP LTD,Licensed,Special purpose vehicle
SALUS 2 RESTRICTED LTD,25-11-2022,,Licensed,Special purpose vehicle
YOUR PRACTICE ONLINE HOLDINGS LIMITED,25-11-2022,ELNAGGAR & PARTNERS LIMITED,Licensed,Special purpose vehicle
AL HUR 2 HOLDING LIMITED,28-11-2022,CLARA FORMATIONS LIMITED,Licensed,Special purpose vehicle
SHADOW HOLDING LTD,28-11-2022,CLARA FORMATIONS LIMITED,Licensed,Special purpose vehicle
SARPHC HOLDING RSC LTD,29-11-2022,ASSISS LTD,Licensed,Special purpose vehicle
PROCAFECOL MENA HOLDINGS LTD,29-11-2022,,Licensed,Special purpose vehicle
RAM HOLDING LTD,29-11-2022,,License cancelled,Special purpose vehicle
AL HUR 1 HOLDING LIMITED,29-11-2022,CLARA FORMATIONS LIMITED,Licensed,Special purpose vehicle
2T HOLDING LIMITED,29-11-2022,,Licensed,Special purpose vehicle
AGTHIA VENTURES RESTRICTED LIMITED,29-11-2022,,Licensed,Special purpose vehicle
PINNULE INVESTMENT RSC LTD,30-11-2022,ASSISS LTD,Licensed,Special purpose vehicle
SPRINGY INVESTMENT RSC LTD,30-11-2022,ASSISS LTD,Licensed,Special purpose vehicle
GREEN BEACH INVESTMENT RSC LTD,30-11-2022,ASSISS LTD,Licensed,Special purpose vehicle
PANASIAN REFINING HOLDING COMPANY LIMITED,30-11-2022,AL TAMIMI & CO. CORPORATE SERVICES LIMITED,Licensed,Special purpose vehicle
SOBER HOLDING RSC LTD,30-11-2022,ASSISS LTD,Licensed,Special purpose vehicle
PLANT & EQUIPMENT HOLDING LTD,05-12-2022,MAPLES FIDUCIARY SERVICES (MIDDLE EAST) LIMITED,Licensed,Special purpose vehicle
SKILLUP MENA HOLDING LTD,05-12-2022,CLARA FORMATIONS LIMITED,Licensed,Special purpose vehicle
ADVANCED WATERTEK INTERNATIONAL HOLDING LIMITED,05-12-2022,CSP GROUP LTD,Licensed,Special purpose vehicle
MOSAIK HOLDING LIMITED,05-12-2022,SWISS GROUP LEGAL LTD,Licensed,Special purpose vehicle
TUNGSTEN HOLDING LIMITED,05-12-2022,CLARA FORMATIONS LIMITED,Licensed,Special purpose vehicle
VAULT WEALTH HOLDINGS LIMITED,05-12-2022,CLARA FORMATIONS LIMITED,Licensed,Special purpose vehicle
SENCIRC HOLDING LIMITED,06-12-2022,CLARA FORMATIONS LIMITED,Licensed,Special purpose vehicle
PRANO HOLDING LIMITED,06-12-2022,,License cancelled,Special purpose vehicle
MICAD CREDIT JV RSC LTD,07-12-2022,WALKERS PROFESSIONAL SERVICES (MIDDLE EAST) LIMITED,Licensed,Special purpose vehicle
ABRAO GLOBAL HOLDING LIMITED,07-12-2022,,Licensed,Special purpose vehicle
GAMETECH ACCELERATOR FUND I GP LTD,07-12-2022,,License cancelled,Special purpose vehicle
SCALERS HOLDING L.T.D.,07-12-2022,WALKERS PROFESSIONAL SERVICES (MIDDLE EAST) LIMITED,Licensed,Special purpose vehicle
OASIS CAPITAL HOLDINGS AND INVESTMENTS LTD,07-12-2022,CSP GROUP LTD,Licensed,Special purpose vehicle
EEC MIDDLE EAST HOLDING LTD,07-12-2022,,Licensed,Special purpose vehicle
KSELL HOLDING LIMITED,08-12-2022,CLARA FORMATIONS LIMITED,License cancelled,Special purpose vehicle
JUPITER CAPITAL HOLDING LTD,08-12-2022,ADS INVESTMENT SOLUTIONS LIMITED,Licensed,Special purpose vehicle
CHARGER CAPITAL HOLDING LTD,08-12-2022,ELNAGGAR & PARTNERS LIMITED,Licensed,Special purpose vehicle
NAHDA FUND II GP LTD,08-12-2022,,Licensed,Special purpose vehicle
AI DRIVING COMPANY HOLDING LTD,08-12-2022,CLARA FORMATIONS LIMITED,License cancelled,Special purpose vehicle
AEDU HOLDINGS LIMITED,09-12-2022,,Licensed,Special purpose vehicle
GRAM SPV 1 LIMITED,09-12-2022,TMF GROUP FIDUCIARY SERVICES LIMITED,Licensed,Special purpose vehicle
LOGISTICS PARKS DEVELOPMENT HOLDING LIMITED,09-12-2022,PEREGRINE CORPORATE SERVICES LTD,Licensed,Special purpose vehicle
SHIPA HOLDING LIMITED,09-12-2022,PEREGRINE CORPORATE SERVICES LTD,Licensed,Special purpose vehicle
REST HERO HOLDINGS LIMITED,09-12-2022,CLARA FORMATIONS LIMITED,Licensed,Special purpose vehicle
JETCLASS HOLDING LIMITED,09-12-2022,,Licensed,Special purpose vehicle
ANALOG SPV RSC LTD,09-12-2022,,Licensed,Special purpose vehicle
G42 SKY23 TECHNOLOGICAL PROJECTS RSC LTD,09-12-2022,,Licensed,Special purpose vehicle
BFI1 FOUNDATION,09-12-2022,GRIFFIN CORPORATE SERVICES LTD,Licensed,Foundation
PLATINUM VALLEY B 2013 RSC LIMITED,12-12-2022,,Licensed,Special purpose vehicle
PLATINUM BLAIRGOWRIE A 1984 RSC LIMITED,12-12-2022,,Licensed,Special purpose vehicle
LEMA HOLDING LIMITED,12-12-2022,AL TAMIMI & CO. CORPORATE SERVICES LIMITED,Licensed,Special purpose vehicle
HORIZON PARTICIPATION HOLDING I LIMITED,12-12-2022,PEREGRINE CORPORATE SERVICES LTD,Licensed,Special purpose vehicle
HORIZON PARTICIPATION HOLDING II LIMITED,12-12-2022,PEREGRINE CORPORATE SERVICES LTD,Licensed,Special purpose vehicle
NAS GROUP HOLDING LIMITED,12-12-2022,PEREGRINE CORPORATE SERVICES LTD,Licensed,Special purpose vehicle
LEAD HOLDING LIMITED,12-12-2022,AL TAMIMI & CO. CORPORATE SERVICES LIMITED,Licensed,Special purpose vehicle
LBS HOLDING LIMITED,12-12-2022,ROSEMONT PARTNERS CORPORATE SERVICES LIMITED,Licensed,Special purpose vehicle
GLOBAL ESTATE SPV LIMITED,12-12-2022,,License cancelled,Special purpose vehicle
SIPAKI FOUNDATION,12-12-2022,,Licensed,Foundation
CLTS SC HOLDINGS LIMITED,13-12-2022,10 LEAVES LIMITED,Licensed,Special purpose vehicle
CLTS TECHNOLOGIES (ME) HOLDINGS LIMITED,13-12-2022,10 LEAVES LIMITED,Licensed,Special purpose vehicle
SYNTAX HOLDING LIMITED,13-12-2022,AL TAMIMI & CO. CORPORATE SERVICES LIMITED,Licensed,Special purpose vehicle
ANCHOR HOLDING LIMITED,13-12-2022,TMF GROUP FIDUCIARY SERVICES LIMITED,Licensed,Special purpose vehicle
VPEF I GP LIMITED,13-12-2022,,Licensed,Special purpose vehicle
AX SERVICES SPV LIMITED,13-12-2022,,License cancelled,Special purpose vehicle
PLATINUM BRAVO HOLDINGS A 1998 RSC LIMITED,13-12-2022,,Licensed,Special purpose vehicle
PLATINUM EMERALD B 2014 RSC LIMITED,13-12-2022,,Licensed,Special purpose vehicle
ALANSARI HOLDINGS LTD,14-12-2022,WALKERS PROFESSIONAL SERVICES (MIDDLE EAST) LIMITED,License cancelled,Special purpose vehicle
DENZEL CORP HOLDINGS LTD,14-12-2022,,Licensed,Special purpose vehicle
PLATINUM PROCIFIC MAINSTREAM B 2000 RSC LIMITED,14-12-2022,,Licensed,Special purpose vehicle
ADNOC DISTRIBUTION EGYPT HOLDING RSC LIMITED,15-12-2022,CLARA FORMATIONS LIMITED,Licensed,Special purpose vehicle
QATTAH HOLDING LIMITED,15-12-2022,10 LEAVES LIMITED,Licensed,Special purpose vehicle
VENTURA PARTNERS SPV LIMITED,15-12-2022,10 LEAVES LIMITED,Licensed,Special purpose vehicle
OMNIA HOLDINGS SPV LIMITED,15-12-2022,ROSEMONT PARTNERS CORPORATE SERVICES LIMITED,Licensed,Special purpose vehicle
VISION ENERGY HOLDINGS LTD,15-12-2022,AL TAMIMI & CO. CORPORATE SERVICES LIMITED,Licensed,Special purpose vehicle
PARK LAMAR SPV LIMITED,15-12-2022,CLARA FORMATIONS LIMITED,Licensed,Special purpose vehicle
PLATINUM ROCK B 2014 RSC LIMITED,15-12-2022,,Licensed,Special purpose vehicle
SUN FOUNDATION,15-12-2022,APEX CORPORATE SERVICES (ME) LTD,Licensed,Foundation
BUSINEXT HOLDINGS LIMITED,16-12-2022,AL TAMIMI & CO. CORPORATE SERVICES LIMITED,Licensed,Special purpose vehicle
EUROPEAN III HOSPITALITY HOLDING LIMITED,16-12-2022,INTERTRUST (MIDDLE EAST) LTD,Licensed,Special purpose vehicle
DEFENSE LOGISTICS HOLDING LIMITED,18-12-2022,PEREGRINE CORPORATE SERVICES LTD,Licensed,Special purpose vehicle
YAZZI HOLDING LTD,19-12-2022,APEX CORPORATE SERVICES (ME) LTD,Licensed,Special purpose vehicle
M80 HOLDING LTD,19-12-2022,APEX CORPORATE SERVICES (ME) LTD,Licensed,Special purpose vehicle
DUNE V SPV LIMITED,19-12-2022,,Licensed,Special purpose vehicle
STRYVE HOLDINGS LIMITED,19-12-2022,CLARA FORMATIONS LIMITED,Licensed,Special purpose vehicle
EDC/PVC HOLDCO RSC LTD,19-12-2022,,Licensed,Special purpose vehicle
METHANOL HOLDCO RSC LTD,19-12-2022,,Licensed,Special purpose vehicle
AMMONIA HOLDCO RSC LTD,19-12-2022,,Licensed,Special purpose vehicle
PLATINUM HIP CHINA LOGISTICS C 2011 RSC LIMITED,20-12-2022,,Licensed,Special purpose vehicle
ELEMENT HOLDINGS LTD,20-12-2022,APEX CORPORATE SERVICES (ME) LTD,Licensed,Special purpose vehicle
AX HOLDING LIMITED,20-12-2022,,License cancelled,Special purpose vehicle
OCIOR ENERGY SPV ONE LIMITED,20-12-2022,CLARA FORMATIONS LIMITED,Licensed,Special purpose vehicle
ILIK HOLDINGS LIMITED,20-12-2022,CLARA FORMATIONS LIMITED,Licensed,Special purpose vehicle
ALM FOUNDATION,20-12-2022,M-HQ LTD,Licensed,Foundation
ETHMAR HOLDINGS RSC LTD,21-12-2022,AL TAMIMI & CO. CORPORATE SERVICES LIMITED,Licensed,Special purpose vehicle
FIRST TECHNOLOGY SOLUTION SPV LIMITED,21-12-2022,,License cancelled,Special purpose vehicle
ABS HOLDCO LIMITED,21-12-2022,CSP GROUP LTD,Licensed,Special purpose vehicle
E& INTERNATIONAL DIGITAL JV HOLDINGS LIMITED,21-12-2022,WALKERS PROFESSIONAL SERVICES (MIDDLE EAST) LIMITED,Licensed,Special purpose vehicle
JBF HOLDING LIMITED,21-12-2022,,License cancelled,Special purpose vehicle
DIRIYAH SPLYD SPV LTD,21-12-2022,10 LEAVES LIMITED,License cancelled,Special purpose vehicle
LUDUS SPV LIMITED,21-12-2022,,Licensed,Special purpose vehicle
SB HOLDINGS LIMITED,21-12-2022,,License cancelled,Special purpose vehicle
STITCHES HOLDINGS LIMITED,21-12-2022,CLARA FORMATIONS LIMITED,Licensed,Special purpose vehicle
S AND Z FOUNDATION,21-12-2022,MABA CORPORATE SERVICES LIMITED,Licensed,Foundation
TRAI HOLDINGS LIMITED,22-12-2022,CLARA FORMATIONS LIMITED,Licensed,Special purpose vehicle
LOWKICK HOLDINGS LIMITED,22-12-2022,COUNSEL SERVICES LIMITED,Licensed,Special purpose vehicle
AMFS INVESTMENTS HOLDING LIMITED,22-12-2022,COUNSEL SERVICES LIMITED,Licensed,Special purpose vehicle
GIPV INVESTMENTS HOLDING LIMITED,22-12-2022,COUNSEL SERVICES LIMITED,Licensed,Special purpose vehicle
MOZE HOLDING LIMITED,22-12-2022,STROLLA LLP,Licensed,Special purpose vehicle
PANGAEA LOGISTICS HOLDINGS LIMITED,22-12-2022,CLARA FORMATIONS LIMITED,License cancelled,Special purpose vehicle
GOREX TECHNOLOGIES SPV LIMITED,22-12-2022,,Licensed,Special purpose vehicle
GLOBAL MEDIA INVESTMENT HOLDING LIMITED,22-12-2022,CLARA FORMATIONS LIMITED,Licensed,Special purpose vehicle
SINO HPC RSC LIMITED,22-12-2022,,Licensed,Special purpose vehicle
UMARKET SPV LTD,23-12-2022,M-HQ LTD,Licensed,Special purpose vehicle
UBUNTU HOLDINGS LIMITED,23-12-2022,CLARA FORMATIONS LIMITED,Licensed,Special purpose vehicle
CCHO HOLDING LTD,23-12-2022,ACCLIME CORPORATE SERVICES LIMITED,Licensed,Special purpose vehicle
SENTIATE HOLDINGS LIMITED,23-12-2022,CLARA FORMATIONS LIMITED,License cancelled,Special purpose vehicle
GW HOLDINGS LIMITED,23-12-2022,KPI AHLI CHARTERED ACCOUNTANTS,License cancelled,Special purpose vehicle
DUING HOLDING RSC LTD,27-12-2022,ASSISS LTD,Licensed,Special purpose vehicle
ADMO ONE HOLDING LIMITED,27-12-2022,AL TAMIMI & CO. CORPORATE SERVICES LIMITED,Licensed,Special purpose vehicle
ADMO HOSPITALITY HOLDING LIMITED,27-12-2022,AL TAMIMI & CO. CORPORATE SERVICES LIMITED,Licensed,Special purpose vehicle
TAILWIND HOLDING LIMITED,27-12-2022,,License cancelled,Special purpose vehicle
MAYURA HOLDINGS LTD,27-12-2022,CSP GROUP LTD,Licensed,Special purpose vehicle
BM HOLDINGS SPV LIMITED,27-12-2022,KPI AHLI CHARTERED ACCOUNTANTS,Licensed,Special purpose vehicle
ITL WORLD HOLDINGS LTD,27-12-2022,CSP GROUP LTD,Licensed,Special purpose vehicle
PROLITE HOLDING LIMITED,27-12-2022,,License cancelled,Special purpose vehicle
TRINITY ISLAND HOLDING LIMITED,27-12-2022,ROSEMONT PARTNERS CORPORATE SERVICES LIMITED,License cancelled,Special purpose vehicle
EGINV HOLDING RSC LTD,28-12-2022,,License cancelled,Special purpose vehicle
LUXOR SPV 1 LTD,28-12-2022,M-HQ LTD,Licensed,Special purpose vehicle
BUSINESS INNOVATION MINE INVESTMENTS II HOLDING LTD,28-12-2022,CLARA FORMATIONS LIMITED,Licensed,Special purpose vehicle
TRUSTSWAP HOLDING LTD,28-12-2022,10 LEAVES LIMITED,Licensed,Special purpose vehicle
SLM HOLDINGS LIMITED,28-12-2022,CLARA FORMATIONS LIMITED,Licensed,Special purpose vehicle
GRO PARTNERS VENTURES HOLDINGS LIMITED,28-12-2022,CLARA FORMATIONS LIMITED,Licensed,Special purpose vehicle
SOVEN 1 HOLDING LIMITED,28-12-2022,STROLLA LLP,Licensed,Special purpose vehicle
AVANTGUARD HOLDING LIMITED,28-12-2022,CROWE MAK LLP,Licensed,Special purpose vehicle
JOYALUKKAS MENA HOLDINGS LTD,29-12-2022,AL TAMIMI & CO. CORPORATE SERVICES LIMITED,Licensed,Special purpose vehicle
AGORA SPV LTD,29-12-2022,ASSISS LTD,Licensed,Special purpose vehicle
GHURAB HOLDINGS LIMITED,30-12-2022,,Licensed,Special purpose vehicle
EIO HOLDINGS LTD,30-12-2022,MOORE JFC LIMITED,Licensed,Special purpose vehicle
LIQUIDITY ONE HOLDINGS LTD,03-01-2023,,Licensed,Special purpose vehicle
AESG HOLDCO LIMITED,03-01-2023,CLARA FORMATIONS LIMITED,Licensed,Special purpose vehicle
VECTR INVESTMENTS HOLDINGS LIMITED,03-01-2023,ROSEMONT PARTNERS CORPORATE SERVICES LIMITED,Licensed,Special purpose vehicle
THE STABLES HOLDING LIMITED,03-01-2023,CLARA FORMATIONS LIMITED,Licensed,Special purpose vehicle
HMA HOLDINGS LIMITED,03-01-2023,CLARA FORMATIONS LIMITED,Licensed,Special purpose vehicle
TRANSTEK HOLDINGS LIMITED,03-01-2023,CLARA FORMATIONS LIMITED,Licensed,Special purpose vehicle
SDR HOLDINGS LIMITED,03-01-2023,SANCTUARY CORPORATE SERVICES FZ LLC,Licensed,Special purpose vehicle
NOTRIHC HOLDINGS LIMITED,03-01-2023,,Licensed,Special purpose vehicle
TEEPEE INVESTMENTS LIMITED,03-01-2023,,Licensed,Special purpose vehicle
LKZ FOUNDATION,03-01-2023,10 LEAVES LIMITED,License cancelled,Foundation
DAWRATY EDUCATION HOLDING LIMITED,04-01-2023,STROLLA LLP,Licensed,Special purpose vehicle
BUMBUM HOLDING LIMITED,04-01-2023,STROLLA LLP,Licensed,Special purpose vehicle
REVLY HOLDING COMPANY LIMITED,04-01-2023,CLARA FORMATIONS LIMITED,Licensed,Special purpose vehicle
TEN HOLDING LIMITED,05-01-2023,STROLLA LLP,Licensed,Special purpose vehicle
AQUACHEM HOLDINGS LIMITED,05-01-2023,,Licensed,Special purpose vehicle
GHOSTDRIVE GLOBAL HOLDING LIMITED,05-01-2023,,License cancelled,Special purpose vehicle
OCTOMID HOLDINGS LTD,05-01-2023,CLARA FORMATIONS LIMITED,Licensed,Special purpose vehicle
MSAM FOUNDATION,05-01-2023,CLARA FORMATIONS LIMITED,Licensed,Foundation
JAZEERAT ALISTITHMAR 2 HOLDING LIMITED,06-01-2023,IDARAH CORPORATE LIMITED,Licensed,Special purpose vehicle
KPB SPV LTD,09-01-2023,M-HQ LTD,Licensed,Special purpose vehicle
SHALIMAR INVESTMENTS SPV LTD,09-01-2023,10 LEAVES LIMITED,Licensed,Special purpose vehicle
RSA COLD HOLDINGS LIMITED,09-01-2023,TMF GROUP FIDUCIARY SERVICES LIMITED,Licensed,Special purpose vehicle
GHIRASS INTERNATIONAL HOLDINGS LIMITED,09-01-2023,CLARA FORMATIONS LIMITED,License cancelled,Special purpose vehicle
FELICITY HOLDING LIMITED,10-01-2023,M-HQ LTD,License cancelled,Special purpose vehicle
SOULIFY HOLDINGS LTD,10-01-2023,CLARA FORMATIONS LIMITED,License cancelled,Special purpose vehicle
KYRNOS HOLDING LIMITED,11-01-2023,M-HQ LTD,License cancelled,Special purpose vehicle
ALSHEPEP SPV LIMITED,11-01-2023,KALANTAR BUSINESS LAW GROUP LTD,Licensed,Special purpose vehicle
ALAAQAR HOLDINGS LIMITED,11-01-2023,,Licensed,Special purpose vehicle
SMART INTERACTION6 SPV RSC LTD,11-01-2023,ACCLIME CORPORATE SERVICES LIMITED,Licensed,Special purpose vehicle
ADH INVESTMENTS RSC LTD,12-01-2023,,Licensed,Special purpose vehicle
PROPERGATE HOLDING LTD,12-01-2023,ADS INVESTMENT SOLUTIONS LIMITED,Licensed,Special purpose vehicle
PHOENIX CAPITAL HOLDINGS LTD,12-01-2023,WALKERS PROFESSIONAL SERVICES (MIDDLE EAST) LIMITED,Licensed,Special purpose vehicle
MTM SPV LIMITED,12-01-2023,AMICORP ADVISORY LIMITED,Licensed,Special purpose vehicle
RED ROCK HOLDINGS LIMITED,12-01-2023,ROSEMONT PARTNERS CORPORATE SERVICES LIMITED,Licensed,Special purpose vehicle
BELVEDERE HOLDINGS LIMITED,12-01-2023,ROSEMONT PARTNERS CORPORATE SERVICES LIMITED,Licensed,Special purpose vehicle
HALLAS HOLDINGS LIMITED,12-01-2023,ROSEMONT PARTNERS CORPORATE SERVICES LIMITED,Licensed,Special purpose vehicle
RELIANCE SPV LIMITED,13-01-2023,M-HQ LTD,License cancelled,Special purpose vehicle
IBX LOGISTICS HOLDING LIMITED,13-01-2023,10 LEAVES LIMITED,Licensed,Special purpose vehicle
PHARMED SPV LTD,13-01-2023,EQUIOM CORPORATE SERVICES (MIDDLE EAST) LTD,Licensed,Special purpose vehicle
GREELEO D HOLDING LIMITED,13-01-2023,ELNAGGAR & PARTNERS LIMITED,License cancelled,Special purpose vehicle
SOSCO STEEL HOLDING LIMITED,16-01-2023,SANCTUARY CORPORATE SERVICES FZ LLC,Licensed,Special purpose vehicle
ROAR HOLDING LIMITED,16-01-2023,AL TAMIMI & CO. CORPORATE SERVICES LIMITED,Licensed,Special purpose vehicle
CWB GROUP HOLDINGS LTD,16-01-2023,WALKERS PROFESSIONAL SERVICES (MIDDLE EAST) LIMITED,Licensed,Special purpose vehicle
SECURUS HOLDING LIMITED,16-01-2023,SANCTUARY CORPORATE SERVICES FZ LLC,Licensed,Special purpose vehicle
AEPC MENA SKY ESG HOLDING LIMITED,16-01-2023,,Licensed,Special purpose vehicle
CLEMENT HOLDINGS LIMITED,16-01-2023,CLARA FORMATIONS LIMITED,Licensed,Special purpose vehicle
O&M HOLDING LTD,16-01-2023,ASSISS LTD,Licensed,Special purpose vehicle
ADMO HOTEL MANAGEMENT HOLDING LIMITED,16-01-2023,AL TAMIMI & CO. CORPORATE SERVICES LIMITED,Licensed,Special purpose vehicle
RAMY MOTORS HOLDING LIMITED,16-01-2023,CROWE MAK LLP,Licensed,Special purpose vehicle
TEKNOMIN FOUNDATION,16-01-2023,10 LEAVES LIMITED,Licensed,Foundation
NUMOU INVESTMENT RSC LTD,17-01-2023,ASSISS LTD,Licensed,Special purpose vehicle
DORAL PARK HOLDINGS LIMITED,17-01-2023,AL TAMIMI & CO. CORPORATE SERVICES LIMITED,Licensed,Special purpose vehicle
EURISKO HOLDINGS LIMITED,17-01-2023,CLARA FORMATIONS LIMITED,Licensed,Special purpose vehicle
RAKIZA AIV GP I LTD,18-01-2023,INTERTRUST (MIDDLE EAST) LTD,Licensed,Special purpose vehicle
G42 INDIA HOLDING SPV LTD,18-01-2023,,Licensed,Special purpose vehicle
G42 INDITECH HOLDING SPV RSC LTD,18-01-2023,,Licensed,Special purpose vehicle
CHIMFIN 6 INVESTMENT SPV RSC LTD,18-01-2023,ASSISS LTD,Licensed,Special purpose vehicle
CHIMFIN 7 INVESTMENT SPV RSC LTD,18-01-2023,ASSISS LTD,Licensed,Special purpose vehicle
CHIMFIN 8 INVESTMENT SPV RSC LTD,18-01-2023,ASSISS LTD,Licensed,Special purpose vehicle
CHIMPE 4 INVESTMENT SPV RSC LTD,18-01-2023,ASSISS LTD,Licensed,Special purpose vehicle
CHIMPE 5 INVESTMENT SPV RSC LTD,18-01-2023,ASSISS LTD,Licensed,Special purpose vehicle
CHIMPE 6 INVESTMENT SPV RSC LTD,18-01-2023,ASSISS LTD,Licensed,Special purpose vehicle
CHIMPE 7 INVESTMENT SPV RSC LTD,18-01-2023,ASSISS LTD,Licensed,Special purpose vehicle
CHIMPE 8 INVESTMENT SPV RSC LTD,18-01-2023,ASSISS LTD,Licensed,Special purpose vehicle
CHIMPE 9 INVESTMENT SPV RSC LTD,18-01-2023,ASSISS LTD,Licensed,Special purpose vehicle
CHIMPE 10 INVESTMENT SPV RSC LTD,18-01-2023,ASSISS LTD,Licensed,Special purpose vehicle
VT OWN HOLDING LTD,19-01-2023,ASSISS LTD,License cancelled,Special purpose vehicle
IA OWN HOLDING LTD,19-01-2023,ASSISS LTD,License cancelled,Special purpose vehicle
KLEO HOLDING LIMITED,19-01-2023,AL TAMIMI & CO. CORPORATE SERVICES LIMITED,Licensed,Special purpose vehicle
THE TIMES HOLDINGS LIMITED,19-01-2023,CLARA FORMATIONS LIMITED,License cancelled,Special purpose vehicle
AFLAJ OS2 INVESTMENT SPV RSC LTD,20-01-2023,ASSISS LTD,Licensed,Special purpose vehicle
ARV MENA SPV RSC LTD,20-01-2023,ASSISS LTD,Licensed,Special purpose vehicle
TOPAZ HOLDING LIMITED,20-01-2023,ROSEMONT PARTNERS CORPORATE SERVICES LIMITED,License cancelled,Special purpose vehicle
CLOUD SPACES INTERNATIONAL HOLDING LIMITED,20-01-2023,,Licensed,Special purpose vehicle
GLOBALWAVE HOLDING LTD,20-01-2023,ACCLIME CORPORATE SERVICES LIMITED,Licensed,Special purpose vehicle
CELLCOLABS CLINICAL SPV LIMITED,20-01-2023,EQUIOM CORPORATE SERVICES (MIDDLE EAST) LTD,Licensed,Special purpose vehicle
GROUPE D'ETABLISSEMENTS ELITE HOLDING LTD,20-01-2023,ACCLIME CORPORATE SERVICES LIMITED,Licensed,Special purpose vehicle
KPO HOLDINGS LIMITED,21-01-2023,CSP GROUP LTD,Licensed,Special purpose vehicle
LAVO HOLDING LIMITED,23-01-2023,,License cancelled,Special purpose vehicle
WHISTLER VENTURE HOLDINGS LIMITED,23-01-2023,CLARA FORMATIONS LIMITED,License cancelled,Special purpose vehicle
NEWTEL HOLDING LTD,23-01-2023,CLARA FORMATIONS LIMITED,Licensed,Special purpose vehicle
WIZZPAY GCC HOLDINGS LTD,23-01-2023,WALKERS PROFESSIONAL SERVICES (MIDDLE EAST) LIMITED,Licensed,Special purpose vehicle
10K HOLDINGS LIMITED,23-01-2023,CLARA FORMATIONS LIMITED,License cancelled,Special purpose vehicle
DARENT HOLDING LTD,24-01-2023,MAPLES FIDUCIARY SERVICES (MIDDLE EAST) LIMITED,Licensed,Special purpose vehicle
REMORA TECH HOLDINGS LIMITED,24-01-2023,CLARA FORMATIONS LIMITED,Licensed,Special purpose vehicle
LWM HOLDING LTD,24-01-2023,CROWE MAK LLP,Licensed,Special purpose vehicle
NUR BUKHARA HOLDING RSC LIMITED,24-01-2023,WALKERS PROFESSIONAL SERVICES (MIDDLE EAST) LIMITED,Licensed,Special purpose vehicle
PERLEEN FOUNDATION,24-01-2023,ROSEMONT PARTNERS CORPORATE SERVICES LIMITED,Licensed,Foundation
PLATINUM KESTREL A 2023 RSC LIMITED,25-01-2023,,Licensed,Special purpose vehicle
INFINITY DIGITAL HOLDINGS LTD,25-01-2023,CSP GROUP LTD,License cancelled,Special purpose vehicle
OCEAN LEONID HOLDING LTD,25-01-2023,HERITAGE CORPORATE SERVICES LIMITED,Licensed,Special purpose vehicle
PERSIVIA ME HOLDING LTD,25-01-2023,WALKERS PROFESSIONAL SERVICES (MIDDLE EAST) LIMITED,Licensed,Special purpose vehicle
MGKP HOLDINGS LIMITED,25-01-2023,ACCLIME CORPORATE SERVICES LIMITED,Licensed,Special purpose vehicle
AGATTI HOLDINGS LIMITED,26-01-2023,,Licensed,Special purpose vehicle
FIRST WAVE INVESTMENT RSC LTD,26-01-2023,ACCLIME CORPORATE SERVICES LIMITED,Licensed,Special purpose vehicle
WJ INVESTMENT RSC LTD,27-01-2023,ASSISS LTD,Licensed,Special purpose vehicle
KBM HOLDING LIMITED,27-01-2023,INTERTRUST (MIDDLE EAST) LTD,Licensed,Special purpose vehicle
RIBCRAFT HOLDINGS LIMITED,27-01-2023,M-HQ LTD,Licensed,Special purpose vehicle
VANTAGE POINT CAPITAL GP LIMITED,30-01-2023,,Licensed,Special purpose vehicle
SESU SPV LTD,30-01-2023,10 LEAVES LIMITED,Licensed,Special purpose vehicle
BPMT STRATEGIC HOLDINGS LIMITED,30-01-2023,ROSEMONT PARTNERS CORPORATE SERVICES LIMITED,Licensed,Special purpose vehicle
CREATIVE LABZ HOLDINGS LIMITED,30-01-2023,CLARA FORMATIONS LIMITED,Licensed,Special purpose vehicle
DUNE V SPV 2 LIMITED,30-01-2023,,Licensed,Special purpose vehicle
1001 HOLDINGS LIMITED,30-01-2023,CLARA FORMATIONS LIMITED,Licensed,Special purpose vehicle
STELLARIA HOLDINGS LIMITED,30-01-2023,CLARA FORMATIONS LIMITED,Licensed,Special purpose vehicle
FIRST WAREHOUSE HOLDINGS LIMITED,31-01-2023,WALKERS PROFESSIONAL SERVICES (MIDDLE EAST) LIMITED,Licensed,Special purpose vehicle
TBM HOLDING RSC LIMITED,01-02-2023,ASSISS LTD,Licensed,Special purpose vehicle
CERP HOLDING LTD,01-02-2023,10 LEAVES LIMITED,License cancelled,Special purpose vehicle
NORTHACRE ELLINGTON SPV LIMITED,01-02-2023,WALKERS PROFESSIONAL SERVICES (MIDDLE EAST) LIMITED,Licensed,Special purpose vehicle
BEEKEEPER TECH HOLDINGS LIMITED,01-02-2023,CLARA FORMATIONS LIMITED,Licensed,Special purpose vehicle
TBIYTC HOLDING LTD,01-02-2023,ASSISS LTD,Licensed,Special purpose vehicle
EHC HOLDINGS RSC LTD,01-02-2023,AL TAMIMI & CO. CORPORATE SERVICES LIMITED,Licensed,Special purpose vehicle
ENERGIA RENEWABLE HOLDING RSC LTD,01-02-2023,CROWE MAK LLP,Licensed,Special purpose vehicle
ALMA HOLDING LTD,02-02-2023,,Licensed,Special purpose vehicle
ADVANCED GLOBAL SYSTEMS AND TECHNOLOGY HOLDINGS LTD,02-02-2023,CLARA FORMATIONS LIMITED,Licensed,Special purpose vehicle
PRIMERA HOLDINGS LIMITED,02-02-2023,10 LEAVES LIMITED,Licensed,Special purpose vehicle
ALPHA HOSPITALITY HOLDING LIMITED,02-02-2023,,Licensed,Special purpose vehicle
TRADEULTRA HOLDING LIMITED,02-02-2023,,License cancelled,Special purpose vehicle
AVA HOLDING LIMITED,02-02-2023,,Licensed,Special purpose vehicle
ARM METAL INVESTMENT SPV LIMITED,03-02-2023,,Licensed,Special purpose vehicle
LXR SPV 1 LTD,06-02-2023,M-HQ LTD,Licensed,Special purpose vehicle
FAHY HOLDINGS LIMITED,07-02-2023,CLARA FORMATIONS LIMITED,Licensed,Special purpose vehicle
UZUM HARVEST SPV LTD,07-02-2023,M-HQ LTD,Licensed,Special purpose vehicle
ACTDIVATE HOLDINGS LIMITED,07-02-2023,CLARA FORMATIONS LIMITED,License cancelled,Special purpose vehicle
EMA FOUNDATION,07-02-2023,SANCTUARY CORPORATE SERVICES FZ LLC,Licensed,Foundation
SUPPLAI HOLDING LTD,08-02-2023,IDARAH CORPORATE LIMITED,Licensed,Special purpose vehicle
EDUKKO HOLDING LTD,08-02-2023,,Licensed,Special purpose vehicle
AXENDA HOLDING LIMITED,08-02-2023,CLARA FORMATIONS LIMITED,License cancelled,Special purpose vehicle
SHARE THE LOVE HOLDINGS LIMITED,08-02-2023,TMF GROUP FIDUCIARY SERVICES LIMITED,Licensed,Special purpose vehicle
FINVIZIER HOLDING LTD,08-02-2023,,Licensed,Special purpose vehicle
MARATHON DIGITAL HOLDINGS LTD,08-02-2023,CSP GROUP LTD,Licensed,Special purpose vehicle
247 CAPITAL HOLDINGS LIMITED,08-02-2023,CLARA FORMATIONS LIMITED,Licensed,Special purpose vehicle
ORGANIC BURST WORLD HOLDINGS LTD,08-02-2023,CSP GROUP LTD,Licensed,Special purpose vehicle
BOOBROOK HOLDINGS LIMITED,09-02-2023,ROSEMONT PARTNERS CORPORATE SERVICES LIMITED,Licensed,Special purpose vehicle
MOMS AND POPS VENTURES SPV LIMITED,09-02-2023,,Licensed,Special purpose vehicle
KLAYY HOLDING LIMITED,09-02-2023,CSP GROUP LTD,Licensed,Special purpose vehicle
AME 137 SPV LIMITED,09-02-2023,AMICORP ADVISORY LIMITED,Licensed,Special purpose vehicle
ADDM HOLDINGS RSC LTD,13-02-2023,AL TAMIMI & CO. CORPORATE SERVICES LIMITED,Licensed,Special purpose vehicle
KLUB WORKS HOLDINGS LIMITED,13-02-2023,TMF GROUP FIDUCIARY SERVICES LIMITED,Licensed,Special purpose vehicle
PHOENIX REAL ESTATE INVESTMENT HOLDINGS LIMITED,13-02-2023,INP IBRAHIM N PARTNERS LEGAL CONSULTANCY LTD,Licensed,Special purpose vehicle
SMART CHAIN ACADEMY HOLDING LTD,13-02-2023,ACCLIME CORPORATE SERVICES LIMITED,License cancelled,Special purpose vehicle
RED OAK PROPERTY HOLDINGS LTD,13-02-2023,M-HQ LTD,Licensed,Special purpose vehicle
BASATIN HOLDING SPV LTD,13-02-2023,CLYDE SERVICES LIMITED,Licensed,Special purpose vehicle
FORT ENERGY REFINING HOLDINGS LTD,13-02-2023,ACCLIME CORPORATE SERVICES LIMITED,Licensed,Special purpose vehicle
MUTUALART HOLDINGS LIMITED,14-02-2023,BANKS LEGAL LIMITED,Licensed,Special purpose vehicle
KORMUTH HOLDINGS LTD,14-02-2023,CSP GROUP LTD,Licensed,Special purpose vehicle
PWS SPV HOLDINGS LIMITED,14-02-2023,CLARA FORMATIONS LIMITED,Licensed,Special purpose vehicle
ISLA HOLDING LIMITED,14-02-2023,CSP GROUP LTD,Licensed,Special purpose vehicle
SEVEN KINGDOMS HOLDINGS LTD,14-02-2023,PRAXISIFM TRUST LIMITED,Licensed,Special purpose vehicle
EVERYWATCH HOLDINGS LIMITED,14-02-2023,BANKS LEGAL LIMITED,Licensed,Special purpose vehicle
LEMONBUTTER HOLDINGS LIMITED,15-02-2023,ROSEMONT PARTNERS CORPORATE SERVICES LIMITED,Licensed,Special purpose vehicle
DRHERO HOLDING LTD,15-02-2023,CLARA FORMATIONS LIMITED,License cancelled,Special purpose vehicle
REAM HOLDING COMPANY LTD,15-02-2023,10 LEAVES LIMITED,Licensed,Special purpose vehicle
KENSTREAM HOLDINGS LIMITED,15-02-2023,ROSEMONT PARTNERS CORPORATE SERVICES LIMITED,Licensed,Special purpose vehicle
EXPRESS KITCHENS HOLDING LTD,15-02-2023,CLARA FORMATIONS LIMITED,Licensed,Special purpose vehicle
PANDA TECHNOLOGY HOLDINGS LIMITED,15-02-2023,CLARA FORMATIONS LIMITED,Licensed,Special purpose vehicle
2FAST HOLDINGS LIMITED,15-02-2023,CLARA FORMATIONS LIMITED,Licensed,Special purpose vehicle
ADM HOLDING LIMITED,15-02-2023,ACCLIME CORPORATE SERVICES LIMITED,Licensed,Special purpose vehicle
D4 HOLDINGS LTD,16-02-2023,CLARA FORMATIONS LIMITED,Licensed,Special purpose vehicle
SMARTRUCK HOLDING LIMITED,16-02-2023,,License cancelled,Special purpose vehicle
TRDSOCIAL HOLDING LTD,16-02-2023,,Licensed,Special purpose vehicle
HORIZON PARTICIPATION HOLDING IV LIMITED,16-02-2023,PEREGRINE CORPORATE SERVICES LTD,Licensed,Special purpose vehicle
SOUL VENTURES HOLDING LTD,16-02-2023,CLARA FORMATIONS LIMITED,Licensed,Special purpose vehicle
MITHRYL HOLDINGS LIMITED,16-02-2023,CLARA FORMATIONS LIMITED,Licensed,Special purpose vehicle
HYPHEN GROUP HOLDING SPV LIMITED,16-02-2023,AMICORP ADVISORY LIMITED,Licensed,Special purpose vehicle
ADQ FINANCIAL SERVICES HOLDING RSC LTD,17-02-2023,,Licensed,Special purpose vehicle
ASTERISK RSC LTD,17-02-2023,,Licensed,Special purpose vehicle
HERO EXPERIENCES GROUP OF COMPANIES HOLDING LIMITED,17-02-2023,CLARA FORMATIONS LIMITED,Licensed,Special purpose vehicle
TAP HOLDINGS LIMITED,17-02-2023,M-HQ LTD,Licensed,Special purpose vehicle
NUMI HOLDING LTD,17-02-2023,ASSISS LTD,License cancelled,Special purpose vehicle
AZIMUT DIGITECH MENA VC GP LIMITED,17-02-2023,,Licensed,Special purpose vehicle
MONTRA SPV LIMITED,17-02-2023,PRAXISIFM TRUST LIMITED,Licensed,Special purpose vehicle
ADRIVIA FOUNDATION,17-02-2023,PIFM CORPORATE SERVICES LIMITED,License cancelled,Foundation
TESTUDO SPV RSC LTD,20-02-2023,,Licensed,Special purpose vehicle
RAKNA TECHNOLOGY HOLDING LTD,20-02-2023,,Licensed,Special purpose vehicle
WHITESAND HOLDING LIMITED,20-02-2023,ACCLIME CORPORATE SERVICES LIMITED,Licensed,Special purpose vehicle
MOOLA HOLDINGS LIMITED,20-02-2023,CLARA FORMATIONS LIMITED,Licensed,Special purpose vehicle
DUNE ONE GP LIMITED,20-02-2023,ACCLIME CORPORATE SERVICES LIMITED,Licensed,Special purpose vehicle
BLUE HERON SPV LIMITED,20-02-2023,PRAXISIFM TRUST LIMITED,Licensed,Special purpose vehicle
GHITHA ENTERPRISES HOLDING RSC LTD,20-02-2023,CROWE MAK LLP,Licensed,Special purpose vehicle
WALAPLUS HOLDING LIMITED,21-02-2023,,Licensed,Special purpose vehicle
HORIZON PARTICIPATION HOLDING V LIMITED,21-02-2023,PEREGRINE CORPORATE SERVICES LTD,Licensed,Special purpose vehicle
JTJ MIDDLE EAST HOLDINGS LIMITED,21-02-2023,ASSISS LTD,Licensed,Special purpose vehicle
TELAHEALTH.COM SOLUTIONS SPV LTD,21-02-2023,WALKERS PROFESSIONAL SERVICES (MIDDLE EAST) LIMITED,License cancelled,Special purpose vehicle
VEHA HOLDING LIMITED,21-02-2023,ELNAGGAR & PARTNERS LIMITED,License cancelled,Special purpose vehicle
HORIZON PARTICIPATION HOLDING VII LIMITED,21-02-2023,PEREGRINE CORPORATE SERVICES LTD,Licensed,Special purpose vehicle
MOMENTUM GROUP HOLDING RSC LTD,21-02-2023,ACCLIME CORPORATE SERVICES LIMITED,Licensed,Special purpose vehicle
REEM INVESTMENT HOLDING LIMITED,22-02-2023,PEREGRINE CORPORATE SERVICES LTD,Licensed,Special purpose vehicle
MZ INVESTMENTS SPV LIMITED,22-02-2023,,Licensed,Special purpose vehicle
FORT ENERGY REFINING MIDDLE EAST HOLDINGS LTD,22-02-2023,ACCLIME CORPORATE SERVICES LIMITED,Licensed,Special purpose vehicle
REDWOOD BIOTECH HOLDING LTD,22-02-2023,10 LEAVES LIMITED,License cancelled,Special purpose vehicle
ACACIA LIFE SCIENCES HOLDING LTD,22-02-2023,10 LEAVES LIMITED,License cancelled,Special purpose vehicle
BLUE REFINING HOLDING LIMITED,23-02-2023,AL TAMIMI & CO. CORPORATE SERVICES LIMITED,License cancelled,Special purpose vehicle
OCEAN REFINING HOLDING LIMITED,23-02-2023,AL TAMIMI & CO. CORPORATE SERVICES LIMITED,License cancelled,Special purpose vehicle
NASIYA SPV 1 LTD,23-02-2023,M-HQ LTD,Licensed,Special purpose vehicle
ENZA GROUP HOLDING LIMITED,23-02-2023,CLARA FORMATIONS LIMITED,Licensed,Special purpose vehicle
ZERO EMIT SOLUTIONS HOLDINGS LTD,23-02-2023,CLARA FORMATIONS LIMITED,Licensed,Special purpose vehicle
MOMENTUM HOLDING RSC LTD,23-02-2023,ACCLIME CORPORATE SERVICES LIMITED,Licensed,Special purpose vehicle
REACH FINTECH HOLDING LIMITED,24-02-2023,,License cancelled,Special purpose vehicle
WECOVER HOLDING LTD,24-02-2023,,License cancelled,Special purpose vehicle
CATCHYZ HOLDING LTD,24-02-2023,,License cancelled,Special purpose vehicle
EMA HOLDINGS LIMITED,24-02-2023,SANCTUARY CORPORATE SERVICES FZ LLC,Licensed,Special purpose vehicle
SECOND WAVE INVESTMENT LTD,24-02-2023,ACCLIME CORPORATE SERVICES LIMITED,Licensed,Special purpose vehicle
MOMENTUM IPCO HOLDING RSC LTD,24-02-2023,ACCLIME CORPORATE SERVICES LIMITED,Licensed,Special purpose vehicle
ELITE INVESTMENT HOLDING RSC LTD,24-02-2023,ASSISS LTD,Licensed,Special purpose vehicle
ENVESTCOM HOLDING RSC LTD,24-02-2023,ASSISS LTD,Licensed,Special purpose vehicle
GANS SPV LIMITED,27-02-2023,,License cancelled,Special purpose vehicle
ZOODUZ HOLDING LIMITED,27-02-2023,IDARAH CORPORATE LIMITED,Licensed,Special purpose vehicle
FIBONACCI ASSETS SPV LIMITED,27-02-2023,,License cancelled,Special purpose vehicle
FITNESS WAVE HOLDINGS LIMITED,27-02-2023,EQUIOM CORPORATE SERVICES (MIDDLE EAST) LTD,License cancelled,Special purpose vehicle
MH 1 RSC LTD,27-02-2023,ACCLIME CORPORATE SERVICES LIMITED,Licensed,Special purpose vehicle
PLATINUM PEREGRINE A 2012 RSC LIMITED,28-02-2023,,Licensed,Special purpose vehicle
PLATINUM MAKDOR B 2006 RSC LIMITED,28-02-2023,,Licensed,Special purpose vehicle
VILLA 171 HOLDING RSC LTD,28-02-2023,ASSISS LTD,License cancelled,Special purpose vehicle
RJ SEVENTH II HOLDING LIMITED,28-02-2023,CLARA FORMATIONS LIMITED,Licensed,Special purpose vehicle
SUGARMOO HOLDING LTD,28-02-2023,SANCTUARY CORPORATE SERVICES FZ LLC,Licensed,Special purpose vehicle
TS DYNAMIC HOLDINGS LIMITED,28-02-2023,ROSEMONT PARTNERS CORPORATE SERVICES LIMITED,Licensed,Special purpose vehicle
MH2 RSC LTD,28-02-2023,ACCLIME CORPORATE SERVICES LIMITED,Licensed,Special purpose vehicle
PLATINUM ALPHA A24 B 2013 RSC LIMITED,28-02-2023,,Licensed,Special purpose vehicle
PEARL INVESTMENT HOLDING RSC LIMITED,01-03-2023,AL TAMIMI & CO. CORPORATE SERVICES LIMITED,Licensed,Special purpose vehicle
NOVA ONE SPV LIMITED,01-03-2023,J. AWAN & PARTNERS LIMITED,Licensed,Special purpose vehicle
GENERACION CODE SPV LIMITED,01-03-2023,,Licensed,Special purpose vehicle
ADNOC INTERNATIONAL INVESTMENTS RSC LTD,02-03-2023,,Licensed,Special purpose vehicle
RETAILO GROUP HOLDING LIMITED,02-03-2023,CLARA FORMATIONS LIMITED,Licensed,Special purpose vehicle
WAVES MARINE HOLDING LTD,02-03-2023,10 LEAVES LIMITED,Licensed,Special purpose vehicle
BALIVEST HOLDING LTD,02-03-2023,CSP GROUP LTD,Licensed,Special purpose vehicle
TIJAH HOLDING LIMITED,03-03-2023,ROSEMONT PARTNERS CORPORATE SERVICES LIMITED,Licensed,Special purpose vehicle
TERRADA HOLDINGS LIMITED,03-03-2023,ROSEMONT PARTNERS CORPORATE SERVICES LIMITED,Licensed,Special purpose vehicle
THE TOTAL OFFICE GROUP SPV LIMITED,06-03-2023,ROSEMONT PARTNERS CORPORATE SERVICES LIMITED,Licensed,Special purpose vehicle
INGAME HOLDINGS LIMITED,06-03-2023,10 LEAVES LIMITED,Licensed,Special purpose vehicle
CARNISTORE HOLDINGS LIMITED,06-03-2023,CLARA FORMATIONS LIMITED,Licensed,Special purpose vehicle
CLOUD BRIDGE HOLDING LIMITED,07-03-2023,MOORE JFC LIMITED,Licensed,Special purpose vehicle
MYCO DIGITAL HOLDINGS LIMITED,07-03-2023,STROLLA LLP,Licensed,Special purpose vehicle
PASSION HOLDINGS LTD,07-03-2023,10 LEAVES LIMITED,Licensed,Special purpose vehicle
TAP PAYMENTS HOLDINGS LIMITED,07-03-2023,M-HQ LTD,Licensed,Special purpose vehicle
KALAMASHII SPV LTD,07-03-2023,COUNSEL SERVICES LIMITED,Licensed,Special purpose vehicle
SERENITY INVESTMENTS RSC LTD,07-03-2023,,Licensed,Special purpose vehicle
XBD HOLDINGS LTD,08-03-2023,IDARAH CORPORATE LIMITED,Licensed,Special purpose vehicle
DELTA INVESTMENTS HOLDING LTD,09-03-2023,,License cancelled,Special purpose vehicle
AGL HOLDINGS LTD,09-03-2023,CSP GROUP LTD,License cancelled,Special purpose vehicle
GHABA HOLDINGS LIMITED,09-03-2023,CLARA FORMATIONS LIMITED,Licensed,Special purpose vehicle
KALE HOLDINGS RSC LIMITED,09-03-2023,,Licensed,Special purpose vehicle
SIGMA RSC LTD,09-03-2023,WALKERS PROFESSIONAL SERVICES (MIDDLE EAST) LIMITED,Licensed,Special purpose vehicle
AURORA HOLDING COMPANY LIMITED,10-03-2023,INTERTRUST (MIDDLE EAST) LTD,Licensed,Special purpose vehicle
TATAYAB INTERNATIONAL HOLDINGS LIMITED,10-03-2023,,Licensed,Special purpose vehicle
RENO HOME HOLDINGS LIMITED,10-03-2023,CLARA FORMATIONS LIMITED,Licensed,Special purpose vehicle
EVENKA HOLDINGS LTD,13-03-2023,,Licensed,Special purpose vehicle
EXSTOLA HOLDINGS LIMITED,13-03-2023,,Licensed,Special purpose vehicle
DON HOLDINGS LIMITED,13-03-2023,,Licensed,Special purpose vehicle
MIT HYDROGEN MIDDLE EAST HOLDINGS LIMITED,13-03-2023,CSP GROUP LTD,Licensed,Special purpose vehicle
ARVET HOLDINGS LIMITED,13-03-2023,,Licensed,Special purpose vehicle
BECOLANA HOLDINGS LIMITED,13-03-2023,,Licensed,Special purpose vehicle
BEGUR HOLDINGS LIMITED,13-03-2023,,Licensed,Special purpose vehicle
POPERAL HOLDINGS LTD,13-03-2023,,Licensed,Special purpose vehicle
PACKDEALS HOLDING COMPANY LIMITED,13-03-2023,CLARA FORMATIONS LIMITED,Licensed,Special purpose vehicle
MARYAM AL MADINA SUPERMARKET HOLDING LIMITED,13-03-2023,CROWE MAK LLP,License cancelled,Special purpose vehicle
NUMERAIRE FUTURE TRENDS HOLDINGS LIMITED,13-03-2023,CLARA FORMATIONS LIMITED,Licensed,Special purpose vehicle
VERTEX ENGINEERING HOLDING LIMITED,13-03-2023,,Licensed,Special purpose vehicle
OD HOLDINGS LTD,13-03-2023,CSP GROUP LTD,License cancelled,Special purpose vehicle
INARI FOUNDATION,13-03-2023,M-HQ LTD,Licensed,Foundation
SERENITY FOUNDATION,13-03-2023,M-HQ LTD,Licensed,Foundation
SILAL INTERNATIONAL VENTURES RSC LTD,14-03-2023,WALKERS PROFESSIONAL SERVICES (MIDDLE EAST) LIMITED,Licensed,Special purpose vehicle
NREC INTERNATIONAL INVESTMENT HOLDING LTD,14-03-2023,PEREGRINE CORPORATE SERVICES LTD,Licensed,Special purpose vehicle
MTVZ HOLDINGS SPV LIMITED,14-03-2023,,License cancelled,Special purpose vehicle
KUWAITI NATIONAL REAL ESTATE HOLDING LTD,15-03-2023,PEREGRINE CORPORATE SERVICES LTD,Licensed,Special purpose vehicle
KUWAITI NATIONAL INVESTMENT HOLDING LTD,15-03-2023,PEREGRINE CORPORATE SERVICES LTD,Licensed,Special purpose vehicle
ARZAN VC GP III LTD,15-03-2023,,License cancelled,Special purpose vehicle
FFS MIDDLE EAST VENTURE HOLDING LIMITED,15-03-2023,KALANTAR BUSINESS LAW GROUP LTD,Licensed,Special purpose vehicle
GLOBAL VALLEY HOLDING SPV LTD,15-03-2023,ACCLIME CORPORATE SERVICES LIMITED,Licensed,Special purpose vehicle
NEF GLOBAL HOLDINGS LIMITED,15-03-2023,KALANTAR BUSINESS LAW GROUP LTD,Licensed,Special purpose vehicle
LUXOR SPV 2 LTD,15-03-2023,M-HQ LTD,Licensed,Special purpose vehicle
MAG HOLDING LIMITED,16-03-2023,,Licensed,Special purpose vehicle
AJASI HOLDINGS LTD,16-03-2023,PRAXISIFM TRUST LIMITED,Licensed,Special purpose vehicle
RUSBOND HOLDING SPV LIMITED,16-03-2023,ACCLIME CORPORATE SERVICES LIMITED,Licensed,Special purpose vehicle
NUMU HOLDING LTD,16-03-2023,CLARA FORMATIONS LIMITED,License cancelled,Special purpose vehicle
SPORTS LAB VENTURES HOLDINGS LIMITED,16-03-2023,CLARA FORMATIONS LIMITED,Licensed,Special purpose vehicle
CONFIANCE ENTERPRISE RSC LTD,16-03-2023,ASSISS LTD,Licensed,Special purpose vehicle
BONFOI INVESTMENT RSC LTD,16-03-2023,ASSISS LTD,Licensed,Special purpose vehicle
MJKBOND HOLDING SPV LIMITED,17-03-2023,ACCLIME CORPORATE SERVICES LIMITED,Licensed,Special purpose vehicle
PHI HOLDINGS LIMITED,17-03-2023,,Licensed,Special purpose vehicle
PETSFIRST HOLDINGS LIMITED,17-03-2023,CLARA FORMATIONS LIMITED,Licensed,Special purpose vehicle
MJJ PROPERTY HOLDING LTD,17-03-2023,ROSEMONT PARTNERS CORPORATE SERVICES LIMITED,Licensed,Special purpose vehicle
AAA LOGISTICS HOLDING LTD,20-03-2023,ROSEMONT PARTNERS CORPORATE SERVICES LIMITED,Licensed,Special purpose vehicle
FUTURBYTE HOLDINGS LIMITED,20-03-2023,CLARA FORMATIONS LIMITED,Licensed,Special purpose vehicle
OSB INVESTMENT SPV HOLDING LIMITED,20-03-2023,ACCLIME CORPORATE SERVICES LIMITED,Licensed,Special purpose vehicle
BYANAT HOLDINGS LIMITED,20-03-2023,CLARA FORMATIONS LIMITED,Licensed,Special purpose vehicle
HADRIAN CAPITAL HOLDINGS LIMITED,20-03-2023,CSP GROUP LTD,Licensed,Special purpose vehicle
OPENHUB HOLDINGS LTD,21-03-2023,CLARA FORMATIONS LIMITED,Licensed,Special purpose vehicle
IN MOTION HOLDING LIMITED,21-03-2023,,Licensed,Special purpose vehicle
TURN1 HOLDINGS LTD,21-03-2023,J. AWAN & PARTNERS LIMITED,Licensed,Special purpose vehicle
PEAK ENTERPRISES RSC LIMITED,22-03-2023,AL TAMIMI & CO. CORPORATE SERVICES LIMITED,Licensed,Special purpose vehicle
TITAN CAPITAL HOLDING LIMITED,22-03-2023,EQUIOM CORPORATE SERVICES (MIDDLE EAST) LTD,Licensed,Special purpose vehicle
SB MEDIA HOLDING LIMITED,22-03-2023,ELNAGGAR & PARTNERS LIMITED,Licensed,Special purpose vehicle
FORWARD GREEN LIMITED,22-03-2023,,Licensed,Special purpose vehicle
DAF 1 SPV LTD,22-03-2023,ASSISS LTD,Licensed,Special purpose vehicle
ALDAR DEVELOPMENT HOLDINGS LIMITED,22-03-2023,,Licensed,Special purpose vehicle
ALLON GROUP HOLDING LTD,22-03-2023,SWISS GROUP LEGAL LTD,Licensed,Special purpose vehicle
ALDAR EDUCATION OVERSEAS HOLDING LIMITED,22-03-2023,,Licensed,Special purpose vehicle
ALDAR DEVELOPMENT (UK) HOLDINGS LIMITED,22-03-2023,,Licensed,Special purpose vehicle
ALDAR HAMRA HOLDINGS LIMITED,22-03-2023,,Licensed,Special purpose vehicle
FSI MARATHON PROJECT 1 HOLDING LIMITED,22-03-2023,,Licensed,Special purpose vehicle
PLATINUM GLOBE A 2013 RSC LIMITED,22-03-2023,,Licensed,Special purpose vehicle
AFLAJ AMI INVESTMENT RSC LTD,23-03-2023,ASSISS LTD,Licensed,Special purpose vehicle
LUCID HOLDCO LIMITED,23-03-2023,ACCLIME CORPORATE SERVICES LIMITED,Licensed,Special purpose vehicle
ZERAM HOLDINGS LIMITED,23-03-2023,INP IBRAHIM N PARTNERS LEGAL CONSULTANCY LTD,Licensed,Special purpose vehicle
AQ GLOBAL SERVICES HOLDING LTD,23-03-2023,CSP GROUP LTD,Licensed,Special purpose vehicle
BEDU HOLDINGS LIMITED,23-03-2023,ACCLIME CORPORATE SERVICES LIMITED,Licensed,Special purpose vehicle
PLATINUM PEONY B 2023 RSC LIMITED,23-03-2023,,Licensed,Special purpose vehicle
BOSSINA HOLDINGS LIMITED,24-03-2023,,Licensed,Special purpose vehicle
LEIFER HOLDINGS LIMITED,24-03-2023,,Licensed,Special purpose vehicle
NENNING HOLDINGS LIMITED,24-03-2023,,Licensed,Special purpose vehicle
PAWPOTS HOLDINGS LIMITED,24-03-2023,CLARA FORMATIONS LIMITED,Licensed,Special purpose vehicle
EMINENT HOLDING LIMITED,24-03-2023,,Licensed,Special purpose vehicle
SOMA COLLECTIVE HOLDING LTD,24-03-2023,ASSISS LTD,License cancelled,Special purpose vehicle
AL HUSAM HOLDING SPV LIMITED,24-03-2023,ACCLIME CORPORATE SERVICES LIMITED,License cancelled,Special purpose vehicle
OCIOR ENERGY SPV TWO LIMITED,27-03-2023,CLARA FORMATIONS LIMITED,Licensed,Special purpose vehicle
H&H CAPITAL GROUP HOLDING LIMITED,27-03-2023,GRIFFIN CORPORATE SERVICES LTD,Licensed,Special purpose vehicle
ALDAR HOLDINGS 10 LIMITED,27-03-2023,,Licensed,Special purpose vehicle
CYBERARROW HOLDINGS LIMITED,27-03-2023,CLARA FORMATIONS LIMITED,Licensed,Special purpose vehicle
SINYAR HOLDING RSC LTD,27-03-2023,,Licensed,Special purpose vehicle
PADASTRO HOLDINGS LIMITED,28-03-2023,,Licensed,Special purpose vehicle
RAHA HOLDING LTD,28-03-2023,CLARA FORMATIONS LIMITED,Licensed,Special purpose vehicle
LILAC HOLDING LTD,28-03-2023,ACCLIME CORPORATE SERVICES LIMITED,Licensed,Special purpose vehicle
UNIFLY HOLDING LIMITED,28-03-2023,STROLLA LLP,Licensed,Special purpose vehicle
ASTORIA SHUTTLE HOLDINGS LTD,28-03-2023,AL TAMIMI & CO. CORPORATE SERVICES LIMITED,Licensed,Special purpose vehicle
VARIABLE ONE HOLDING LTD,28-03-2023,10 LEAVES LIMITED,Licensed,Special purpose vehicle
MAYAM CAPITAL SPV LIMITED,28-03-2023,M-HQ LTD,Licensed,Special purpose vehicle
GREEN VITALITY RSC LTD,29-03-2023,CROWE MAK LLP,Licensed,Special purpose vehicle
FP INVESTMENTS HOLDING LTD,29-03-2023,CLARA FORMATIONS LIMITED,Licensed,Special purpose vehicle
ADDUP INVESTMENT HOLDINGS LIMITED,29-03-2023,,Licensed,Special purpose vehicle
DONADIO HOLDINGS LIMITED,29-03-2023,,Licensed,Special purpose vehicle
AQ GLOBAL HOLDING LTD,29-03-2023,CSP GROUP LTD,Licensed,Special purpose vehicle
SHORT-BRIDGE INVESTMENT HOLDING LTD,29-03-2023,ASSISS LTD,Licensed,Special purpose vehicle
NASIYA SPV 2 LTD,29-03-2023,M-HQ LTD,Licensed,Special purpose vehicle
AVENIR INVESTMENT RSC LTD,29-03-2023,CROWE MAK LLP,Licensed,Special purpose vehicle
CONNAISSANCE INVESTMENT RSC LTD,29-03-2023,CROWE MAK LLP,Licensed,Special purpose vehicle
AUGMEN ENTERPRISE RSC LTD,29-03-2023,CROWE MAK LLP,Licensed,Special purpose vehicle
MMA HOLDING LTD,30-03-2023,10 LEAVES LIMITED,Licensed,Special purpose vehicle
XOTUS HOLDINGS LIMITED,30-03-2023,,Licensed,Special purpose vehicle
DAMICON HOLDINGS LIMITED,30-03-2023,,Licensed,Special purpose vehicle
LISAN HOLDINGS LIMITED,30-03-2023,CLARA FORMATIONS LIMITED,Licensed,Special purpose vehicle
ATLAS SPV LTD,30-03-2023,,Licensed,Special purpose vehicle
AB AI 101 HOLDING LIMITED,30-03-2023,ELNAGGAR & PARTNERS LIMITED,Licensed,Special purpose vehicle
K2 HOLDINGS LIMITED,30-03-2023,EQUIOM CORPORATE SERVICES (MIDDLE EAST) LTD,Licensed,Special purpose vehicle
TEALBOND CAPITAL HOLDINGS LTD,30-03-2023,CLARA FORMATIONS LIMITED,Licensed,Special purpose vehicle
EXAFY HOLDINGS LTD,30-03-2023,CLARA FORMATIONS LIMITED,Licensed,Special purpose vehicle
BLUEWORLD.AI HOLDING LIMITED,31-03-2023,CROWE MAK LLP,Licensed,Special purpose vehicle
FINSCHIA FOUNDATION,31-03-2023,KPI AHLI CHARTERED ACCOUNTANTS,Licensed,Foundation
SAND HOLDINGS LIMITED,02-04-2023,CLARA FORMATIONS LIMITED,Licensed,Special purpose vehicle
ALPHA EDUCATION SPV LIMITED,03-04-2023,MAPLES FIDUCIARY SERVICES (MIDDLE EAST) LIMITED,Licensed,Special purpose vehicle
3AH HOLDING LTD,03-04-2023,ELNAGGAR & PARTNERS LIMITED,Licensed,Special purpose vehicle
COGNNA HOLDINGS LIMITED,03-04-2023,CLARA FORMATIONS LIMITED,Licensed,Special purpose vehicle
WFB MENA HOLDINGS LTD,03-04-2023,CSP GROUP LTD,Licensed,Special purpose vehicle
CKC HOLDING LIMITED,04-04-2023,,Licensed,Special purpose vehicle
TORO D’ORO INVESTMENT HOLDINGS LIMITED,04-04-2023,CLARA FORMATIONS LIMITED,License cancelled,Special purpose vehicle
GREENWOOD SPV HOLDINGS LIMITED,04-04-2023,CLARA FORMATIONS LIMITED,Licensed,Special purpose vehicle
RONI HOLDINGS LIMITED,04-04-2023,CLARA FORMATIONS LIMITED,Licensed,Special purpose vehicle
GAMECORP HOLDINGS LIMITED,04-04-2023,CLARA FORMATIONS LIMITED,Licensed,Special purpose vehicle
PLATINUM SQUARE B 2017 RSC LIMITED,05-04-2023,,Licensed,Special purpose vehicle
BEEHIVE GROUP HOLDINGS LIMITED,05-04-2023,CLARA FORMATIONS LIMITED,Licensed,Special purpose vehicle
MIDIFI HOLDING LIMITED,05-04-2023,CLARA FORMATIONS LIMITED,Licensed,Special purpose vehicle
MOBILITY CAPITAL PREFERRED HOLDING LTD,05-04-2023,CSP GROUP LTD,Licensed,Special purpose vehicle
PLATINUM RIVER A 2013 RSC LIMITED,05-04-2023,,Licensed,Special purpose vehicle
PLATINUM MOON B 2017 RSC LIMITED,06-04-2023,,Licensed,Special purpose vehicle
SHAKAR HOLDINGS LIMITED,06-04-2023,ASSISS LTD,License cancelled,Special purpose vehicle
OB HOLDINGS LIMITED,07-04-2023,,Licensed,Special purpose vehicle
MOOVIE HOLDING LIMITED,07-04-2023,STROLLA LLP,Licensed,Special purpose vehicle
TAKAFUL BAZAAR HOLDINGS LTD,07-04-2023,AL TAMIMI & CO. CORPORATE SERVICES LIMITED,License cancelled,Special purpose vehicle
AL BATEEN SPV LIMITED,07-04-2023,CLYDE SERVICES LIMITED,Licensed,Special purpose vehicle
MOBILITY CAPITAL HOLDING LTD,07-04-2023,CSP GROUP LTD,Licensed,Special purpose vehicle
NEKO FOUNDATION,07-04-2023,ACCLIME CORPORATE SERVICES LIMITED,Licensed,Foundation
LIVLYT HOLDINGS LIMITED,10-04-2023,CLARA FORMATIONS LIMITED,Licensed,Special purpose vehicle
EMERALD INVESTMENT HOLDING LIMITED,10-04-2023,SANCTUARY CORPORATE SERVICES FZ LLC,Licensed,Special purpose vehicle
ERZ HOLDING LIMITED,10-04-2023,COUNSEL SERVICES LIMITED,Licensed,Special purpose vehicle
ANDROMEDA HOLDING LIMITED,10-04-2023,ROSEMONT PARTNERS CORPORATE SERVICES LIMITED,Licensed,Special purpose vehicle
NEW HORIZON GROUP HOLDING LIMITED,10-04-2023,,Licensed,Special purpose vehicle
PAPEL HOLDING SPV LTD,10-04-2023,WALKERS PROFESSIONAL SERVICES (MIDDLE EAST) LIMITED,Licensed,Special purpose vehicle
BUCCARA MIDDLE EAST SPV LTD,10-04-2023,AL TAMIMI & CO. CORPORATE SERVICES LIMITED,Licensed,Special purpose vehicle
AL AIN CAPITAL OVERSEAS RSC LIMITED,10-04-2023,CLARA FORMATIONS LIMITED,Licensed,Special purpose vehicle
HALA FOUNDERS HOLDING LIMITED,11-04-2023,CLARA FORMATIONS LIMITED,License cancelled,Special purpose vehicle
UPFRONT HOLDINGS LIMITED,11-04-2023,,Licensed,Special purpose vehicle
AAA HOLDING LIMITED,11-04-2023,ELNAGGAR & PARTNERS LIMITED,Licensed,Special purpose vehicle
PLATINUM ALYSSUM B 2023 RSC LIMITED,12-04-2023,,Licensed,Special purpose vehicle
SADQ HOLDINGS LIMITED,12-04-2023,CLARA FORMATIONS LIMITED,Licensed,Special purpose vehicle
LIKECARD CO HOLDING LIMITED,12-04-2023,CROWE MAK LLP,Licensed,Special purpose vehicle
HUPE HOLDINGS LIMITED,12-04-2023,,Licensed,Special purpose vehicle
EXPANSION PROJECT TECHNOLOGIES HOLDING 5 SPV RSC LTD,13-04-2023,,Licensed,Special purpose vehicle
EXPANSION PROJECT TECHNOLOGIES HOLDING 6 SPV RSC LTD,13-04-2023,,Licensed,Special purpose vehicle
SYNERGY RSC LTD,13-04-2023,,Licensed,Special purpose vehicle
SANAD AD 88 HOLDINGS RSC LIMITED,13-04-2023,,Licensed,Special purpose vehicle
WIZZFINANCIAL DIGITAL INFRASTRUCTURE HOLDING LTD,13-04-2023,WALKERS PROFESSIONAL SERVICES (MIDDLE EAST) LIMITED,License cancelled,Special purpose vehicle
ZIMAYA HOLDINGS LIMITED,13-04-2023,SANCTUARY CORPORATE SERVICES FZ LLC,Licensed,Special purpose vehicle
SPARKLO GLOBAL HOLDINGS LTD,13-04-2023,ROSEMONT PARTNERS CORPORATE SERVICES LIMITED,Licensed,Special purpose vehicle
EXPANSION PROJECT TECHNOLOGIES HOLDING 2 SPV RSC LTD,13-04-2023,,Licensed,Special purpose vehicle
EXPANSION PROJECT TECHNOLOGIES HOLDING 3 SPV RSC LTD,13-04-2023,,Licensed,Special purpose vehicle
EXPANSION PROJECT TECHNOLOGIES HOLDING 4 SPV RSC LTD,13-04-2023,,Licensed,Special purpose vehicle
EXPANSION PROJECT TECHNOLOGIES HOLDING 7 SPV RSC LTD,13-04-2023,,Licensed,Special purpose vehicle
EXPANSION PROJECT TECHNOLOGIES HOLDING 8 SPV RSC LTD,13-04-2023,,Licensed,Special purpose vehicle
EXPANSION PROJECT TECHNOLOGIES HOLDING 10 SPV RSC LTD,14-04-2023,,Licensed,Special purpose vehicle
EXPANSION PROJECT TECHNOLOGIES HOLDING 11 SPV RSC LTD,14-04-2023,,Licensed,Special purpose vehicle
EXPANSION PROJECT TECHNOLOGIES HOLDING 12 SPV RSC LTD,14-04-2023,,Licensed,Special purpose vehicle
EXPANSION PROJECT TECHNOLOGIES HOLDING 15 SPV RSC LTD,14-04-2023,,Licensed,Special purpose vehicle
EXPANSION PROJECT TECHNOLOGIES HOLDING 16 SPV RSC LTD,14-04-2023,,Licensed,Special purpose vehicle
EXPANSION PROJECT TECHNOLOGIES HOLDING 17 SPV RSC LTD,14-04-2023,,Licensed,Special purpose vehicle
EXPANSION PROJECT TECHNOLOGIES HOLDING 18 SPV RSC LTD,14-04-2023,,Licensed,Special purpose vehicle
EXPANSION PROJECT TECHNOLOGIES HOLDING 19 SPV RSC LTD,14-04-2023,,Licensed,Special purpose vehicle
MC CATALYST CARRY VEHICLE RSC LIMITED,14-04-2023,MAPLES FIDUCIARY SERVICES (MIDDLE EAST) LIMITED,Licensed,Special purpose vehicle
CARLIGA HOLDINGS LIMITED,14-04-2023,,Licensed,Special purpose vehicle
OAK TREE CAPITAL HOLDING LTD,14-04-2023,CLARA FORMATIONS LIMITED,Licensed,Special purpose vehicle
MOUSSALLY HOLDING LIMITED,14-04-2023,CLARA FORMATIONS LIMITED,Licensed,Special purpose vehicle
STRYDE HOLDINGS LIMITED,14-04-2023,CLARA FORMATIONS LIMITED,Licensed,Special purpose vehicle
EXPANSION PROJECT TECHNOLOGIES HOLDING 9 SPV RSC LTD,14-04-2023,,Licensed,Special purpose vehicle
QUANTUM WEALTH HOLDING SPV LIMITED,17-04-2023,EQUIOM CORPORATE SERVICES (MIDDLE EAST) LTD,Licensed,Special purpose vehicle
QDS HOLDINGS LTD,17-04-2023,CLARA FORMATIONS LIMITED,Licensed,Special purpose vehicle
LOGISTICS PARKS SAUDI HOLDING LIMITED,17-04-2023,PEREGRINE CORPORATE SERVICES LTD,Licensed,Special purpose vehicle
ALNSER HOLDING LTD,17-04-2023,ASSISS LTD,Licensed,Special purpose vehicle
KS HOLDINGS LIMITED,17-04-2023,,Licensed,Special purpose vehicle
PLATINUM BOULDER B 2014 RSC LIMITED,18-04-2023,,Licensed,Special purpose vehicle
ORA DEVELOPERS INVESTMENT HOLDING LIMITED,18-04-2023,INTERTRUST (MIDDLE EAST) LTD,Licensed,Special purpose vehicle
WOFL HOLDINGS LIMITED,18-04-2023,TMF GROUP FIDUCIARY SERVICES LIMITED,Licensed,Special purpose vehicle
PARC DU CAP HOLIDAY HOME SPV LIMITED,18-04-2023,HISTORY LIMITED,Licensed,Special purpose vehicle
Y1907 FOUNDATION,18-04-2023,GRIFFIN CORPORATE SERVICES LTD,Licensed,Foundation
ALUROLL SPV LIMITED,19-04-2023,CSP GROUP LTD,Licensed,Special purpose vehicle
AIMTHORN HOLDINGS LIMITED,19-04-2023,,Licensed,Special purpose vehicle
LORENIA HOLDINGS LIMITED,19-04-2023,,Licensed,Special purpose vehicle
SINELTO HOLDING LTD,19-04-2023,,Licensed,Special purpose vehicle
SOUTHERN COMPANY HOLDINGS LIMITED,19-04-2023,,Licensed,Special purpose vehicle
HIVE SPV 3 LTD,19-04-2023,10 LEAVES LIMITED,Licensed,Special purpose vehicle
HPK SBM SPV LIMITED,19-04-2023,,Licensed,Special purpose vehicle
TASKEER HOLDINGS LIMITED,19-04-2023,,Licensed,Special purpose vehicle
HBA FOUNDATION,19-04-2023,M-HQ LTD,License cancelled,Foundation
AGNAM8 HOLDINGS LIMITED,24-04-2023,MOORE JFC LIMITED,Licensed,Special purpose vehicle
CARVING FUTURES SPV LIMITED,24-04-2023,10 LEAVES LIMITED,Licensed,Special purpose vehicle
ALIA DEVELOPMENTS SPV LIMITED,24-04-2023,CLYDE SERVICES LIMITED,Licensed,Special purpose vehicle
CAPITAL CARE BARAKAT HOLDING LTD,25-04-2023,SWISS GROUP LEGAL LTD,Licensed,Special purpose vehicle
LOGISTICS MASTERS HOLDINGS LIMITED,25-04-2023,,Licensed,Special purpose vehicle
FRACTAL HOLDING LIMITED,25-04-2023,,License cancelled,Special purpose vehicle
AURELIS HOLDINGS LIMITED,25-04-2023,M-HQ LTD,License cancelled,Special purpose vehicle
CEYCARB GLOBAL HOLDING LIMITED,25-04-2023,SANCTUARY CORPORATE SERVICES FZ LLC,License cancelled,Special purpose vehicle
VOYBEE HOLDING LIMITED,25-04-2023,,License cancelled,Special purpose vehicle
RAD HOLDINGS LIMITED,25-04-2023,,Licensed,Special purpose vehicle
RAKC HOLDINGS LTD,26-04-2023,ROSEMONT PARTNERS CORPORATE SERVICES LIMITED,Licensed,Special purpose vehicle
PLATINUM POWER B 2017 RSC LIMITED,27-04-2023,,Licensed,Special purpose vehicle
OPEN HOLDINGS LIMITED,27-04-2023,CLARA FORMATIONS LIMITED,License cancelled,Special purpose vehicle
ZR2 GROUP HOLDINGS LTD,27-04-2023,CSP GROUP LTD,Licensed,Special purpose vehicle
MASARRAH HOLDINGS LIMITED,27-04-2023,ROSEMONT PARTNERS CORPORATE SERVICES LIMITED,Licensed,Special purpose vehicle
MARLAN HOLDING RSC LTD,27-04-2023,ASSISS LTD,Licensed,Special purpose vehicle
PLATINUM HOTELS C 2013 RSC LIMITED,28-04-2023,,Licensed,Special purpose vehicle
PLATINUM SUMMER B 2013 RSC LIMITED,28-04-2023,,Licensed,Special purpose vehicle
TRUWEALTH HOLDING LIMITED,28-04-2023,,License cancelled,Special purpose vehicle
MAGNA HOLDINGS LIMITED,28-04-2023,ACCLIME CORPORATE SERVICES LIMITED,Licensed,Special purpose vehicle
D FREIGHT HOLDING LIMITED,01-05-2023,,License cancelled,Special purpose vehicle
ONETREE SPV LTD,01-05-2023,EQUIOM CORPORATE SERVICES (MIDDLE EAST) LTD,Licensed,Special purpose vehicle
FORWARD HEALTH HOLDING LIMITED,01-05-2023,,Licensed,Special purpose vehicle
FIDUS INVESTMENT RSC LTD,02-05-2023,ASSISS LTD,Licensed,Special purpose vehicle
SUNLIGHT ENERGY HOLDING CO. LTD,02-05-2023,ROSEMONT PARTNERS CORPORATE SERVICES LIMITED,Licensed,Special purpose vehicle
SUN GLARE HOLDING CO. LTD,02-05-2023,ROSEMONT PARTNERS CORPORATE SERVICES LIMITED,Licensed,Special purpose vehicle
SAGRADA HOLDINGS LIMITED,02-05-2023,CLARA FORMATIONS LIMITED,Licensed,Special purpose vehicle
13CAL SPORTS HOLDING LTD,02-05-2023,CSP GROUP LTD,Licensed,Special purpose vehicle
TEMPUS HOLDING LIMITED,02-05-2023,M-HQ LTD,Licensed,Special purpose vehicle
TWIN RESIDENTIAL COMPLEX PROJECT 1 HOLDINGS LTD,02-05-2023,AL TAMIMI & CO. CORPORATE SERVICES LIMITED,Licensed,Special purpose vehicle
TWIN RESIDENTIAL COMPLEX PROJECT 2 HOLDINGS LTD,02-05-2023,AL TAMIMI & CO. CORPORATE SERVICES LIMITED,Licensed,Special purpose vehicle
YTI HOLDING LIMITED,02-05-2023,WALKERS PROFESSIONAL SERVICES (MIDDLE EAST) LIMITED,Licensed,Special purpose vehicle
UNION 57 LEASING LIMITED,02-05-2023,WALKERS PROFESSIONAL SERVICES (MIDDLE EAST) LIMITED,Licensed,Special purpose vehicle
UNION 58 LEASING LIMITED,02-05-2023,WALKERS PROFESSIONAL SERVICES (MIDDLE EAST) LIMITED,License cancelled,Special purpose vehicle
DIAGNOSTICA HOLDING LTD,02-05-2023,WALKERS PROFESSIONAL SERVICES (MIDDLE EAST) LIMITED,Licensed,Special purpose vehicle
MABLE LABS SPV HOLDINGS LIMITED,02-05-2023,CLARA FORMATIONS LIMITED,Licensed,Special purpose vehicle
NM ACQUISITION HOLDINGS LIMITED,02-05-2023,CLARA FORMATIONS LIMITED,Licensed,Special purpose vehicle
SIDRA HOLDING RSC LIMITED,03-05-2023,STROLLA LLP,Licensed,Special purpose vehicle
HBA HOLDING LTD,03-05-2023,M-HQ LTD,License cancelled,Special purpose vehicle
RANGE LAND HOLDINGS LIMITED,03-05-2023,M-HQ LTD,License cancelled,Special purpose vehicle
SHUGAH SPV LIMITED,04-05-2023,,Licensed,Special purpose vehicle
TUNGALOY GULF HOLDINGS LTD,04-05-2023,CLARA FORMATIONS LIMITED,Licensed,Special purpose vehicle
NESMA INJAZAT HOLDING LTD,04-05-2023,CSP GROUP LTD,Licensed,Special purpose vehicle
WORLDFIELD INVESTMENT HOLDING LIMITED,05-05-2023,,Licensed,Special purpose vehicle
MASAOOD VB HOLDING LTD,05-05-2023,CROWE MAK LLP,Licensed,Special purpose vehicle
B1 VENTURES HOLDINGS LIMITED,05-05-2023,,Licensed,Special purpose vehicle
BELMAZAD HOLDING LIMITED,05-05-2023,ACCLIME CORPORATE SERVICES LIMITED,Licensed,Special purpose vehicle
BINARY FINANCE GROUP HOLDINGS LTD,05-05-2023,CLARA FORMATIONS LIMITED,Licensed,Special purpose vehicle
S1LK HOLDING LIMITED,05-05-2023,CROWE MAK LLP,Licensed,Special purpose vehicle
FOCUS FOUNDATION,05-05-2023,,Licensed,Foundation
NOVA FOUNDATION,05-05-2023,10 LEAVES LIMITED,Licensed,Foundation
VEGO FOUNDATION,05-05-2023,10 LEAVES LIMITED,Licensed,Foundation
REH HOLDING RSC LTD,08-05-2023,,Licensed,Special purpose vehicle
MC MANAGEMENT 14 RSC LTD,08-05-2023,MAPLES FIDUCIARY SERVICES (MIDDLE EAST) LIMITED,Licensed,Special purpose vehicle
TWOTREE SPV LTD,08-05-2023,EQUIOM CORPORATE SERVICES (MIDDLE EAST) LTD,Licensed,Special purpose vehicle
THREETREE SPV LTD,08-05-2023,EQUIOM CORPORATE SERVICES (MIDDLE EAST) LTD,Licensed,Special purpose vehicle
BAA HOLDING LIMITED,08-05-2023,ACCLIME CORPORATE SERVICES LIMITED,License cancelled,Special purpose vehicle
EAST AND WEST 2 HOLDING LIMITED,08-05-2023,CLYDE SERVICES LIMITED,License cancelled,Special purpose vehicle
EAST AND WEST 1 HOLDING LIMITED,08-05-2023,CLYDE SERVICES LIMITED,License cancelled,Special purpose vehicle
MC MANAGEMENT 13 RSC LTD,08-05-2023,MAPLES FIDUCIARY SERVICES (MIDDLE EAST) LIMITED,Licensed,Special purpose vehicle
AQEEQ HOLDING RSC LTD,09-05-2023,ASSISS LTD,Licensed,Special purpose vehicle
EH INVESTMENT SPV LIMITED,09-05-2023,CROWE MAK LLP,Licensed,Special purpose vehicle
FORTIUS SPV I LIMITED,09-05-2023,M-HQ LTD,License cancelled,Special purpose vehicle
MIHL SPV 3 LTD,09-05-2023,WALKERS PROFESSIONAL SERVICES (MIDDLE EAST) LIMITED,Licensed,Special purpose vehicle
OTODRAW HOLDING LIMITED,10-05-2023,STROLLA LLP,Licensed,Special purpose vehicle
NIGHTJAR HOLDINGS LIMITED,10-05-2023,CSP GROUP LTD,Licensed,Special purpose vehicle
RAIA HOLDING LTD,10-05-2023,,Licensed,Special purpose vehicle
RUBY HOLDING LTD,11-05-2023,CSP GROUP LTD,Licensed,Special purpose vehicle
JPR HOLDING LIMITED,11-05-2023,ACCLIME CORPORATE SERVICES LIMITED,License cancelled,Special purpose vehicle
PLATINUM HYACINTH C 2023 RSC LIMITED,12-05-2023,,Licensed,Special purpose vehicle
SICPA MIDDLE EAST INVESTMENTS HOLDING LTD,12-05-2023,AL TAMIMI & CO. CORPORATE SERVICES LIMITED,Licensed,Special purpose vehicle
FRONT ROW PRODUCTION HOLDING LTD,12-05-2023,CLARA FORMATIONS LIMITED,Licensed,Special purpose vehicle
GREEN PARK ENTERTAINMENT HOLDINGS LIMITED,12-05-2023,CLARA FORMATIONS LIMITED,Licensed,Special purpose vehicle
ATLANT FOUNDATION,12-05-2023,10 LEAVES LIMITED,Licensed,Foundation
MC ALTERNATIVE SOLUTIONS CARRY VEHICLE RSC LIMITED,15-05-2023,MAPLES FIDUCIARY SERVICES (MIDDLE EAST) LIMITED,Licensed,Special purpose vehicle
MC MANAGEMENT 16 RSC LTD,15-05-2023,MAPLES FIDUCIARY SERVICES (MIDDLE EAST) LIMITED,Licensed,Special purpose vehicle
VORTEX ENERGY IV HOLDING COMPANY II LIMITED,15-05-2023,TMF GROUP FIDUCIARY SERVICES LIMITED,Licensed,Special purpose vehicle
CIRCOLO LIFE HOLDING LTD,15-05-2023,ACCLIME CORPORATE SERVICES LIMITED,Licensed,Special purpose vehicle
MADFUAA HOLDINGS LIMITED,15-05-2023,CLARA FORMATIONS LIMITED,Licensed,Special purpose vehicle
EARLY STARS HOLDING LTD,16-05-2023,CLARA FORMATIONS LIMITED,Licensed,Special purpose vehicle
KEPLER 452B HOLDING LIMITED,16-05-2023,,Licensed,Special purpose vehicle
TDH HOLDING LIMITED,16-05-2023,CSP GROUP LTD,Licensed,Special purpose vehicle
NURTURE INVESTMENTS HOLDING LIMITED,16-05-2023,CLARA FORMATIONS LIMITED,Licensed,Special purpose vehicle
ALZA INVESTMENTS HOLDING LTD,16-05-2023,,Licensed,Special purpose vehicle
ASSET 1 RSC LTD,17-05-2023,,Licensed,Special purpose vehicle
DOWNTOWN CREEK RESIDENCES HOLDINGS LIMITED,17-05-2023,COUNSEL SERVICES LIMITED,Licensed,Special purpose vehicle
GRAND RESIDENCES HOLDINGS LIMITED,17-05-2023,COUNSEL SERVICES LIMITED,Licensed,Special purpose vehicle
ESTATE RESIDENCES HOLDINGS LIMITED,17-05-2023,COUNSEL SERVICES LIMITED,Licensed,Special purpose vehicle
CREEK RESIDENCES 23 HOLDINGS LIMITED,17-05-2023,COUNSEL SERVICES LIMITED,Licensed,Special purpose vehicle
SPARKLING HOLDING COMPANY LIMITED,17-05-2023,,Licensed,Special purpose vehicle
GREENERATION HOLDINGS LIMITED,17-05-2023,CLARA FORMATIONS LIMITED,Licensed,Special purpose vehicle
VANCHURA HOLDING LIMITED,17-05-2023,CROWE MAK LLP,Licensed,Special purpose vehicle
M1NT HOLDING SPV LIMITED,17-05-2023,CLARA FORMATIONS LIMITED,License cancelled,Special purpose vehicle
AGILITY STRATEGIES HOLDING I LIMITED,17-05-2023,PEREGRINE CORPORATE SERVICES LTD,Licensed,Special purpose vehicle
CGC HOLDING LTD,17-05-2023,CSP GROUP LTD,Licensed,Special purpose vehicle
WINGS FOUNDATION,17-05-2023,M-HQ LTD,Licensed,Foundation
CROSPIUS INVESTMENTS SPV LIMITED,18-05-2023,,Licensed,Special purpose vehicle
ALPHA MIND HOLDING LIMITED,18-05-2023,CROWE MAK LLP,Licensed,Special purpose vehicle
KLAIM RECEIVABLE PURCHASE SPV 3 LIMITED,18-05-2023,CLARA FORMATIONS LIMITED,Licensed,Special purpose vehicle
TICMINT HOLDINGS LIMITED,18-05-2023,CLARA FORMATIONS LIMITED,Licensed,Special purpose vehicle
ALPHANEST HOLDINGS LTD,18-05-2023,CLARA FORMATIONS LIMITED,Licensed,Special purpose vehicle
VICTORIOUS WIND HOLDING LIMITED,18-05-2023,CSP GROUP LTD,License cancelled,Special purpose vehicle
CHIKARA HOLDINGS LIMITED,18-05-2023,CLARA FORMATIONS LIMITED,Licensed,Special purpose vehicle
SP ME HOLDING LTD,18-05-2023,,Licensed,Special purpose vehicle
READ HOLDINGS LIMITED,18-05-2023,CLARA FORMATIONS LIMITED,License cancelled,Special purpose vehicle
PLATINUM BOLT A 2015 RSC LIMITED,19-05-2023,,Licensed,Special purpose vehicle
ADH IFI RSC LTD,19-05-2023,,Licensed,Special purpose vehicle
ALPHA DHABI CLIMATE CAPITAL RSC LTD,19-05-2023,,Licensed,Special purpose vehicle
BLIZNA HOLDINGS LIMITED,19-05-2023,CLARA FORMATIONS LIMITED,Licensed,Special purpose vehicle
AKG HOLDINGS LIMITED,19-05-2023,EQUUS CORPORATE LIMITED,Licensed,Special purpose vehicle
RVS GROUP HOLDINGS LIMITED,19-05-2023,CLARA FORMATIONS LIMITED,Licensed,Special purpose vehicle
A3 HOLDINGS LIMITED,19-05-2023,CLARA FORMATIONS LIMITED,License cancelled,Special purpose vehicle
OFC HOLDING COMPANY LIMITED,22-05-2023,CLARA FORMATIONS LIMITED,Licensed,Special purpose vehicle
EX INTERACTIVE VENTURES HOLDINGS LIMITED,22-05-2023,CLARA FORMATIONS LIMITED,Licensed,Special purpose vehicle
BURGER INDEX HOLDINGS LIMITED,22-05-2023,CLARA FORMATIONS LIMITED,Licensed,Special purpose vehicle
SRQ TAMKEEN III SPV LTD,22-05-2023,,Licensed,Special purpose vehicle
WAYA FOUNDATION,22-05-2023,ROSEMONT PARTNERS CORPORATE SERVICES LIMITED,Licensed,Foundation
AGI FOUNDATION,22-05-2023,,Licensed,Foundation
PLATINUM 950 PM C 2023 RSC LIMITED,23-05-2023,,Licensed,Special purpose vehicle
PLATINUM 1050 PM C 2023 RSC LIMITED,23-05-2023,,Licensed,Special purpose vehicle
PLATINUM HANOVER C 2023 RSC LIMITED,23-05-2023,,Licensed,Special purpose vehicle
PLATINUM HPE C 2023 RSC LIMITED,23-05-2023,,Licensed,Special purpose vehicle
PLATINUM STEEP SLOPE C 2023 RSC LIMITED,23-05-2023,,Licensed,Special purpose vehicle
PLATINUM TROJAN C 2023 RSC LIMITED,23-05-2023,,Licensed,Special purpose vehicle
PLATINUM GOPHER C 2023 RSC LIMITED,23-05-2023,,Licensed,Special purpose vehicle
PLATINUM PASEO C 2023 RSC LIMITED,23-05-2023,,Licensed,Special purpose vehicle
HEROD HOLDINGS LIMITED,23-05-2023,M-HQ LTD,Licensed,Special purpose vehicle
SIMPLY GOURMET HOLDINGS LIMITED,23-05-2023,M-HQ LTD,Licensed,Special purpose vehicle
888 HOLDING LIMITED,23-05-2023,ELNAGGAR & PARTNERS LIMITED,License cancelled,Special purpose vehicle
ACQUIRE AND BELONG HOLDINGS LIMITED,23-05-2023,,Licensed,Special purpose vehicle
FENDAHL HOLDINGS LIMITED,23-05-2023,,Licensed,Special purpose vehicle
CORAL GLOBAL HOLDINGS LIMITED,23-05-2023,CSP GROUP LTD,Licensed,Special purpose vehicle
KHALIFA PARK HQ SPV RSC LTD,23-05-2023,,Licensed,Special purpose vehicle
AL NAHYAN CAMP LAND SPV RSC LTD,23-05-2023,,Licensed,Special purpose vehicle
YAS ACRES A033 SPV RSC LTD,23-05-2023,,Licensed,Special purpose vehicle
PLATINUM MARBLE C 2023 RSC LIMITED,24-05-2023,,Licensed,Special purpose vehicle
BASATA INTERNATIONAL HOLDING LTD,24-05-2023,AL TAMIMI & CO. CORPORATE SERVICES LIMITED,Licensed,Special purpose vehicle
WAGMI HOLDING LIMITED,24-05-2023,CLARA FORMATIONS LIMITED,Licensed,Special purpose vehicle
BMS MASAOOD HOLDING LTD,24-05-2023,CROWE MAK LLP,Licensed,Special purpose vehicle
SATORI SYSTEMS HOLDINGS LIMITED,24-05-2023,CLARA FORMATIONS LIMITED,License cancelled,Special purpose vehicle
ALTAR HOLDINGS LIMITED,24-05-2023,CLARA FORMATIONS LIMITED,Licensed,Special purpose vehicle
KINTEO FOUNDATION,24-05-2023,M-HQ LTD,Licensed,Foundation
VALLIS INVESTMENTS SPV LTD,25-05-2023,CSP GROUP LTD,Licensed,Special purpose vehicle
GECKO HOLDINGS LIMITED,25-05-2023,ACCLIME CORPORATE SERVICES LIMITED,Licensed,Special purpose vehicle
INVESTCORP GOLDEN HORIZON COOPERATION GENERAL PARTNER LIMITED,25-05-2023,,Licensed,Special purpose vehicle
FOOD HOLDING LIMITED,25-05-2023,CSP GROUP LTD,Licensed,Special purpose vehicle
GREAT HORNBILL SPV LIMITED,25-05-2023,ACCLIME CORPORATE SERVICES LIMITED,Licensed,Special purpose vehicle
REGAL MENA SPV LTD,25-05-2023,,Licensed,Special purpose vehicle
GHITHA CULINARY RSC LTD,25-05-2023,CROWE MAK LLP,Licensed,Special purpose vehicle
RIVIERA RSC LIMITED,25-05-2023,CLARA FORMATIONS LIMITED,Licensed,Special purpose vehicle
LEGACY STRATEGIC HOLDINGS LIMITED,26-05-2023,CROWE MAK LLP,Licensed,Special purpose vehicle
QUANTUM LEAP VENTURES SPV LTD,26-05-2023,10 LEAVES LIMITED,Licensed,Special purpose vehicle
ADH ENERGY RSC LTD,29-05-2023,,Licensed,Special purpose vehicle
DIOT SIACI MIDDLE EAST HOLDING LIMITED,29-05-2023,ACCLIME CORPORATE SERVICES LIMITED,Licensed,Special purpose vehicle
FOOD AND BEVERAGE STREET HOLDINGS LTD,29-05-2023,WALKERS PROFESSIONAL SERVICES (MIDDLE EAST) LIMITED,Licensed,Special purpose vehicle
NOVA HOLDING LIMITED,29-05-2023,ACCLIME CORPORATE SERVICES LIMITED,Licensed,Special purpose vehicle
SRQ TAMKEEN IV SPV LTD,29-05-2023,,Licensed,Special purpose vehicle
SRQ TAMKEEN V SPV LTD,29-05-2023,,Licensed,Special purpose vehicle
HD ZUSAR1 HOLDING RSC LTD,30-05-2023,ASSISS LTD,Licensed,Special purpose vehicle
HD ZUSAR2 HOLDING RSC LTD,30-05-2023,ASSISS LTD,License cancelled,Special purpose vehicle
SICAST HOLDINGS LTD,30-05-2023,AL TAMIMI & CO. CORPORATE SERVICES LIMITED,Licensed,Special purpose vehicle
HI MEDIA MENA HOLDINGS LTD,30-05-2023,CSP GROUP LTD,Licensed,Special purpose vehicle
AMBERCORE HOLDINGS LIMITED,30-05-2023,CLARA FORMATIONS LIMITED,Licensed,Special purpose vehicle
AFRAM HOLDING LIMITED,30-05-2023,ACCLIME CORPORATE SERVICES LIMITED,License cancelled,Special purpose vehicle
MVD HOLDINGS LIMITED,30-05-2023,CLYDE SERVICES LIMITED,Licensed,Special purpose vehicle
PLATINUM TIGER B 2023 RSC LIMITED,31-05-2023,,Licensed,Special purpose vehicle
ATTC ADVANCED TECHNOLOGY FOR TRADING AND CONSTRUCTION HOLDINGS LTD,31-05-2023,AL TAMIMI & CO. CORPORATE SERVICES LIMITED,Licensed,Special purpose vehicle
MHP REAL ESTATE SPV LIMITED,31-05-2023,,Licensed,Special purpose vehicle
VENOM BLOCKCHAIN HOLDING 2 LIMITED,31-05-2023,10 LEAVES LIMITED,License cancelled,Special purpose vehicle
BNB CHAIN TECHNOLOGY HOLDING LIMITED,31-05-2023,CLARA FORMATIONS LIMITED,Licensed,Special purpose vehicle
DAPPS PLATFORM HOLDINGS LIMITED,31-05-2023,CLARA FORMATIONS LIMITED,Licensed,Special purpose vehicle
OEBC HOLDINGS LTD,31-05-2023,CSP GROUP LTD,Licensed,Special purpose vehicle
AJISAFE FOUNDATION,31-05-2023,SANCTUARY CORPORATE SERVICES FZ LLC,Licensed,Foundation
AKHDAR VENTURES SPV LTD,01-06-2023,CROWE MAK LLP,Licensed,Special purpose vehicle
MMAC HOLDINGS LIMITED,01-06-2023,CLARA FORMATIONS LIMITED,Licensed,Special purpose vehicle
OCIOR ENERGY SPV THREE LIMITED,01-06-2023,CROWE MAK LLP,License cancelled,Special purpose vehicle
VALYOO HOLDING LIMITED,01-06-2023,CLARA FORMATIONS LIMITED,Licensed,Special purpose vehicle
EXVENTUR HOLDING LTD,01-06-2023,,Licensed,Special purpose vehicle
RAHMAN FOUNDATION,01-06-2023,SANCTUARY CORPORATE SERVICES FZ LLC,Licensed,Foundation
12 DEEP BLUE SPV LTD,02-06-2023,PRAXISIFM TRUST LIMITED,Licensed,Special purpose vehicle
ZARQA HOLDINGS LIMITED,02-06-2023,KALANTAR BUSINESS LAW GROUP LTD,Licensed,Special purpose vehicle
DESIGNFIT HOLDING LTD,02-06-2023,CLARA FORMATIONS LIMITED,Licensed,Special purpose vehicle
RANGE LAND HOLDINGS (RRA 05) LIMITED,02-06-2023,M-HQ LTD,License cancelled,Special purpose vehicle
ADH HOSPITALITY RSC LTD,02-06-2023,,Licensed,Special purpose vehicle
PRETS FAMILY FOUNDATION,02-06-2023,10 LEAVES LIMITED,Licensed,Foundation
CTM360 HOLDINGS LTD,05-06-2023,,Licensed,Special purpose vehicle
BMIF (GENPAR) LTD,05-06-2023,INTERTRUST (MIDDLE EAST) LTD,Licensed,Special purpose vehicle
PERMITECH HOLDINGS LIMITED,05-06-2023,CLARA FORMATIONS LIMITED,Licensed,Special purpose vehicle
AD GLOBAL PROJECTS SPV LIMITED,05-06-2023,,Licensed,Special purpose vehicle
ELGO INVESTMENT HOLDING LIMITED,05-06-2023,,License cancelled,Special purpose vehicle
GREENCANDLE HOLDINGS LIMITED,05-06-2023,CLARA FORMATIONS LIMITED,Licensed,Special purpose vehicle
AL MAHMASANI HOLDINGS SPV LIMITED,05-06-2023,,Licensed,Special purpose vehicle
ALHAMBRA INFRASTRUCTURE GROUP HOLDING LTD,05-06-2023,BANKS LEGAL LIMITED,Licensed,Special purpose vehicle
FEONDOR HOLDING LIMITED,05-06-2023,M-HQ LTD,Licensed,Special purpose vehicle
RIZE HOLDINGS LIMITED,05-06-2023,,Licensed,Special purpose vehicle
MEDEU FOUNDATION,05-06-2023,10 LEAVES LIMITED,Licensed,Foundation
CRIMSON INTERNATIONAL HOLDING LIMITED,06-06-2023,,Licensed,Special purpose vehicle
STAR DIGITAL INVESTMENTS SPV LIMITED,06-06-2023,MAPLES FIDUCIARY SERVICES (MIDDLE EAST) LIMITED,Licensed,Special purpose vehicle
FURTHER INVESTMENTS I HOLDINGS LIMITED,06-06-2023,TMF GROUP FIDUCIARY SERVICES LIMITED,Licensed,Special purpose vehicle
SUKIYAKI HOLDING LIMITED,06-06-2023,CLARA FORMATIONS LIMITED,Licensed,Special purpose vehicle
BLACK RIVER HOLDINGS LIMITED,06-06-2023,SANCTUARY CORPORATE SERVICES FZ LLC,Licensed,Special purpose vehicle
F9 METALS HOLDING LTD,06-06-2023,,Licensed,Special purpose vehicle
EAGLE FOUNDATION,06-06-2023,MOORE JFC LIMITED,Licensed,Foundation
PLATINUM UNITY INVESTMENTS A 1996 RSC LIMITED,07-06-2023,,Licensed,Special purpose vehicle
VENTURES INVESTMENT HOLDING LIMITED,07-06-2023,AL TAMIMI & CO. CORPORATE SERVICES LIMITED,License cancelled,Special purpose vehicle
PEARL INSULATION HOLDING LTD,07-06-2023,CLARA FORMATIONS LIMITED,Licensed,Special purpose vehicle
ENGLISH COLLEGE HOLDING LIMITED,07-06-2023,M-HQ LTD,Licensed,Special purpose vehicle
ME GRAIN LOGISTICS HOLDING LTD,07-06-2023,SWISS GROUP LEGAL LTD,Licensed,Special purpose vehicle
HITCH INVEST HOLDING LIMITED,08-06-2023,PRAXISIFM TRUST LIMITED,Licensed,Special purpose vehicle
ABHUR INVESTMENTS HOLDINGS LIMITED,08-06-2023,AL TAMIMI & CO. CORPORATE SERVICES LIMITED,Licensed,Special purpose vehicle
SLASV HOLDINGS LIMITED,08-06-2023,ASSISS LTD,Licensed,Special purpose vehicle
PLATINUM RP INDUSTRIAL B 2023 RSC LIMITED,09-06-2023,,Licensed,Special purpose vehicle
AWW HOLDINGS LTD,09-06-2023,KPI AHLI CHARTERED ACCOUNTANTS,Licensed,Special purpose vehicle
ZENTECH HOLDINGS LTD,09-06-2023,ROSEMONT PARTNERS CORPORATE SERVICES LIMITED,Licensed,Special purpose vehicle
GB WALTERS ME HOLDINGS LTD,09-06-2023,ROSEMONT PARTNERS CORPORATE SERVICES LIMITED,Licensed,Special purpose vehicle
CLOUDYTECH HOLDINGS LIMITED,09-06-2023,CLARA FORMATIONS LIMITED,Licensed,Special purpose vehicle
COLLATERAL INVESTMENTS SPV LIMITED,09-06-2023,SWISS GROUP LEGAL LTD,Licensed,Special purpose vehicle
P PLUS HOLDINGS LIMITED,09-06-2023,INP IBRAHIM N PARTNERS LEGAL CONSULTANCY LTD,Licensed,Special purpose vehicle
RAKIZA TPG SPV LTD,12-06-2023,INTERTRUST (MIDDLE EAST) LTD,Licensed,Special purpose vehicle
KAMCO PRE-IPO TECH FUND GP LIMITED,12-06-2023,,Licensed,Special purpose vehicle
AESTA HOLDINGS LIMITED,12-06-2023,,License cancelled,Special purpose vehicle
SOA PHARMACEUTICAL INVESTMENTS HOLDINGS LTD,12-06-2023,CSP GROUP LTD,License cancelled,Special purpose vehicle
ITHNAIN HOLDING LTD,12-06-2023,,Licensed,Special purpose vehicle
CORE HOLDING LIMITED,12-06-2023,CLARA FORMATIONS LIMITED,Licensed,Special purpose vehicle
TS SECURED HOLDINGS LIMITED,12-06-2023,ROSEMONT PARTNERS CORPORATE SERVICES LIMITED,Licensed,Special purpose vehicle
SAUDI DISCOVERY COMPANY SPV LIMITED,12-06-2023,CLARA FORMATIONS LIMITED,Licensed,Special purpose vehicle
SPEAR HOLDINGS RSC LIMITED,13-06-2023,WALKERS PROFESSIONAL SERVICES (MIDDLE EAST) LIMITED,Licensed,Special purpose vehicle
ALHAMBRA PARTNERS SPV LTD,13-06-2023,BANKS LEGAL LIMITED,Licensed,Special purpose vehicle
SUKIYAKI HOLDING 2 LIMITED,13-06-2023,CLARA FORMATIONS LIMITED,Licensed,Special purpose vehicle
SUKIYAKI HOLDING 3 LIMITED,13-06-2023,CLARA FORMATIONS LIMITED,Licensed,Special purpose vehicle
SUKIYAKI HOLDING 4 LIMITED,13-06-2023,CLARA FORMATIONS LIMITED,Licensed,Special purpose vehicle
ONE HUNDRED AND TWENTY EIGHTH INVESTMENT RSC LTD,13-06-2023,WALKERS PROFESSIONAL SERVICES (MIDDLE EAST) LIMITED,Licensed,Special purpose vehicle
RIDGE 2 RSC LIMITED,14-06-2023,,Licensed,Special purpose vehicle
TCR HOLDINGS LIMITED,14-06-2023,WALKERS PROFESSIONAL SERVICES (MIDDLE EAST) LIMITED,Licensed,Special purpose vehicle
IMF IP HOLDINGS LTD,14-06-2023,ROSEMONT PARTNERS CORPORATE SERVICES LIMITED,Licensed,Special purpose vehicle
GREEN LAKE HOLDINGS LIMITED,14-06-2023,AL TAMIMI & CO. CORPORATE SERVICES LIMITED,Licensed,Special purpose vehicle
CITY MIRROR SPV HOLDINGS LIMITED,14-06-2023,CLARA FORMATIONS LIMITED,Licensed,Special purpose vehicle
FOUR2FOURTEEN HOLDINGS LIMITED,14-06-2023,KPI AHLI CHARTERED ACCOUNTANTS,Licensed,Special purpose vehicle
PLENARY MIDDLE EAST FM HOLDINGS LIMITED,14-06-2023,WALKERS PROFESSIONAL SERVICES (MIDDLE EAST) LIMITED,Licensed,Special purpose vehicle
PLAY SPACE HOLDING LTD,14-06-2023,ASSISS LTD,Licensed,Special purpose vehicle
CREDITLY HOLDINGS LIMITED,14-06-2023,CLARA FORMATIONS LIMITED,Licensed,Special purpose vehicle
ALKHWARIZMI HOLDINGS LIMITED,14-06-2023,CLARA FORMATIONS LIMITED,Licensed,Special purpose vehicle
AURIGA HOLDING LTD,14-06-2023,MAPLES FIDUCIARY SERVICES (MIDDLE EAST) LIMITED,Licensed,Special purpose vehicle
FALCON ASSETS CAPITAL HOLDINGS LIMITED,14-06-2023,,Licensed,Special purpose vehicle
RIDGE 1 RSC LIMITED,14-06-2023,,Licensed,Special purpose vehicle
PRAGMATIC POSITION HOLDING LIMITED,15-06-2023,GRIFFIN CORPORATE SERVICES LTD,Licensed,Special purpose vehicle
PAHLER HOLDINGS LIMITED,15-06-2023,CLARA FORMATIONS LIMITED,License cancelled,Special purpose vehicle
SHANS HOLDING LIMITED,16-06-2023,CLARA FORMATIONS LIMITED,Licensed,Special purpose vehicle
YATH HOLDING LTD,16-06-2023,CLARA FORMATIONS LIMITED,License cancelled,Special purpose vehicle
DUNE V SPV3 LIMITED,16-06-2023,,Licensed,Special purpose vehicle
ZOI FOUNDATION,16-06-2023,ASSISS LTD,Licensed,Foundation
KINGS ROAD INVESTMENTS HOLDING LIMITED,19-06-2023,AL TAMIMI & CO. CORPORATE SERVICES LIMITED,Licensed,Special purpose vehicle
LIGHTHOUSE SPV LTD,19-06-2023,ACCLIME CORPORATE SERVICES LIMITED,Licensed,Special purpose vehicle
KHA HOLDING LIMITED,19-06-2023,ACCLIME CORPORATE SERVICES LIMITED,License cancelled,Special purpose vehicle
APEIRON ME HOLDING LTD,19-06-2023,,Licensed,Special purpose vehicle
FKT HOLDINGS LIMITED,19-06-2023,,Licensed,Special purpose vehicle
MILLER HOLDINGS LIMITED,19-06-2023,CLARA FORMATIONS LIMITED,Licensed,Special purpose vehicle
GOYZER HOLDING LTD,19-06-2023,CLARA FORMATIONS LIMITED,Licensed,Special purpose vehicle
PLATINUM RB B 2023 RSC LIMITED,19-06-2023,,Licensed,Special purpose vehicle
OCEANIC STAR HOLDING RSC LIMITED,20-06-2023,M-HQ LTD,Licensed,Special purpose vehicle
OCEANIC MOON HOLDING RSC LIMITED,20-06-2023,M-HQ LTD,Licensed,Special purpose vehicle
OCEANIC BREEZE HOLDING RSC LIMITED,20-06-2023,M-HQ LTD,Licensed,Special purpose vehicle
SIWAR EMPLOYEE SPV LTD,20-06-2023,AL TAMIMI & CO. CORPORATE SERVICES LIMITED,Licensed,Special purpose vehicle
EDER SHEWEN HOLDING LTD,20-06-2023,10 LEAVES LIMITED,Licensed,Special purpose vehicle
MG HOLDINGS LTD,20-06-2023,,Licensed,Special purpose vehicle
MINEXCHAIN HOLDING LTD,20-06-2023,CSP GROUP LTD,Licensed,Special purpose vehicle
CAPITAL INVESTMENT HOLDING LTD,20-06-2023,CSP GROUP LTD,Licensed,Special purpose vehicle
FUSE ELECTRIC VEHICLES HOLDINGS LIMITED,20-06-2023,CLARA FORMATIONS LIMITED,Licensed,Special purpose vehicle
NRI SPV LIMITED,20-06-2023,RAD CORPORATE SERVICES LIMITED,Licensed,Special purpose vehicle
KLEEN TECHNOLOGIES SPV1 HOLDINGS LIMITED,20-06-2023,,Licensed,Special purpose vehicle
NUR GUZAR HOLDING RSC LIMITED,20-06-2023,WALKERS PROFESSIONAL SERVICES (MIDDLE EAST) LIMITED,Licensed,Special purpose vehicle
SIGN HOLDINGS RSC LIMITED,21-06-2023,WALKERS PROFESSIONAL SERVICES (MIDDLE EAST) LIMITED,Licensed,Special purpose vehicle
IMAKEUP HOLDINGS LIMITED,21-06-2023,CLARA FORMATIONS LIMITED,Licensed,Special purpose vehicle
ARK HOLDINGS SPV LIMITED,21-06-2023,MABA CORPORATE SERVICES LIMITED,Licensed,Special purpose vehicle
BITS HOLDING LIMITED,22-06-2023,CROWE MAK LLP,Licensed,Special purpose vehicle
PIONEER HOLDING LIMITED,22-06-2023,WALKERS PROFESSIONAL SERVICES (MIDDLE EAST) LIMITED,Licensed,Special purpose vehicle
FLEX HOLDINGS LIMITED,22-06-2023,CLARA FORMATIONS LIMITED,Licensed,Special purpose vehicle
MIC TI HOLDING COMPANY 2 RSC LIMITED,22-06-2023,WALKERS PROFESSIONAL SERVICES (MIDDLE EAST) LIMITED,Licensed,Special purpose vehicle
M42C SPV RSC LTD,23-06-2023,,Licensed,Special purpose vehicle
SRD HOLDING LTD,23-06-2023,ASSISS LTD,Licensed,Special purpose vehicle
NOW STRATEGIC VENTURES SPV LIMITED,23-06-2023,CLARA FORMATIONS LIMITED,Licensed,Special purpose vehicle
ZAYED ENERGY AND WATER HOLDINGS LTD,23-06-2023,CSP GROUP LTD,Licensed,Special purpose vehicle
FINPER HOLDINGS LIMITED,23-06-2023,ROSEMONT PARTNERS CORPORATE SERVICES LIMITED,Licensed,Special purpose vehicle
POINT INVESTMENT RSC LIMITED,26-06-2023,,Licensed,Special purpose vehicle
CHIAO HOLDING LTD,26-06-2023,SWISS GROUP LEGAL LTD,Licensed,Special purpose vehicle
EAST GALAXY HOLDING LTD,26-06-2023,CLARA FORMATIONS LIMITED,Licensed,Special purpose vehicle
SSP HOLDING LTD,26-06-2023,CLARA FORMATIONS LIMITED,Licensed,Special purpose vehicle
MURABA HOLDINGS LIMITED,26-06-2023,AL TAMIMI & CO. CORPORATE SERVICES LIMITED,Licensed,Special purpose vehicle
TS DYNAMIC HOLDINGS II LIMITED,26-06-2023,ROSEMONT PARTNERS CORPORATE SERVICES LIMITED,Licensed,Special purpose vehicle
MYCO HOLDINGS LIMITED,26-06-2023,STROLLA LLP,Licensed,Special purpose vehicle
YELLOW DOOR ENERGY HOLDING LUNA LIMITED,26-06-2023,CLARA FORMATIONS LIMITED,Licensed,Special purpose vehicle
YELLOW DOOR ENERGY HOLDING SOLEIL LIMITED,26-06-2023,CLARA FORMATIONS LIMITED,Licensed,Special purpose vehicle
SENTINEL HOLDINGS LIMITED,26-06-2023,ROSEMONT PARTNERS CORPORATE SERVICES LIMITED,Licensed,Special purpose vehicle
PEARL DAGGER HOLDINGS LTD,03-07-2023,ASSISS LTD,Licensed,Special purpose vehicle
DAW HOLDINGS LIMITED,03-07-2023,CLARA FORMATIONS LIMITED,Licensed,Special purpose vehicle
FUSION MINDS AI HOLDING LTD,03-07-2023,ELNAGGAR & PARTNERS LIMITED,Licensed,Special purpose vehicle
PLATINUM RIVERSIDE A 2009 RSC LIMITED,04-07-2023,,Licensed,Special purpose vehicle
TROJAN INTERNATIONAL RSC LTD,04-07-2023,,Licensed,Special purpose vehicle
QUDWA CAPITAL HOLDINGS LIMITED,04-07-2023,CLARA FORMATIONS LIMITED,Licensed,Special purpose vehicle
SOUTH2SOUTH INTERNATIONAL HOLDING LIMITED,04-07-2023,INP IBRAHIM N PARTNERS LEGAL CONSULTANCY LTD,Licensed,Special purpose vehicle
DESTINATION HOLDINGS LIMITED,04-07-2023,,Licensed,Special purpose vehicle
GARDEN VEIL HOLDINGS LIMITED,05-07-2023,AL TAMIMI & CO. CORPORATE SERVICES LIMITED,Licensed,Special purpose vehicle
ALPHA MIND ONE HOLDING LIMITED,05-07-2023,CROWE MAK LLP,Licensed,Special purpose vehicle
VIWELL HOLDING LTD,05-07-2023,CLARA FORMATIONS LIMITED,Licensed,Special purpose vehicle
EV MIDDLE EAST HOLDING LIMITED,05-07-2023,CLARA FORMATIONS LIMITED,Licensed,Special purpose vehicle
OLSHAB HOLDING LIMITED,05-07-2023,CLARA FORMATIONS LIMITED,Licensed,Special purpose vehicle
MOMENTUM INTERNATIONAL HOLDING RSC LTD,06-07-2023,ACCLIME CORPORATE SERVICES LIMITED,Licensed,Special purpose vehicle
NEPTUNE PROJECT HOLDING 1 LIMITED,06-07-2023,MAPLES FIDUCIARY SERVICES (MIDDLE EAST) LIMITED,Licensed,Special purpose vehicle
NEPTUNE PROJECT HOLDING 2 LIMITED,06-07-2023,MAPLES FIDUCIARY SERVICES (MIDDLE EAST) LIMITED,Licensed,Special purpose vehicle
NEPTUNE PROJECT HOLDING 3 LIMITED,06-07-2023,MAPLES FIDUCIARY SERVICES (MIDDLE EAST) LIMITED,Licensed,Special purpose vehicle
STRIVE GROUP HOLDINGS LIMITED,06-07-2023,CLARA FORMATIONS LIMITED,License cancelled,Special purpose vehicle
SHUKUR HOLDINGS LIMITED,06-07-2023,ASSISS LTD,Licensed,Special purpose vehicle
IN TECH HOLDING LIMITED,06-07-2023,M-HQ LTD,Licensed,Special purpose vehicle
NEPTUNE PROJECT ROLLOVER HOLDINGS LIMITED,06-07-2023,MAPLES FIDUCIARY SERVICES (MIDDLE EAST) LIMITED,Licensed,Special purpose vehicle
PMKCONSULT GLOBAL HOLDINGS LIMITED,06-07-2023,CLARA FORMATIONS LIMITED,Licensed,Special purpose vehicle
314 FOUNDATION,06-07-2023,M-HQ LTD,Licensed,Foundation
W NEWCO RSC LTD,07-07-2023,WALKERS PROFESSIONAL SERVICES (MIDDLE EAST) LIMITED,Licensed,Special purpose vehicle
KENKOH HOLDING LIMITED,07-07-2023,KALANTAR BUSINESS LAW GROUP LTD,Licensed,Special purpose vehicle
IN1 HOLDING LIMITED,07-07-2023,ROSEMONT PARTNERS CORPORATE SERVICES LIMITED,Licensed,Special purpose vehicle
CRV HOLDING LTD,07-07-2023,CSP GROUP LTD,Licensed,Special purpose vehicle
SAGAR PICTURES GLOBAL HOLDING LIMITED,07-07-2023,10 LEAVES LIMITED,Licensed,Special purpose vehicle
FIRST EDUCATION HOLDING LIMITED,07-07-2023,,License cancelled,Special purpose vehicle
PUR HOLDINGS LIMITED,07-07-2023,ROSEMONT PARTNERS CORPORATE SERVICES LIMITED,Licensed,Special purpose vehicle
CYVN INVESTMENTS RSC LTD,10-07-2023,,Licensed,Special purpose vehicle
ABRAHAMIC HOLDINGS LIMITED,10-07-2023,AL TAMIMI & CO. CORPORATE SERVICES LIMITED,Licensed,Special purpose vehicle
AMPLIFAI HEALTH HOLDINGS LIMITED,10-07-2023,CLARA FORMATIONS LIMITED,Licensed,Special purpose vehicle
DEVARIO MIDDLE EAST SPV LIMITED,10-07-2023,M-HQ LTD,Licensed,Special purpose vehicle
COINMARKETCAP HOLDINGS LTD,10-07-2023,CLARA FORMATIONS LIMITED,Licensed,Special purpose vehicle
KARIBU HOLDINGS LIMITED,10-07-2023,,Licensed,Special purpose vehicle
BINANCE INVESTMENTS HOLDINGS LIMITED,10-07-2023,CLARA FORMATIONS LIMITED,License cancelled,Special purpose vehicle
LUXURY X HOLDINGS LIMITED,10-07-2023,CLARA FORMATIONS LIMITED,Licensed,Special purpose vehicle
HORIZON PARTICIPATION HOLDING VIII LIMITED,10-07-2023,PEREGRINE CORPORATE SERVICES LTD,Licensed,Special purpose vehicle
PRIME ENERGY SPV LTD,10-07-2023,WALKERS PROFESSIONAL SERVICES (MIDDLE EAST) LIMITED,Licensed,Special purpose vehicle
JASOOR VENTURES GP LIMITED,11-07-2023,,Licensed,Special purpose vehicle
BRAINSTORM HOLDING LIMITED,11-07-2023,ROSEMONT PARTNERS CORPORATE SERVICES LIMITED,Licensed,Special purpose vehicle
STOIC MEDIA HOLDING LIMITED,11-07-2023,ACCLIME CORPORATE SERVICES LIMITED,Licensed,Special purpose vehicle
PUREBORN HOLDINGS LIMITED,11-07-2023,CLARA FORMATIONS LIMITED,Licensed,Special purpose vehicle
ARNEST HOLDING LTD,11-07-2023,AL TAMIMI & CO. CORPORATE SERVICES LIMITED,Licensed,Special purpose vehicle
JW FOUNDATION,11-07-2023,BOTH CORPORATE SERVICES LIMITED,Licensed,Foundation
MANZIL HOLDING LTD,12-07-2023,ADS INVESTMENT SOLUTIONS LIMITED,Licensed,Special purpose vehicle
TD HOLDING LTD,12-07-2023,ACCLIME CORPORATE SERVICES LIMITED,Licensed,Special purpose vehicle
VVYK HOLDING LIMITED,12-07-2023,MABA CORPORATE SERVICES LIMITED,Licensed,Special purpose vehicle
SPORT FOR ALL HOLDING LIMITED,12-07-2023,ACCLIME CORPORATE SERVICES LIMITED,License cancelled,Special purpose vehicle
ZERO THREE INTERNATIONAL RSC LIMITED,13-07-2023,,Licensed,Special purpose vehicle
BIOBOND HOLDING SPV LIMITED,13-07-2023,ACCLIME CORPORATE SERVICES LIMITED,Licensed,Special purpose vehicle
CANDICO DISTRIBUTION HOLDING LIMITED,13-07-2023,CLARA FORMATIONS LIMITED,Licensed,Special purpose vehicle
GROWDASH HOLDINGS LIMITED,13-07-2023,CLARA FORMATIONS LIMITED,Licensed,Special purpose vehicle
WAVE CO DEVELOPMENT SPV LIMITED,13-07-2023,WALKERS PROFESSIONAL SERVICES (MIDDLE EAST) LIMITED,Licensed,Special purpose vehicle
TOKENIZ ED SPV LTD,13-07-2023,,License cancelled,Special purpose vehicle
YZILABS HOLDINGS LIMITED,13-07-2023,CLARA FORMATIONS LIMITED,Licensed,Special purpose vehicle
BIG BUS TOURS HOLDINGS MIDDLE EAST LTD,14-07-2023,CLYDE SERVICES LIMITED,Licensed,Special purpose vehicle
AMJ HOLDING LIMITED,17-07-2023,CLARA FORMATIONS LIMITED,Licensed,Special purpose vehicle
ZAIN VICTORIA HOLDING LTD,17-07-2023,CLARA FORMATIONS LIMITED,Licensed,Special purpose vehicle
YOUCATER HOLDINGS LIMITED,17-07-2023,CLARA FORMATIONS LIMITED,Licensed,Special purpose vehicle
CNTXT HOLDING LTD,17-07-2023,ACCLIME CORPORATE SERVICES LIMITED,Licensed,Special purpose vehicle
SUPERSONIC IMAGINE HOLDINGS LIMITED,17-07-2023,CLARA FORMATIONS LIMITED,Licensed,Special purpose vehicle
PLATINUM BLOSSOM C 2017 RSC LIMITED,18-07-2023,,Licensed,Special purpose vehicle
PLATINUM HARINA COMPANY B 2008 RSC LIMITED,18-07-2023,,Licensed,Special purpose vehicle
ENNACIRI ONE HOLDING LIMITED,18-07-2023,PRAXISIFM TRUST LIMITED,Licensed,Special purpose vehicle
EVERTON HOLDING LIMITED,18-07-2023,CLARA FORMATIONS LIMITED,Licensed,Special purpose vehicle
AIJ KARTING SPV LIMITED,18-07-2023,10 LEAVES LIMITED,License cancelled,Special purpose vehicle
SKYE HOLDINGS LIMITED,18-07-2023,CLARA FORMATIONS LIMITED,License cancelled,Special purpose vehicle
HRCOM GROUP HOLDINGS LIMITED,18-07-2023,CLARA FORMATIONS LIMITED,Licensed,Special purpose vehicle
AGILITY INVESTMENT HOLDING LIMITED,18-07-2023,PEREGRINE CORPORATE SERVICES LTD,Licensed,Special purpose vehicle
SHIPA DELIVERY HOLDING LIMITED,18-07-2023,PEREGRINE CORPORATE SERVICES LTD,Licensed,Special purpose vehicle
MAPLEWOOD HOLDING LIMITED,18-07-2023,MABA CORPORATE SERVICES LIMITED,Licensed,Special purpose vehicle
MAM HOLDING LIMITED,19-07-2023,CLARA FORMATIONS LIMITED,Licensed,Special purpose vehicle
SEEDFORD HOLDING COMPANY LIMITED,19-07-2023,TMF GROUP FIDUCIARY SERVICES LIMITED,Licensed,Special purpose vehicle
ACDK HOLDINGS LIMITED,19-07-2023,CLARA FORMATIONS LIMITED,Licensed,Special purpose vehicle
OPAL TECHNOLOGIES HOLDINGS LIMITED,19-07-2023,CLARA FORMATIONS LIMITED,Licensed,Special purpose vehicle
IHH HOLDINGS LIMITED,20-07-2023,CLARA FORMATIONS LIMITED,Licensed,Special purpose vehicle
MRE HOLDING LTD,20-07-2023,,Licensed,Special purpose vehicle
VAULT INVESTMENTS HOLDING LIMITED,20-07-2023,STROLLA LLP,Licensed,Special purpose vehicle
PLATINUM MERLIN B 2006 RSC LIMITED,24-07-2023,,Licensed,Special purpose vehicle
SODAL HOLDING LIMITED,24-07-2023,CLARA FORMATIONS LIMITED,Licensed,Special purpose vehicle
TERRA HOLDING LIMITED,24-07-2023,COUNSEL SERVICES LIMITED,Licensed,Special purpose vehicle
ULTRAHUMAN HEALTHCARE HOLDINGS LIMITED,24-07-2023,CLARA FORMATIONS LIMITED,Licensed,Special purpose vehicle
FERTICLINIC HOLDING LIMITED,24-07-2023,WALKERS PROFESSIONAL SERVICES (MIDDLE EAST) LIMITED,Licensed,Special purpose vehicle
FERTICLINIC GROUP HOLDING LIMITED,24-07-2023,WALKERS PROFESSIONAL SERVICES (MIDDLE EAST) LIMITED,Licensed,Special purpose vehicle
PHOENIX HOLDING CORPORATION LIMITED,24-07-2023,,Licensed,Special purpose vehicle
PHOENIX WORLDWIDE HOLDINGS LIMITED,24-07-2023,,Licensed,Special purpose vehicle
NFS FOUNDATION,24-07-2023,GRANT THORNTON AUDIT AND ACCOUNTING LIMITED,Licensed,Foundation
LEMUNE SPV LIMITED,25-07-2023,10 LEAVES LIMITED,License cancelled,Special purpose vehicle
FADIA HOLDINGS LIMITED,25-07-2023,CROWE MAK LLP,Licensed,Special purpose vehicle
MIKADO FOUNDATION,25-07-2023,ROSEMONT PARTNERS CORPORATE SERVICES LIMITED,Licensed,Foundation
AXIOM ENERGI HOLDINGS LIMITED,26-07-2023,ACCLIME CORPORATE SERVICES LIMITED,Licensed,Special purpose vehicle
SPR GLOBAL HOLDINGS LIMITED,26-07-2023,ACCLIME CORPORATE SERVICES LIMITED,Licensed,Special purpose vehicle
URSA HOLDING LIMITED,26-07-2023,CSP GROUP LTD,Licensed,Special purpose vehicle
EJADA INVESTMENT PARTNERS HOLDINGS LIMITED,26-07-2023,,Licensed,Special purpose vehicle
ADNOC INTERNATIONAL HOLDCO 1 RSC LIMITED,26-07-2023,,Licensed,Special purpose vehicle
ODYSSEY HOLDINGS LTD,27-07-2023,ACCLIME CORPORATE SERVICES LIMITED,Licensed,Special purpose vehicle
MUSKAN HOLDING LTD,27-07-2023,ADS INVESTMENT SOLUTIONS LIMITED,Licensed,Special purpose vehicle
ORDRO HOLDINGS LIMITED,27-07-2023,CLARA FORMATIONS LIMITED,Licensed,Special purpose vehicle
EDINVEST HOLDING LTD,27-07-2023,CSP GROUP LTD,Licensed,Special purpose vehicle
DBD HOLDINGS LTD,27-07-2023,ASSISS LTD,Licensed,Special purpose vehicle
POSTERITAS HOLDING LIMITED,27-07-2023,MABA CORPORATE SERVICES LIMITED,Licensed,Special purpose vehicle
BOND HOLDINGS LTD,27-07-2023,,Licensed,Special purpose vehicle
ADNOC INTERNATIONAL PROJECTCO 1 RSC LIMITED,27-07-2023,,Licensed,Special purpose vehicle
BLUERIDE HOLDING LTD,28-07-2023,CLARA FORMATIONS LIMITED,Licensed,Special purpose vehicle
XCLUSIVE YACHTS HOLDING LTD,28-07-2023,CLARA FORMATIONS LIMITED,Licensed,Special purpose vehicle
GLOBAL PIONEER HOLDING LIMITED,28-07-2023,,Licensed,Special purpose vehicle
ROVE ENERGY SPV LIMITED,28-07-2023,,Licensed,Special purpose vehicle
SAW HOLDING RSC LTD,28-07-2023,,Licensed,Special purpose vehicle
NUWAH FOUNDATION,28-07-2023,WALKERS PROFESSIONAL SERVICES (MIDDLE EAST) LIMITED,Licensed,Foundation
PIPECARE GROUP HOLDING LIMITED,29-07-2023,STROLLA LLP,Licensed,Special purpose vehicle
NEWVISION HOLDING LIMITED,31-07-2023,RAD CORPORATE SERVICES LIMITED,Licensed,Special purpose vehicle
MEALPLANET HOLDINGS LIMITED,31-07-2023,EQUUS CORPORATE LIMITED,Licensed,Special purpose vehicle
ECS8 HOLDINGS LIMITED,01-08-2023,CLARA FORMATIONS LIMITED,Licensed,Special purpose vehicle
ADAM HOLDINGS LTD,01-08-2023,CSP GROUP LTD,Licensed,Special purpose vehicle
AL TARMIZ GROUP HOLDING LIMITED,01-08-2023,CSP GROUP LTD,Licensed,Special purpose vehicle
MYFATOORAH HOLDING LIMITED,01-08-2023,CLARA FORMATIONS LIMITED,Licensed,Special purpose vehicle
HOMEGROWN CPG HOLDINGS LIMITED,02-08-2023,CLARA FORMATIONS LIMITED,License cancelled,Special purpose vehicle
AMI ALTERNATIVES HOLDING LTD,02-08-2023,J. AWAN & PARTNERS LIMITED,Licensed,Special purpose vehicle
NASIH HOLDINGS LIMITED,02-08-2023,,Licensed,Special purpose vehicle
LEVANT HOLDING LIMITED,02-08-2023,CLARA FORMATIONS LIMITED,Licensed,Special purpose vehicle
LUNATE PARTNERS SPV LIMITED,02-08-2023,,License cancelled,Special purpose vehicle
PHOENIX PYRAMIDS RE HOLDING LIMITED,03-08-2023,MABA CORPORATE SERVICES LIMITED,Licensed,Special purpose vehicle
NEOSHINE HEALTHCARE HOLDING LTD,03-08-2023,CSP GROUP LTD,License cancelled,Special purpose vehicle
AFLAJ OS3 INVESTMENT SPV RSC LTD,04-08-2023,ASSISS LTD,Licensed,Special purpose vehicle
OMNIROS CAPITAL HOLDINGS LIMITED,04-08-2023,,Licensed,Special purpose vehicle
PHOENIX COHOST HOLDINGS LIMITED,04-08-2023,MABA CORPORATE SERVICES LIMITED,Licensed,Special purpose vehicle
PHOENIX TRADE VENTURES HOLDINGS LIMITED,04-08-2023,MABA CORPORATE SERVICES LIMITED,Licensed,Special purpose vehicle
PHOENIX SERVECO HOLDINGS LIMITED,04-08-2023,MABA CORPORATE SERVICES LIMITED,Licensed,Special purpose vehicle
PHOENIX DIGITAL SOLUTIONS HOLDINGS LIMITED,04-08-2023,MABA CORPORATE SERVICES LIMITED,Licensed,Special purpose vehicle
PHOENIX INV HOLDINGS LIMITED,04-08-2023,MABA CORPORATE SERVICES LIMITED,Licensed,Special purpose vehicle
PROCYON HOLDING LIMITED,04-08-2023,STROLLA LLP,Licensed,Special purpose vehicle
PHOENIX GLOBAL VENTURES HOLDING LIMITED,04-08-2023,MABA CORPORATE SERVICES LIMITED,Licensed,Special purpose vehicle
PHOENIX BT HOLDINGS LIMITED,04-08-2023,,Licensed,Special purpose vehicle
JAYA PROPERTIES RSC LTD,04-08-2023,ASSISS LTD,Licensed,Special purpose vehicle
WAS INVESTMENTS RSC LTD,04-08-2023,ASSISS LTD,Licensed,Special purpose vehicle
SOTI GROUP HOLDING LIMITED,07-08-2023,CLARA FORMATIONS LIMITED,Licensed,Special purpose vehicle
EGTC GROUP HOLDINGS LIMITED,07-08-2023,CLARA FORMATIONS LIMITED,Licensed,Special purpose vehicle
ARIUM HOLDINGS LIMITED,07-08-2023,CLARA FORMATIONS LIMITED,Licensed,Special purpose vehicle
GSIS HOLDINGS LIMITED,07-08-2023,CLARA FORMATIONS LIMITED,Licensed,Special purpose vehicle
CYBERNET HOLDINGS LIMITED,07-08-2023,CLARA FORMATIONS LIMITED,Licensed,Special purpose vehicle
SYBER GROUP HOLDING LTD,07-08-2023,10 LEAVES LIMITED,Licensed,Special purpose vehicle
SHERWOOD ENVIRONMENT SPV LIMITED,07-08-2023,WALKERS PROFESSIONAL SERVICES (MIDDLE EAST) LIMITED,Licensed,Special purpose vehicle
AXAR FOUNDATION,07-08-2023,10 LEAVES LIMITED,Licensed,Foundation
BEST FIELD HOLDING LIMITED,08-08-2023,,Licensed,Special purpose vehicle
VAULTFLOW HOLDINGS LIMITED,08-08-2023,CLARA FORMATIONS LIMITED,Licensed,Special purpose vehicle
CEDARWOOD HOLDINGS LIMITED,08-08-2023,VISTRA (MIDDLE EAST) LTD,Licensed,Special purpose vehicle
MONARCA FOUNDATION,08-08-2023,PIFM CORPORATE SERVICES LIMITED,License cancelled,Foundation
WARA MINERALS HOLDING LTD,09-08-2023,AL TAMIMI & CO. CORPORATE SERVICES LIMITED,License cancelled,Special purpose vehicle
TESO HOLDING LIMITED,09-08-2023,M-HQ LTD,Licensed,Special purpose vehicle
GREYTEC HOLDING LTD,09-08-2023,CLARA FORMATIONS LIMITED,Licensed,Special purpose vehicle
AMG GLOBAL HOLDING LTD,09-08-2023,ELNAGGAR & PARTNERS LIMITED,Licensed,Special purpose vehicle
DAIKAN INVESTMENT HOLDING LIMITED,09-08-2023,CSP GROUP LTD,Licensed,Special purpose vehicle
STONE INVEST HOLDING LIMITED,09-08-2023,SWISS GROUP LEGAL LTD,Licensed,Special purpose vehicle
SARDE HOLDING LIMITED,10-08-2023,CLARA FORMATIONS LIMITED,License cancelled,Special purpose vehicle
SAMAD HOLDING LIMITED,10-08-2023,STROLLA LLP,Licensed,Special purpose vehicle
MIDDLE EAST PACKAGING HOLDINGS LTD,10-08-2023,ROSEMONT PARTNERS CORPORATE SERVICES LIMITED,Licensed,Special purpose vehicle
VISITA WORLDWIDE HOLDING COMPANY SPV LTD,10-08-2023,EQUIOM CORPORATE SERVICES (MIDDLE EAST) LTD,Licensed,Special purpose vehicle
RELOCATEME HOLDINGS LTD,10-08-2023,,Licensed,Special purpose vehicle
CAMBRIDGE MEDICAL AND REHAB HOLDINGS LTD,10-08-2023,AL TAMIMI & CO. CORPORATE SERVICES LIMITED,Licensed,Special purpose vehicle
GREENFIELD HOLDINGS LIMITED,11-08-2023,ASSISS LTD,Licensed,Special purpose vehicle
MEDICAL CIRCLES HOLDINGS LIMITED,11-08-2023,CLARA FORMATIONS LIMITED,Licensed,Special purpose vehicle
ATIATAN HOLDING LIMITED,11-08-2023,,License cancelled,Special purpose vehicle
SUMERGE HOLDINGS LIMITED,11-08-2023,CLARA FORMATIONS LIMITED,Licensed,Special purpose vehicle
ORO FINTECHS HOLDINGS LIMITED,11-08-2023,CLARA FORMATIONS LIMITED,License cancelled,Special purpose vehicle
RECYCLE RIGHT HOLDINGS LIMITED,11-08-2023,SANCTUARY CORPORATE SERVICES FZ LLC,Licensed,Special purpose vehicle
NOEMON HOLDINGS LTD,11-08-2023,CLARA FORMATIONS LIMITED,Licensed,Special purpose vehicle
FINAURUM HOLDINGS LIMITED,11-08-2023,,Licensed,Special purpose vehicle
PHOENIX MENA HOLDINGS LIMITED,11-08-2023,MABA CORPORATE SERVICES LIMITED,Licensed,Special purpose vehicle
PHOENIX CLEO RE HOLDING LIMITED,11-08-2023,,Licensed,Special purpose vehicle
GABRIEL WORLDWIDE HOLDING LIMITED,12-08-2023,,Licensed,Special purpose vehicle
FLAG ENERGY HOLDING LTD,14-08-2023,CSP GROUP LTD,Licensed,Special purpose vehicle
SOCIAL SQUARED MEA VENTURES HOLDINGS LIMITED,14-08-2023,CROWE MAK LLP,Licensed,Special purpose vehicle
BEYOND SPV LTD,14-08-2023,SOVEREIGN CORPORATE SERVICES ME LIMITED,License cancelled,Special purpose vehicle
AISB HOLDINGS LIMITED,14-08-2023,WALKERS PROFESSIONAL SERVICES (MIDDLE EAST) LIMITED,Licensed,Special purpose vehicle
MADA HOLDING LIMITED,15-08-2023,ACCLIME CORPORATE SERVICES LIMITED,Licensed,Special purpose vehicle
NIMBLEMIND HOLDING LIMITED,15-08-2023,RAD CORPORATE SERVICES LIMITED,Licensed,Special purpose vehicle
GRAND PORT HOLDINGS LIMITED,15-08-2023,COUNSEL SERVICES LIMITED,Licensed,Special purpose vehicle
LUNATE LEGACY III (GP) SPV LTD,15-08-2023,,Licensed,Special purpose vehicle
LUNATE LEGACY IV (GP) SPV LTD,15-08-2023,,Licensed,Special purpose vehicle
BRAVIA HOLDING LIMITED,15-08-2023,ROSEMONT PARTNERS CORPORATE SERVICES LIMITED,Licensed,Special purpose vehicle
AIZA HOSPITALITY HOLDING LTD,15-08-2023,10 LEAVES LIMITED,Licensed,Special purpose vehicle
LUNATE LEGACY I (GP) SPV LTD,15-08-2023,,Licensed,Special purpose vehicle
LUNATE LEGACY II (GP) SPV LTD,15-08-2023,,Licensed,Special purpose vehicle
BAY RESIDENCES HOLDINGS LIMITED,16-08-2023,WALKERS PROFESSIONAL SERVICES (MIDDLE EAST) LIMITED,Licensed,Special purpose vehicle
MARITIME RESIDENCES HOLDINGS LIMITED,16-08-2023,COUNSEL SERVICES LIMITED,Licensed,Special purpose vehicle
DOWNTOWN BAY HOLDINGS LIMITED,16-08-2023,COUNSEL SERVICES LIMITED,Licensed,Special purpose vehicle
GRAND MAJESTIC HOLDINGS LIMITED,16-08-2023,WALKERS PROFESSIONAL SERVICES (MIDDLE EAST) LIMITED,Licensed,Special purpose vehicle
PLATINUM BEAR C 2023 RSC LIMITED,17-08-2023,,Licensed,Special purpose vehicle
EKOTECH HOLDING LIMITED,17-08-2023,CLARA FORMATIONS LIMITED,Licensed,Special purpose vehicle
KYRA VENTURES HOLDINGS LIMITED,17-08-2023,CLARA FORMATIONS LIMITED,Licensed,Special purpose vehicle
ET3 HOLDING LTD,17-08-2023,CLARA FORMATIONS LIMITED,Licensed,Special purpose vehicle
FACULTY GROUP HOLDINGS LTD,17-08-2023,ACCLIME CORPORATE SERVICES LIMITED,Licensed,Special purpose vehicle
DREKA ENTERPRISES HOLDINGS LIMITED,17-08-2023,,Licensed,Special purpose vehicle
RAYA HOLDING RSC LTD,17-08-2023,ASSISS LTD,Licensed,Special purpose vehicle
MASAAR ASSETS RSC LTD,17-08-2023,,Licensed,Special purpose vehicle
FTEYSI ISL RSC LTD,18-08-2023,,Licensed,Special purpose vehicle
VN FOUNDATION,18-08-2023,MABA CORPORATE SERVICES LIMITED,Licensed,Foundation
314 HOLDINGS LTD,21-08-2023,M-HQ LTD,Licensed,Special purpose vehicle
MUBKHAR HOLDING LTD,21-08-2023,CLARA FORMATIONS LIMITED,Licensed,Special purpose vehicle
PREMIUM FOOD HOLDING LTD,21-08-2023,,Licensed,Special purpose vehicle
SAS LINE RSC LTD,21-08-2023,,Licensed,Special purpose vehicle
RABIYA RES RSC LTD,21-08-2023,,Licensed,Special purpose vehicle
MBZ ISR RSC LTD,21-08-2023,,Licensed,Special purpose vehicle
WATHBAH AGR RSC LTD,21-08-2023,,Licensed,Special purpose vehicle
SWEIHAN FRM RSC LTD,21-08-2023,,Licensed,Special purpose vehicle
DEEPMINDS HOLDINGS LIMITED,22-08-2023,KPI AHLI CHARTERED ACCOUNTANTS,Licensed,Special purpose vehicle
VACCINE INDUSTRIAL HOLDING LIMITED,22-08-2023,MAPLES FIDUCIARY SERVICES (MIDDLE EAST) LIMITED,Licensed,Special purpose vehicle
LEISURELY HOLDING LTD,22-08-2023,CSP GROUP LTD,License cancelled,Special purpose vehicle
GC HOLDING LTD,22-08-2023,CLARA FORMATIONS LIMITED,Licensed,Special purpose vehicle
EKTHAR HOLDINGS LIMITED,22-08-2023,CLARA FORMATIONS LIMITED,Licensed,Special purpose vehicle
OLIVE TREE FOUNDATION,22-08-2023,WALKERS PROFESSIONAL SERVICES (MIDDLE EAST) LIMITED,Licensed,Foundation
ABRDN INVESTCORP SUSTAINABILITY WAVE SPV LIMITED,23-08-2023,EQUIOM CORPORATE SERVICES (MIDDLE EAST) LTD,Licensed,Special purpose vehicle
ZADAD HOLDING LIMITED,23-08-2023,STROLLA LLP,Licensed,Special purpose vehicle
STALWART HOLDINGS LIMITED,23-08-2023,CLARA FORMATIONS LIMITED,Licensed,Special purpose vehicle
STARSTRUCK HOLDINGS LIMITED,23-08-2023,CLARA FORMATIONS LIMITED,License cancelled,Special purpose vehicle
HAUA HOLDINGS LIMITED,23-08-2023,,Licensed,Special purpose vehicle
CDC HOLDING LTD,23-08-2023,WALKERS PROFESSIONAL SERVICES (MIDDLE EAST) LIMITED,Licensed,Special purpose vehicle
SADIYAT V 108 RSC LTD,23-08-2023,,Licensed,Special purpose vehicle
RABIYA OFF RSC LTD,23-08-2023,,Licensed,Special purpose vehicle
WATHBAH STB RSC LTD,23-08-2023,,Licensed,Special purpose vehicle
MASAAR ASSETS 10 RSC LTD,23-08-2023,,Licensed,Special purpose vehicle
MASAAR ASSETS 11 RSC LTD,23-08-2023,,Licensed,Special purpose vehicle
TANWEER ENERGY HOLDING CO. LTD,24-08-2023,ROSEMONT PARTNERS CORPORATE SERVICES LIMITED,Licensed,Special purpose vehicle
CITY BLD RSC LTD,24-08-2023,,Licensed,Special purpose vehicle
O.D.E.M ME FOUNDATION,24-08-2023,RAD CORPORATE SERVICES LIMITED,Licensed,Foundation
TOTAL ASSET FOUNDATION,24-08-2023,CLARA FORMATIONS LIMITED,Licensed,Foundation
EL SHAMI HOLDING LIMITED,25-08-2023,,Licensed,Special purpose vehicle
SAFQAH HOLDINGS LIMITED,25-08-2023,WALKERS PROFESSIONAL SERVICES (MIDDLE EAST) LIMITED,Licensed,Special purpose vehicle
YAG CAPITAL HOLDING LIMITED,25-08-2023,CLARA FORMATIONS LIMITED,Licensed,Special purpose vehicle
TERRA ORYX RESTRICTED LIMITED,25-08-2023,,Licensed,Special purpose vehicle
DOOS HOLDING LTD,28-08-2023,CLARA FORMATIONS LIMITED,Licensed,Special purpose vehicle
EN PASSANT HOLDING LIMITED,28-08-2023,COUNSEL SERVICES LIMITED,Licensed,Special purpose vehicle
FENIX HOLDINGS LTD,28-08-2023,,License cancelled,Special purpose vehicle
INNOTECH HOLDINGS LIMITED,28-08-2023,CLARA FORMATIONS LIMITED,Licensed,Special purpose vehicle
ROCASECA MIDDLE EAST HOLDINGS LIMITED,28-08-2023,AL TAMIMI & CO. CORPORATE SERVICES LIMITED,Licensed,Special purpose vehicle
BINCA IP HOLDING LIMITED,28-08-2023,ROSEMONT PARTNERS CORPORATE SERVICES LIMITED,Licensed,Special purpose vehicle
MKHA HOLDINGS LIMITED,28-08-2023,,Licensed,Special purpose vehicle
HORIZON FUEL LOGISTICS HOLDING LIMITED,28-08-2023,PEREGRINE CORPORATE SERVICES LTD,Licensed,Special purpose vehicle
OMAID BAHAR FOUNDATION,28-08-2023,CROWE MAK LLP,Licensed,Foundation
OLK ASSET FOUNDATION,28-08-2023,ACCLIME CORPORATE SERVICES LIMITED,Licensed,Foundation
ALG ASSET FOUNDATION,28-08-2023,CLARA FORMATIONS LIMITED,Licensed,Foundation
AD LABS HOLDINGS LIMITED,29-08-2023,CLARA FORMATIONS LIMITED,Licensed,Special purpose vehicle
GID HOLDING LIMITED,29-08-2023,PRAXISIFM TRUST LIMITED,Licensed,Special purpose vehicle
S2015 PARTNERS HOLDINGS LIMITED,29-08-2023,CLARA FORMATIONS LIMITED,Licensed,Special purpose vehicle
EMMAD HOLDING LIMITED,29-08-2023,,License cancelled,Special purpose vehicle
EZZ ELARAB HOLDING LIMITED,29-08-2023,,Licensed,Special purpose vehicle
PGM HOLDINGS LIMITED,29-08-2023,MABA CORPORATE SERVICES LIMITED,Licensed,Special purpose vehicle
AFLAJ INVEST CAPITAL HOLDING COMPANY LIMITED,29-08-2023,ACCLIME CORPORATE SERVICES LIMITED,Licensed,Special purpose vehicle
SAHM HOLDING RSC LTD,30-08-2023,ASSISS LTD,Licensed,Special purpose vehicle
AMMONIA PROJECT COMPANY RSC LTD,30-08-2023,,Licensed,Special purpose vehicle
UNIFONIC IP HOLDING LTD,30-08-2023,CLARA FORMATIONS LIMITED,License cancelled,Special purpose vehicle
ORA Q LAND SPV LIMITED,30-08-2023,INTERTRUST (MIDDLE EAST) LTD,Licensed,Special purpose vehicle
FOREVER O HOLDING LTD,30-08-2023,ASSISS LTD,Licensed,Special purpose vehicle
KME HOLDING LIMITED,30-08-2023,,Licensed,Special purpose vehicle
G C S HOLDING LIMITED,30-08-2023,CROWE MAK LLP,Licensed,Special purpose vehicle
FOUR RINGS FEEDER SPV LIMITED,30-08-2023,ACCLIME CORPORATE SERVICES LIMITED,Licensed,Special purpose vehicle
KR HOLDINGS LIMITED,30-08-2023,,Licensed,Special purpose vehicle
MOY HOLDING RSC LTD,30-08-2023,,Licensed,Special purpose vehicle
SECU ASSET FOUNDATION,30-08-2023,CLARA FORMATIONS LIMITED,Licensed,Foundation
PLATINUM CAVALRY B 2023 RSC LIMITED,31-08-2023,,Licensed,Special purpose vehicle
TNV HOLDINGS LIMITED,31-08-2023,STROLLA LLP,Licensed,Special purpose vehicle
TEVVA MENA HOLDINGS LTD,31-08-2023,AL TAMIMI & CO. CORPORATE SERVICES LIMITED,Licensed,Special purpose vehicle
FIVE PILLARS GLOBAL HOLDINGS LIMITED,31-08-2023,CSP GROUP LTD,Licensed,Special purpose vehicle
VIRAJE HOLDINGS LIMITED,31-08-2023,,License cancelled,Special purpose vehicle
PLATFORMX HOLDING LIMITED,01-09-2023,,Licensed,Special purpose vehicle
PHOENIX NAMO MINING HOLDINGS LIMITED,01-09-2023,MABA CORPORATE SERVICES LIMITED,Licensed,Special purpose vehicle
SUPLIFT HOLDINGS LIMITED,04-09-2023,CLARA FORMATIONS LIMITED,License cancelled,Special purpose vehicle
ADEPTS HOLDING LIMITED,05-09-2023,CLARA FORMATIONS LIMITED,Licensed,Special purpose vehicle
POMEGRANATE TECHNOLOGIES HOLDINGS LIMITED,05-09-2023,CLARA FORMATIONS LIMITED,License cancelled,Special purpose vehicle
NEXT SOFTWARE HOLDING LTD,05-09-2023,,Licensed,Special purpose vehicle
AL ESTIDAMA HOLDING LIMITED,06-09-2023,EQUIOM CORPORATE SERVICES (MIDDLE EAST) LTD,Licensed,Special purpose vehicle
BORN OUTSIDE HOLDING LIMITED,06-09-2023,CLARA FORMATIONS LIMITED,Licensed,Special purpose vehicle
ASTRAL VENTURES HOLDINGS LTD,06-09-2023,CSP GROUP LTD,Licensed,Special purpose vehicle
THE REDBRICK FOUNDATION,06-09-2023,SANCTUARY CORPORATE SERVICES FZ LLC,Licensed,Foundation
GHASEEL HOLDING LIMITED,07-09-2023,10 LEAVES LIMITED,Licensed,Special purpose vehicle
DP CLEANTECH GROUP HOLDINGS LTD,07-09-2023,ROSEMONT PARTNERS CORPORATE SERVICES LIMITED,Licensed,Special purpose vehicle
RUMBELLA HOLDINGS LIMITED,07-09-2023,CLARA FORMATIONS LIMITED,License cancelled,Special purpose vehicle
PHOENIX MISR MINING HOLDINGS LIMITED,07-09-2023,MABA CORPORATE SERVICES LIMITED,Licensed,Special purpose vehicle
THEODO SPV LIMITED,07-09-2023,SANCTUARY CORPORATE SERVICES FZ LLC,Licensed,Special purpose vehicle
ICE HOLDING RSC LTD,07-09-2023,,License cancelled,Special purpose vehicle
RECV HOLDING LIMITED,08-09-2023,ROSEMONT PARTNERS CORPORATE SERVICES LIMITED,Licensed,Special purpose vehicle
ARABY.AI HOLDINGS LIMITED,08-09-2023,CLARA FORMATIONS LIMITED,Licensed,Special purpose vehicle
ACROPOL HOLDING LIMITED,08-09-2023,,Licensed,Special purpose vehicle
JISR GOLF CLUB HOLDINGS LIMITED,08-09-2023,CLARA FORMATIONS LIMITED,Licensed,Special purpose vehicle
EMANCO HOLDINGS LIMITED,08-09-2023,CLARA FORMATIONS LIMITED,Licensed,Special purpose vehicle
BUSTAN INVESTMENTS SPV LIMITED,08-09-2023,WALKERS PROFESSIONAL SERVICES (MIDDLE EAST) LIMITED,Licensed,Special purpose vehicle
TG HOLDING LIMITED,08-09-2023,,Licensed,Special purpose vehicle
PHOENIX ASSETS HOLDINGS LIMITED,08-09-2023,MABA CORPORATE SERVICES LIMITED,Licensed,Special purpose vehicle
PHOENIX MANAGEMENT HOLDINGS LIMITED,08-09-2023,MABA CORPORATE SERVICES LIMITED,Licensed,Special purpose vehicle
WATERMELON ME SPV LTD,11-09-2023,,Licensed,Special purpose vehicle
ARKAH HOLDING LIMITED,11-09-2023,KPI AHLI CHARTERED ACCOUNTANTS,Licensed,Special purpose vehicle
TITAN HOLDING RSC LTD,11-09-2023,,Licensed,Special purpose vehicle
PLATINUM TOUCAN B 2016 RSC LIMITED,12-09-2023,,Licensed,Special purpose vehicle
NEO CRYSTAL HOLDINGS LTD,12-09-2023,AL TAMIMI & CO. CORPORATE SERVICES LIMITED,Licensed,Special purpose vehicle
APEIRON HOLDING LIMITED,12-09-2023,M-HQ LTD,Licensed,Special purpose vehicle
PLATINUM RPI POMPANO B 2023 RSC LIMITED,13-09-2023,,Licensed,Special purpose vehicle
DII EDUCATION HOLDING L.T.D.,13-09-2023,AL TAMIMI & CO. CORPORATE SERVICES LIMITED,Licensed,Special purpose vehicle
AL ILHAM HOLDING LIMITED,13-09-2023,,License cancelled,Special purpose vehicle
APEX DYNAMICS GROUP HOLDINGS LTD,13-09-2023,ROSEMONT PARTNERS CORPORATE SERVICES LIMITED,Licensed,Special purpose vehicle
CONCEPTUAL MENA HOLDING LIMITED,13-09-2023,GRANT THORNTON AUDIT AND ACCOUNTING LIMITED,Licensed,Special purpose vehicle
RYS HOLDINGS LIMITED,13-09-2023,M-HQ LTD,Licensed,Special purpose vehicle
ALGT GROUP HOLDING LTD,13-09-2023,ACCLIME CORPORATE SERVICES LIMITED,Licensed,Special purpose vehicle
FLUX HOLDING LIMITED,13-09-2023,WALKERS PROFESSIONAL SERVICES (MIDDLE EAST) LIMITED,Licensed,Special purpose vehicle
AXIS FOUNDATION,13-09-2023,ROSEMONT PARTNERS CORPORATE SERVICES LIMITED,Licensed,Foundation
INOV8 TECHNOLOGY RSC LTD,14-09-2023,ACCLIME CORPORATE SERVICES LIMITED,Licensed,Special purpose vehicle
RITAL HOLDING LIMITED,14-09-2023,KPI AHLI CHARTERED ACCOUNTANTS,Licensed,Special purpose vehicle
DERBY GROUP HOLDING LTD,14-09-2023,10 LEAVES LIMITED,Licensed,Special purpose vehicle
XQT HOLDING LTD,14-09-2023,ACCLIME CORPORATE SERVICES LIMITED,Licensed,Special purpose vehicle
BLACK BLOCK RSC LTD,14-09-2023,ACCLIME CORPORATE SERVICES LIMITED,Licensed,Special purpose vehicle
PHI RSC LTD,14-09-2023,WALKERS PROFESSIONAL SERVICES (MIDDLE EAST) LIMITED,Licensed,Special purpose vehicle
SPADES HOLDINGS LIMITED,15-09-2023,CLARA FORMATIONS LIMITED,Licensed,Special purpose vehicle
SAH FLY VICTOR SPV LTD,15-09-2023,ACCLIME CORPORATE SERVICES LIMITED,Licensed,Special purpose vehicle
TREE HOLDING LIMITED,15-09-2023,WALKERS PROFESSIONAL SERVICES (MIDDLE EAST) LIMITED,Licensed,Special purpose vehicle
POSEIDON OCEAN RSC LTD,15-09-2023,ASSISS LTD,Licensed,Special purpose vehicle
1000 LEADERS HOLDINGS LIMITED,18-09-2023,CLARA FORMATIONS LIMITED,Licensed,Special purpose vehicle
DESERT OASIS SPV LIMITED,18-09-2023,,Licensed,Special purpose vehicle
LIBRECO HOLDINGS LIMITED,19-09-2023,WALKERS PROFESSIONAL SERVICES (MIDDLE EAST) LIMITED,Licensed,Special purpose vehicle
GD ENERGY HOLDING LIMITED,19-09-2023,PRAXISIFM TRUST LIMITED,Licensed,Special purpose vehicle
NEXACORP HOLDINGS LTD,19-09-2023,ROSEMONT PARTNERS CORPORATE SERVICES LIMITED,Licensed,Special purpose vehicle
HYDROGEN INNOVATIONS HOLDINGS LIMITED,19-09-2023,ELNAGGAR & PARTNERS LIMITED,Licensed,Special purpose vehicle
GVL INVESTMENTS SPV PVT. LTD,19-09-2023,AMICORP ADVISORY LIMITED,Licensed,Special purpose vehicle
ALMAK KZ HOLDING LIMITED,19-09-2023,COUNSEL SERVICES LIMITED,Licensed,Special purpose vehicle
SBA FOUNDATION,19-09-2023,ASSISS LTD,Licensed,Foundation
ORIENT EXPRESS FOUNDATION,19-09-2023,RAD CORPORATE SERVICES LIMITED,Licensed,Foundation
UNION FOUNDATION,19-09-2023,,Licensed,Foundation
SHUAA ENERGY 4 HOLDING RSC LIMITED,20-09-2023,WALKERS PROFESSIONAL SERVICES (MIDDLE EAST) LIMITED,Licensed,Special purpose vehicle
BDH INTERNATIONAL HOLDING LIMITED,20-09-2023,10 LEAVES LIMITED,License cancelled,Special purpose vehicle
RIPCORD HOLDINGS LIMITED,20-09-2023,AL TAMIMI & CO. CORPORATE SERVICES LIMITED,Licensed,Special purpose vehicle
MINNHA HOLDING LTD,20-09-2023,ACCLIME CORPORATE SERVICES LIMITED,Licensed,Special purpose vehicle
WALQ HOLDINGS LIMITED,20-09-2023,WALKERS PROFESSIONAL SERVICES (MIDDLE EAST) LIMITED,Licensed,Special purpose vehicle
NOWA HOLDING LIMITED,21-09-2023,STROLLA LLP,Licensed,Special purpose vehicle
HELLOAPP HOLDING LTD,21-09-2023,10 LEAVES LIMITED,Licensed,Special purpose vehicle
ARTEMIS HOLDINGS LTD,21-09-2023,MABA CORPORATE SERVICES LIMITED,Licensed,Special purpose vehicle
HORIZON HOLDING LIMITED,21-09-2023,,Licensed,Special purpose vehicle
ECHO HOLDING LIMITED,21-09-2023,MABA CORPORATE SERVICES LIMITED,Licensed,Special purpose vehicle
VERTEX HOLDING LIMITED,21-09-2023,,Licensed,Special purpose vehicle
SBL HOLDINGS LIMITED,21-09-2023,CSP GROUP LTD,Licensed,Special purpose vehicle
HYPERION HOLDINGS LTD,21-09-2023,MABA CORPORATE SERVICES LIMITED,Licensed,Special purpose vehicle
TPH SEMICONDUCTOR HOLDINGS LIMITED,22-09-2023,KPI AHLI CHARTERED ACCOUNTANTS,Licensed,Special purpose vehicle
HADES HOLDINGS LTD,22-09-2023,MABA CORPORATE SERVICES LIMITED,Licensed,Special purpose vehicle
VINCO HOLDING LIMITED,22-09-2023,STROLLA LLP,Licensed,Special purpose vehicle
HUMMINGBIRD HOLDING LIMITED,22-09-2023,EQUIOM CORPORATE SERVICES (MIDDLE EAST) LTD,Licensed,Special purpose vehicle
TITAN LITHIUM HOLDINGS LTD,22-09-2023,PRAXISIFM TRUST LIMITED,Licensed,Special purpose vehicle
ADNOC INTERNATIONAL INVESTMENTS ME HOLDCO 1 RSC LIMITED,22-09-2023,,Licensed,Special purpose vehicle
ADNOC INTERNATIONAL INVESTMENTS HAP’Y PROJECTCO RSC LIMITED,22-09-2023,,Licensed,Special purpose vehicle
ADNOC INTERNATIONAL INVESTMENTS EAST MED HOLDCO 1 RSC LIMITED,22-09-2023,,Licensed,Special purpose vehicle
TWO POINT ZERO B RSC LTD,22-09-2023,CROWE MAK LLP,Licensed,Special purpose vehicle
TAIGH CLOICHE FOUNDATION,22-09-2023,EQUUS CORPORATE LIMITED,Licensed,Foundation
COPPER HOLDINGS (ME) LIMITED,25-09-2023,J. AWAN & PARTNERS LIMITED,Licensed,Special purpose vehicle
MAPLE TREE HOLDING LTD,25-09-2023,MABA CORPORATE SERVICES LIMITED,License cancelled,Special purpose vehicle
LOOSE CUBES FOUNDATION,25-09-2023,CSP GROUP LTD,Licensed,Foundation
ALIF INVESTMENT HOLDINGS LIMITED,26-09-2023,ASSISS LTD,Licensed,Special purpose vehicle
AIREV HOLDING LIMITED,26-09-2023,ACCLIME CORPORATE SERVICES LIMITED,Licensed,Special purpose vehicle
AL WOROOD LAND SPV RSC LTD,26-09-2023,,Licensed,Special purpose vehicle
AL BAHYAH 1 SPV RSC LTD,26-09-2023,,Licensed,Special purpose vehicle
YAS ACRES A01 SPV RSC LTD,26-09-2023,,Licensed,Special purpose vehicle
YAS ACRES A025 SPV RSC LTD,26-09-2023,,Licensed,Special purpose vehicle
YAS ACRES A02 SPV RSC LTD,26-09-2023,,Licensed,Special purpose vehicle
YAS ACRES A024 SPV RSC LTD,26-09-2023,,Licensed,Special purpose vehicle
SHOWROOM LAND SPV RSC LTD,26-09-2023,,Licensed,Special purpose vehicle
BABY YAS ISLAND SPV RSC LTD,26-09-2023,,Licensed,Special purpose vehicle
AL MUSHRIF ED 1 SPV RSC LTD,26-09-2023,,Licensed,Special purpose vehicle
REEM HILLS 11 RSC LTD,26-09-2023,,Licensed,Special purpose vehicle
REEM HILLS 12 RSC LTD,26-09-2023,,Licensed,Special purpose vehicle
AL BATEEN LAND SPV RSC LTD,26-09-2023,,Licensed,Special purpose vehicle
ZK HOLDING LTD,27-09-2023,AL TAMIMI & CO. CORPORATE SERVICES LIMITED,Licensed,Special purpose vehicle
YAS ACRES A03 SPV RSC LTD,27-09-2023,,Licensed,Special purpose vehicle
AL BAHYAH 2 SPV RSC LTD,27-09-2023,,Licensed,Special purpose vehicle
YAS ACRES A04 SPV RSC LTD,27-09-2023,,Licensed,Special purpose vehicle
YAS ACRES A05 SPV RSC LTD,27-09-2023,,Licensed,Special purpose vehicle
YAS ACRES A017 SPV RSC LTD,27-09-2023,,Licensed,Special purpose vehicle
YAS ACRES A018 SPV RSC LTD,27-09-2023,,Licensed,Special purpose vehicle
YAS ACRES A019 SPV RSC LTD,27-09-2023,,Licensed,Special purpose vehicle
YAS ACRES A020 SPV RSC LTD,27-09-2023,,Licensed,Special purpose vehicle
YAS ACRES A021 SPV RSC LTD,27-09-2023,,Licensed,Special purpose vehicle
YAS ACRES A023 SPV RSC LTD,27-09-2023,,Licensed,Special purpose vehicle
REEM HILLS 13 RSC LTD,27-09-2023,,Licensed,Special purpose vehicle
REEM HILLS 14 RSC LTD,27-09-2023,,Licensed,Special purpose vehicle
REEM HILLS 15 RSC LTD,27-09-2023,,Licensed,Special purpose vehicle
RPG HOLDINGS LTD,28-09-2023,ASSISS LTD,Licensed,Special purpose vehicle
XLONGEVITY HOLDINGS LIMITED,28-09-2023,CLARA FORMATIONS LIMITED,License cancelled,Special purpose vehicle
MANSION HOLDINGS LIMITED,28-09-2023,ACCLIME CORPORATE SERVICES LIMITED,Licensed,Special purpose vehicle
SALT RECRUITMENT HOLDINGS LIMITED,28-09-2023,ROSEMONT PARTNERS CORPORATE SERVICES LIMITED,Licensed,Special purpose vehicle
ARRAADA CAPITAL PARTNERS SPV LIMITED,28-09-2023,,Licensed,Special purpose vehicle
PEACE HOLDING RSC LTD,28-09-2023,,Licensed,Special purpose vehicle
THE MANOR FOUNDATION,28-09-2023,CROWE MAK LLP,Licensed,Foundation
HUMANTRA HOLDINGS LIMITED,02-10-2023,WALKERS PROFESSIONAL SERVICES (MIDDLE EAST) LIMITED,Licensed,Special purpose vehicle
HMH HOSPITALITY GROUP HOLDING LIMITED,02-10-2023,,Licensed,Special purpose vehicle
AL HAMMADI GROUP HOLDING LTD,02-10-2023,MAPLES FIDUCIARY SERVICES (MIDDLE EAST) LIMITED,Licensed,Special purpose vehicle
AMIMA HOLDINGS LIMITED,02-10-2023,CLARA FORMATIONS LIMITED,Licensed,Special purpose vehicle
MAGELLAN WATER SPV HOLDINGS LIMITED,02-10-2023,CLARA FORMATIONS LIMITED,Licensed,Special purpose vehicle
EEM HOLDING LIMITED,02-10-2023,CLYDE SERVICES LIMITED,Licensed,Special purpose vehicle
G2 HOLDING LIMITED,02-10-2023,CLYDE SERVICES LIMITED,Licensed,Special purpose vehicle
FALCONS TEAM SPV LIMITED,02-10-2023,MABA CORPORATE SERVICES LIMITED,Licensed,Special purpose vehicle
CHAMS FOUNDATION,02-10-2023,ADS INVESTMENT SOLUTIONS LIMITED,Licensed,Foundation
QUANTUM FOUNDATION,02-10-2023,RAD CORPORATE SERVICES LIMITED,Licensed,Foundation
DIAVERUM SPV RSC LTD,03-10-2023,,Licensed,Special purpose vehicle
MHG REAL ESTATE HOLDING LIMITED,03-10-2023,CROWE MAK LLP,Licensed,Special purpose vehicle
HW CAPITAL INVESTMENTS SPV LIMITED,03-10-2023,ROSEMONT PARTNERS CORPORATE SERVICES LIMITED,Licensed,Special purpose vehicle
PLATINUM MANGO B GP 2018 RSC LIMITED,03-10-2023,,Licensed,Special purpose vehicle
PLATINUM MANGO B UNITHOLDER 2018 RSC LIMITED,03-10-2023,,Licensed,Special purpose vehicle
MASDAR EUROPE HOLDING RSC LIMITED,04-10-2023,,Licensed,Special purpose vehicle
AL AIN PROPERTIES OVERSEAS RSC LIMITED,04-10-2023,ACCLIME CORPORATE SERVICES LIMITED,Licensed,Special purpose vehicle
RAFAM HOLDING LTD,04-10-2023,,Licensed,Special purpose vehicle
SMHA HOLDING LIMITED,04-10-2023,,Licensed,Special purpose vehicle
BOAB MENA SPV LIMITED,04-10-2023,ROSEMONT PARTNERS CORPORATE SERVICES LIMITED,Licensed,Special purpose vehicle
EIGHTCLOUDS EDUCATION HOLDINGS LIMITED,04-10-2023,CLARA FORMATIONS LIMITED,Licensed,Special purpose vehicle
AL AKHDAR HOLDING LIMITED,04-10-2023,MABA CORPORATE SERVICES LIMITED,Licensed,Special purpose vehicle
HELLOTECH HOLDING LTD,04-10-2023,10 LEAVES LIMITED,Licensed,Special purpose vehicle
AL BIHOUTH WASTE TO ENERGY DEVELOPER HOLDING CO LTD,05-10-2023,AL TAMIMI & CO. CORPORATE SERVICES LIMITED,Licensed,Special purpose vehicle
ATLAS DIGITAL GROUP SPV LIMITED,05-10-2023,M-HQ LTD,Licensed,Special purpose vehicle
AXIS HOLDINGS LIMITED,05-10-2023,ROSEMONT PARTNERS CORPORATE SERVICES LIMITED,Licensed,Special purpose vehicle
F9 ENERGY TRANSITION GP LTD,05-10-2023,,Licensed,Special purpose vehicle
ELEMENT BASE HOLDING LIMITED,05-10-2023,10 LEAVES LIMITED,Licensed,Special purpose vehicle
LEAF HOLDINGS LIMITED,05-10-2023,CLARA FORMATIONS LIMITED,Licensed,Special purpose vehicle
ORIENT LUXURY FOOD HOLDING LTD,06-10-2023,,Licensed,Special purpose vehicle
XPLOR INVESTMENTS HOLDING LIMITED,06-10-2023,CLARA FORMATIONS LIMITED,Licensed,Special purpose vehicle
GROWVALLEY HOLDINGS LIMITED,06-10-2023,CLARA FORMATIONS LIMITED,Licensed,Special purpose vehicle
MARKSMAN HOLDING LIMITED,06-10-2023,10 LEAVES LIMITED,Licensed,Special purpose vehicle
ANANAS HOLDINGS LIMITED,06-10-2023,CLARA FORMATIONS LIMITED,Licensed,Special purpose vehicle
REALIZE HOLDING LIMITED,06-10-2023,IQ EQ MIDDLE EAST SERVICES LIMITED,Licensed,Special purpose vehicle
L3RN HOLDING LIMITED,09-10-2023,KPI AHLI CHARTERED ACCOUNTANTS,License cancelled,Special purpose vehicle
DEEMA HOLDING LTD,09-10-2023,,Licensed,Special purpose vehicle
STHRIVE HOLDINGS LIMITED,09-10-2023,CLARA FORMATIONS LIMITED,Licensed,Special purpose vehicle
BIOVOLF HOLDINGS LIMITED,09-10-2023,CLARA FORMATIONS LIMITED,Licensed,Special purpose vehicle
SHPPER HOLDINGS LIMITED,09-10-2023,CLARA FORMATIONS LIMITED,Licensed,Special purpose vehicle
DEPO TECHNOLOGIES HOLDINGS LIMITED,09-10-2023,CLARA FORMATIONS LIMITED,Licensed,Special purpose vehicle
DIGITAL FIRST AI HOLDINGS LIMITED,10-10-2023,CLARA FORMATIONS LIMITED,License cancelled,Special purpose vehicle
MAXION TECH HOLDINGS LIMITED,10-10-2023,CLARA FORMATIONS LIMITED,Licensed,Special purpose vehicle
CLTS RESEARCH HOLDINGS LIMITED,10-10-2023,10 LEAVES LIMITED,Licensed,Special purpose vehicle
EMAGINE HOLDINGS LIMITED,10-10-2023,10 LEAVES LIMITED,Licensed,Special purpose vehicle
CRUNCHDAO HOLDINGS LIMITED,10-10-2023,CLARA FORMATIONS LIMITED,Licensed,Special purpose vehicle
REBOUND HOLDINGS LIMITED,10-10-2023,ELNAGGAR & PARTNERS LIMITED,Licensed,Special purpose vehicle
WHITE SHARK HOLDINGS LIMITED,11-10-2023,ACCLIME CORPORATE SERVICES LIMITED,License cancelled,Special purpose vehicle
THE WHY COMPANY HOLDINGS LIMITED,11-10-2023,CLARA FORMATIONS LIMITED,Licensed,Special purpose vehicle
RETAILHUB HOLDINGS LIMITED,11-10-2023,CLARA FORMATIONS LIMITED,Licensed,Special purpose vehicle
EGA SHIPPING HOLDINGS COMPANY LIMITED,11-10-2023,WALKERS PROFESSIONAL SERVICES (MIDDLE EAST) LIMITED,Licensed,Special purpose vehicle
SRQ TAMKEEN VI SPV LTD,11-10-2023,,Licensed,Special purpose vehicle
WARK HOLDINGS LIMITED,12-10-2023,CLARA FORMATIONS LIMITED,License cancelled,Special purpose vehicle
EREHAB HOLDINGS LIMITED,12-10-2023,CLARA FORMATIONS LIMITED,Licensed,Special purpose vehicle
PLACES INVESTMENT SPV LTD,12-10-2023,ASSISS LTD,Licensed,Special purpose vehicle
HORIZON IP HOLDING LIMITED,12-10-2023,PEREGRINE CORPORATE SERVICES LTD,Licensed,Special purpose vehicle
CHAPTER-O FOUNDATION,12-10-2023,M-HQ LTD,Licensed,Foundation
DELTA STONE INVESTMENT RSC LTD,13-10-2023,CROWE MAK LLP,Licensed,Special purpose vehicle
JUMBEY HOLDINGS LIMITED,13-10-2023,CLARA FORMATIONS LIMITED,Licensed,Special purpose vehicle
MAHM LABS HOLDINGS LIMITED,13-10-2023,CLARA FORMATIONS LIMITED,Licensed,Special purpose vehicle
THE YELLOWSAND FOUNDATION,13-10-2023,OCORIAN CORPORATE SERVICES (ME) LIMITED,Licensed,Foundation
MASADER HOLDING LTD,16-10-2023,ACCLIME CORPORATE SERVICES LIMITED,Licensed,Special purpose vehicle
OMNISPAY HOLDINGS LIMITED,16-10-2023,CLARA FORMATIONS LIMITED,Licensed,Special purpose vehicle
EGA INTERNATIONAL HOLDINGS LIMITED,16-10-2023,WALKERS PROFESSIONAL SERVICES (MIDDLE EAST) LIMITED,Licensed,Special purpose vehicle
BUNYAN OPPORTUNITY I SPV LTD,16-10-2023,,Licensed,Special purpose vehicle
ELEVATION HOLDINGS RSC LIMITED,17-10-2023,,Licensed,Special purpose vehicle
BLUEROCK IMPACT SPV LIMITED,17-10-2023,10 LEAVES LIMITED,Licensed,Special purpose vehicle
SRQ TAMKEEN VII SPV LTD,17-10-2023,,Licensed,Special purpose vehicle
BAEYNH HOLDING LTD,18-10-2023,ACCLIME CORPORATE SERVICES LIMITED,Licensed,Special purpose vehicle
DLK HOLDINGS LIMITED,18-10-2023,SANCTUARY CORPORATE SERVICES FZ LLC,Licensed,Special purpose vehicle
POLARIS FLOW HOLDINGS LIMITED,18-10-2023,SANCTUARY CORPORATE SERVICES FZ LLC,Licensed,Special purpose vehicle
ADVANCE HOLDING LIMITED,18-10-2023,10 LEAVES LIMITED,Licensed,Special purpose vehicle
"AV76 SCIENCE HOLDINGS, LTD",18-10-2023,WALKERS PROFESSIONAL SERVICES (MIDDLE EAST) LIMITED,Licensed,Special purpose vehicle
CZAR HOLDINGS LIMITED,18-10-2023,CLARA FORMATIONS LIMITED,Licensed,Special purpose vehicle
VR SPV RSC LTD,19-10-2023,,Licensed,Special purpose vehicle
VRH SPV RSC LTD,19-10-2023,,Licensed,Special purpose vehicle
SEEDERS RE01 HOLDING LTD,19-10-2023,MAPLES FIDUCIARY SERVICES (MIDDLE EAST) LIMITED,License cancelled,Special purpose vehicle
OCEANBLOCKS HOLDINGS LIMITED,19-10-2023,CLARA FORMATIONS LIMITED,Licensed,Special purpose vehicle
GLOBAL SKILLS SEEKERS HOLDINGS LIMITED,19-10-2023,CLARA FORMATIONS LIMITED,Licensed,Special purpose vehicle
LULU INTERNATIONAL RETAIL LIMITED,19-10-2023,CROWE MAK LLP,Licensed,Special purpose vehicle
LULU PROPERTIES HOLDINGS LIMITED,19-10-2023,CROWE MAK LLP,Licensed,Special purpose vehicle
LULU MALL HOLDINGS LIMITED,19-10-2023,CROWE MAK LLP,Licensed,Special purpose vehicle
NBANDASSOCIATES INVESTMENT CO. LTD,19-10-2023,10 LEAVES LIMITED,Licensed,Special purpose vehicle
MONEYMOON HOLDINGS LIMITED,19-10-2023,CLARA FORMATIONS LIMITED,Licensed,Special purpose vehicle
SUPERTECH GLOBAL HOLDING LIMITED,19-10-2023,10 LEAVES LIMITED,Licensed,Special purpose vehicle
THE BROOKVILLE FOUNDATION,19-10-2023,OCORIAN CORPORATE SERVICES (ME) LIMITED,Licensed,Foundation
EQ REEM HOLDING LIMITED,20-10-2023,MAPLES FIDUCIARY SERVICES (MIDDLE EAST) LIMITED,Licensed,Special purpose vehicle
AI GLOBAL HOLDING LIMITED,20-10-2023,CLYDE SERVICES LIMITED,Licensed,Special purpose vehicle
TOLL-CWT HOLDINGS LIMITED,20-10-2023,WALKERS PROFESSIONAL SERVICES (MIDDLE EAST) LIMITED,Licensed,Special purpose vehicle
HAYY HOLDING LIMITED,20-10-2023,OCORIAN CORPORATE SERVICES (ME) LIMITED,Licensed,Special purpose vehicle
SZ INVESTMENTS SPV LTD,20-10-2023,ACCLIME CORPORATE SERVICES LIMITED,Licensed,Special purpose vehicle
MASAAR INVESTMENT RSC LTD,20-10-2023,ACCLIME CORPORATE SERVICES LIMITED,Licensed,Special purpose vehicle
BA ALGHAIYLAM 11 RSC LTD,20-10-2023,ACCLIME CORPORATE SERVICES LIMITED,Licensed,Special purpose vehicle
HIGHLAND V10 RSC LTD,20-10-2023,ACCLIME CORPORATE SERVICES LIMITED,Licensed,Special purpose vehicle
HORIZON FOUNDATION,20-10-2023,M-HQ LTD,Licensed,Foundation
GREEN HEAVEN HOLDING LIMITED,23-10-2023,COUNSEL SERVICES LIMITED,Licensed,Special purpose vehicle
FS DEVELOPMENT SPV LTD,23-10-2023,CROWE MAK LLP,Licensed,Special purpose vehicle
CIRO HOLDING LIMITED,23-10-2023,CSP GROUP LTD,Licensed,Special purpose vehicle
MYRA INVESTMENTS SPV LTD,23-10-2023,WALKERS PROFESSIONAL SERVICES (MIDDLE EAST) LIMITED,Licensed,Special purpose vehicle
HEMAYEL HOLDING RSC LTD,23-10-2023,ACCLIME CORPORATE SERVICES LIMITED,Licensed,Special purpose vehicle
KAA PRIVATE FOUNDATION,23-10-2023,KALANTAR BUSINESS LAW GROUP LTD,Licensed,Foundation
CARE FOUNDATION,23-10-2023,ROSEMONT PARTNERS CORPORATE SERVICES LIMITED,Licensed,Foundation
THE FARMLANE FOUNDATION,23-10-2023,OCORIAN CORPORATE SERVICES (ME) LIMITED,Licensed,Foundation
THE ELMSTONE FOUNDATION,23-10-2023,OCORIAN CORPORATE SERVICES (ME) LIMITED,Licensed,Foundation
OASIS HOSPITALITY HOLDING LTD,24-10-2023,10 LEAVES LIMITED,Licensed,Special purpose vehicle
MAVERICK77 HOLDING LIMITED,24-10-2023,,Licensed,Special purpose vehicle
MAWARID HOLDING LTD,24-10-2023,ACCLIME CORPORATE SERVICES LIMITED,Licensed,Special purpose vehicle
SHELAYLAH ISL RSC LTD,24-10-2023,ACCLIME CORPORATE SERVICES LIMITED,Licensed,Special purpose vehicle
JISHIKE HOLDINGS LTD,25-10-2023,CLARA FORMATIONS LIMITED,Licensed,Special purpose vehicle
ARP DIGITAL HOLDINGS LIMITED,25-10-2023,CLARA FORMATIONS LIMITED,Licensed,Special purpose vehicle
PRE HOLDING LTD,25-10-2023,ASSISS LTD,Licensed,Special purpose vehicle
MORNINGSIDE VENTURES HOLDINGS LIMITED,25-10-2023,CLARA FORMATIONS LIMITED,License cancelled,Special purpose vehicle
VIRTUS ENERGY SPV LTD,25-10-2023,WALKERS PROFESSIONAL SERVICES (MIDDLE EAST) LIMITED,Licensed,Special purpose vehicle
ACCEL UNO HOLDINGS LIMITED,26-10-2023,CLARA FORMATIONS LIMITED,Licensed,Special purpose vehicle
3AI HOLDING LIMITED,26-10-2023,10 LEAVES LIMITED,Licensed,Special purpose vehicle
LYCHEE HOLDINGS LIMITED,26-10-2023,GRIFFIN CORPORATE SERVICES LTD,Licensed,Special purpose vehicle
Q INDUSTRIAL HOLDINGS LTD,26-10-2023,,Licensed,Special purpose vehicle
NINE 55 HOLDING LIMITED,27-10-2023,AL TAMIMI & CO. CORPORATE SERVICES LIMITED,Licensed,Special purpose vehicle
GRADIANT MIDDLE EAST HOLDINGS LIMITED,27-10-2023,SOVEREIGN CORPORATE SERVICES ME LIMITED,Licensed,Special purpose vehicle
1001 SPORTS HOLDINGS LIMITED,27-10-2023,CLARA FORMATIONS LIMITED,Licensed,Special purpose vehicle
MONOCEROS SPV LTD,27-10-2023,M-HQ LTD,Licensed,Special purpose vehicle
Q INDUSTRIAL INVESTMENTS LTD,27-10-2023,,Licensed,Special purpose vehicle
VIY GROWTH INVESTMENT HOLDING LIMITED,30-10-2023,AL TAMIMI & CO. CORPORATE SERVICES LIMITED,License cancelled,Special purpose vehicle
EDUHAX HOLDINGS LIMITED,30-10-2023,CLARA FORMATIONS LIMITED,Licensed,Special purpose vehicle
A&A HOLDINGS LTD,30-10-2023,ROSEMONT PARTNERS CORPORATE SERVICES LIMITED,Licensed,Special purpose vehicle
GLOBAL ENERGY ASSETS HOLDINGS LIMITED,30-10-2023,CLARA FORMATIONS LIMITED,Licensed,Special purpose vehicle
UTOPIA HOLDING LIMITED,30-10-2023,MABA CORPORATE SERVICES LIMITED,Licensed,Special purpose vehicle
JCU INNOVATION HOLDINGS LIMITED,31-10-2023,CLARA FORMATIONS LIMITED,License cancelled,Special purpose vehicle
SHELEX HOLDING LTD,31-10-2023,CROWE MAK LLP,Licensed,Special purpose vehicle
IES GROUP HOLDINGS LTD,31-10-2023,CLARA FORMATIONS LIMITED,Licensed,Special purpose vehicle
LINDAS HOLDING LTD,31-10-2023,CLARA FORMATIONS LIMITED,Licensed,Special purpose vehicle
TIPQC HOLDINGS LIMITED,31-10-2023,CLARA FORMATIONS LIMITED,License cancelled,Special purpose vehicle
STARTIFY HOLDINGS LIMITED,31-10-2023,MABA CORPORATE SERVICES LIMITED,License cancelled,Special purpose vehicle
TAU DREAM SPV RSC LTD,31-10-2023,ASSISS LTD,Licensed,Special purpose vehicle
TAU ANTIDOTE SPV RSC LTD,31-10-2023,ASSISS LTD,Licensed,Special purpose vehicle
TAU AWZ X-SEED SPV RSC LTD,31-10-2023,ASSISS LTD,Licensed,Special purpose vehicle
AUGNYTE INVESTMENTS RSC LTD,01-11-2023,,Licensed,Special purpose vehicle
NEO TECH MOBILITY HOLDINGS LIMITED,01-11-2023,CLARA FORMATIONS LIMITED,Licensed,Special purpose vehicle
THUNGELA MARKETING INTERNATIONAL HOLDINGS LIMITED,01-11-2023,CSP GROUP LTD,Licensed,Special purpose vehicle
E& LIFE HOLDING LIMITED,01-11-2023,WALKERS PROFESSIONAL SERVICES (MIDDLE EAST) LIMITED,Licensed,Special purpose vehicle
TAU RSC LTD,02-11-2023,WALKERS PROFESSIONAL SERVICES (MIDDLE EAST) LIMITED,Licensed,Special purpose vehicle
LAVAN HOLDINGS LIMITED,02-11-2023,ROSEMONT PARTNERS CORPORATE SERVICES LIMITED,Licensed,Special purpose vehicle
SOLAR INJECTION SPV LTD,02-11-2023,CSP GROUP LTD,Licensed,Special purpose vehicle
NYMRODE HOLDINGS LIMITED,02-11-2023,M-HQ LTD,License cancelled,Special purpose vehicle
GREEN TREE HOLDING LIMITED,02-11-2023,CLARA FORMATIONS LIMITED,Licensed,Special purpose vehicle
AK GROUP SPV LIMITED,02-11-2023,WALKERS PROFESSIONAL SERVICES (MIDDLE EAST) LIMITED,Licensed,Special purpose vehicle
WIDE PLAINS HOLDING LTD,02-11-2023,ADS INVESTMENT SOLUTIONS LIMITED,Licensed,Special purpose vehicle
TREE OAK SPV LIMITED,02-11-2023,ACCLIME CORPORATE SERVICES LIMITED,Licensed,Special purpose vehicle
ALPHA ORYX II LIMITED,02-11-2023,,Licensed,Special purpose vehicle
RM PROPERTY FOUNDATION,02-11-2023,SANCTUARY CORPORATE SERVICES FZ LLC,Licensed,Foundation
LIQUESCENT HOLDINGS LIMITED,03-11-2023,CROWE MAK LLP,Licensed,Special purpose vehicle
CBD WORLDWIDE HOLDINGS LIMITED,03-11-2023,CSP GROUP LTD,Licensed,Special purpose vehicle
PEREGRINE HOLDING LTD,06-11-2023,CROWE MAK LLP,License cancelled,Special purpose vehicle
COVE RESORT HOLDINGS LIMITED,06-11-2023,OCORIAN CORPORATE SERVICES (ME) LIMITED,Licensed,Special purpose vehicle
EVA MINES HOLDINGS LIMITED,06-11-2023,ROSEMONT PARTNERS CORPORATE SERVICES LIMITED,Licensed,Special purpose vehicle
ALSHAIKH HOLDINGS LIMITED,07-11-2023,CLARA FORMATIONS LIMITED,Licensed,Special purpose vehicle
JOY INVEST HOLDING LIMITED,07-11-2023,SWISS GROUP LEGAL LTD,Licensed,Special purpose vehicle
AJYAAL CAPITAL HOLDINGS LIMITED,07-11-2023,CLARA FORMATIONS LIMITED,Licensed,Special purpose vehicle
LUNATE CLIMATE HOLDING RSC LIMITED,08-11-2023,,Licensed,Special purpose vehicle
AZZALIT HOLDINGS LIMITED,08-11-2023,M-HQ LTD,Licensed,Special purpose vehicle
INTERSTELLAR HOLDING LIMITED,08-11-2023,MABA CORPORATE SERVICES LIMITED,License cancelled,Special purpose vehicle
MAGUSTA HOLDINGS LIMITED,08-11-2023,CLARA FORMATIONS LIMITED,Licensed,Special purpose vehicle
MERAKI GLOBAL HOLDINGS LIMITED,08-11-2023,CLARA FORMATIONS LIMITED,Licensed,Special purpose vehicle
AL MONTAZAH SM HOLDINGS LTD,08-11-2023,ACCLIME CORPORATE SERVICES LIMITED,Licensed,Special purpose vehicle
IRH INVESTMENTS SPV RSC LTD,08-11-2023,CROWE MAK LLP,Licensed,Special purpose vehicle
TAU LEXHAM SPV RSC LTD,08-11-2023,ASSISS LTD,Licensed,Special purpose vehicle
PLATINUM TAWREED INVESTMENTS A 2010 RSC LIMITED,09-11-2023,,Licensed,Special purpose vehicle
"PSYCHIATRY, PSYCHOLOGY & NEUROSCIENCE HOLDING LIMITED",09-11-2023,CLARA FORMATIONS LIMITED,Licensed,Special purpose vehicle
API VENTURES HOLDING LTD,09-11-2023,ASSISS LTD,Licensed,Special purpose vehicle
NORDICON HOLDINGS LIMITED,09-11-2023,STROLLA LLP,Licensed,Special purpose vehicle
LUNATE DIRECT INVESTMENTS I (GP) SPV LTD,09-11-2023,,Licensed,Special purpose vehicle
LUNATE FUND OF FUNDS I (GP) SPV LTD,09-11-2023,,Licensed,Special purpose vehicle
LUNATE LONG-TERM CAPITAL I (GP) SPV LTD,09-11-2023,,Licensed,Special purpose vehicle
LUNATE SPECIAL OPPORTUNITIES I (GP) SPV LTD,09-11-2023,,Licensed,Special purpose vehicle
LUNATE SPECIAL INVESTMENTS I (GP) SPV LTD,09-11-2023,,Licensed,Special purpose vehicle
TURTLE INVESTMENT HOLDINGS SPV RSC LTD,10-11-2023,,Licensed,Special purpose vehicle
MERCURY INVESTMENTS SPV LTD,10-11-2023,ELNAGGAR & PARTNERS LIMITED,Licensed,Special purpose vehicle
PLATINUM TRIBULUS C 2023 RSC LIMITED,13-11-2023,,Licensed,Special purpose vehicle
FAB INVEST SPV RSC LIMITED,13-11-2023,WALKERS PROFESSIONAL SERVICES (MIDDLE EAST) LIMITED,Licensed,Special purpose vehicle
1968A SPV RSC LIMITED,13-11-2023,WALKERS PROFESSIONAL SERVICES (MIDDLE EAST) LIMITED,Licensed,Special purpose vehicle
1968B SPV RSC LIMITED,13-11-2023,WALKERS PROFESSIONAL SERVICES (MIDDLE EAST) LIMITED,Licensed,Special purpose vehicle
SAKSHAM MIDDLE EAST HOLDING LIMITED,13-11-2023,M-HQ LTD,Licensed,Special purpose vehicle
AC OYSTER II HOLDING LTD,13-11-2023,CLARA FORMATIONS LIMITED,Licensed,Special purpose vehicle
WORKX HOLDINGS LIMITED,13-11-2023,CLARA FORMATIONS LIMITED,Licensed,Special purpose vehicle
OBEGI LIFESTYLE HOLDING LTD,13-11-2023,CSP GROUP LTD,Licensed,Special purpose vehicle
MOG INVESTMENTS SPV LTD,13-11-2023,ACCLIME CORPORATE SERVICES LIMITED,Licensed,Special purpose vehicle
DIM FOUNDATION,13-11-2023,MABA CORPORATE SERVICES LIMITED,Licensed,Foundation
OASIS PEARL HOLDING LIMITED,14-11-2023,AL TAMIMI & CO. CORPORATE SERVICES LIMITED,Licensed,Special purpose vehicle
6 SIGMA HOLDINGS LIMITED,14-11-2023,PIFM CORPORATE SERVICES LIMITED,License cancelled,Special purpose vehicle
THABIT HOLDING LTD,14-11-2023,10 LEAVES LIMITED,License cancelled,Special purpose vehicle
MOSAIC PROPERTIES SPV LTD,14-11-2023,PRAXISIFM TRUST LIMITED,Licensed,Special purpose vehicle
LIVETIME HOLDING LIMITED,14-11-2023,COUNSEL SERVICES LIMITED,Licensed,Special purpose vehicle
TAU VELOCITY SPV RSC LTD,14-11-2023,ASSISS LTD,Licensed,Special purpose vehicle
DOCKS AND PORTS WORLD SPV LTD,15-11-2023,JTC CORPORATE SERVICES (DIFC) LIMITED,Licensed,Special purpose vehicle
OMUT GLOBAL HOLDING LIMITED,15-11-2023,MABA CORPORATE SERVICES LIMITED,Licensed,Special purpose vehicle
AL BAKRAWE HOLDING LTD,15-11-2023,WALKERS PROFESSIONAL SERVICES (MIDDLE EAST) LIMITED,Licensed,Special purpose vehicle
LUNATE PARTNERS EIP GP LTD,15-11-2023,,Licensed,Special purpose vehicle
C42 BIDCO SPV LTD,15-11-2023,ACCLIME CORPORATE SERVICES LIMITED,Licensed,Special purpose vehicle
FACILITY C LIMITED,15-11-2023,,Licensed,Special purpose vehicle
LIGHTHOUSE INVESTMENT RSC LIMITED,16-11-2023,,Licensed,Special purpose vehicle
ICON HOLDING LTD,16-11-2023,10 LEAVES LIMITED,Licensed,Special purpose vehicle
THE HUB INVESTMENTS SPV LTD,16-11-2023,ACCLIME CORPORATE SERVICES LIMITED,Licensed,Special purpose vehicle
MENHAD HOLDING LTD,16-11-2023,ACCLIME CORPORATE SERVICES LIMITED,Licensed,Special purpose vehicle
HEIGHTS HOLDINGS LIMITED,16-11-2023,CLARA FORMATIONS LIMITED,Licensed,Special purpose vehicle
WAVE ONE INVESTMENT LTD,16-11-2023,ACCLIME CORPORATE SERVICES LIMITED,Licensed,Special purpose vehicle
OFFSET8 CARRY VEHICLE I SPV LIMITED,16-11-2023,APEX CORPORATE SERVICES (ME) LTD,Licensed,Special purpose vehicle
ADQ CAPITAL VENTURES LEGACY I LTD,16-11-2023,,Licensed,Special purpose vehicle
ADQ CAPITAL VENTURES LEGACY II LTD,16-11-2023,,Licensed,Special purpose vehicle
ADQ CAPITAL VENTURES LEGACY III LTD,16-11-2023,,Licensed,Special purpose vehicle
ADQ CAPITAL VENTURES LEGACY IV LTD,16-11-2023,,Licensed,Special purpose vehicle
MIRADOR FOUNDATION,16-11-2023,KALANTAR BUSINESS LAW GROUP LTD,Licensed,Foundation
AMT FOUNDATION,16-11-2023,ACCLIME CORPORATE SERVICES LIMITED,Licensed,Foundation
NOVELO HOLDINGS LIMITED,17-11-2023,PRAXISIFM TRUST LIMITED,Licensed,Special purpose vehicle
DIARKIS HOLDINGS LTD,17-11-2023,AL TAMIMI & CO. CORPORATE SERVICES LIMITED,Licensed,Special purpose vehicle
MGHESP SPV LTD,17-11-2023,ACCLIME CORPORATE SERVICES LIMITED,Licensed,Special purpose vehicle
BAHIYA INVESTMENTS RSC LIMITED,17-11-2023,,Licensed,Special purpose vehicle
SIGNATURE RESOURCES SPV RSC LTD,17-11-2023,ASSISS LTD,Licensed,Special purpose vehicle
AIM GLOBAL FOUNDATION,18-11-2023,ASSISS LTD,Licensed,Foundation
COMPANY DE BMR HOLDING LIMITED,20-11-2023,CROWE MAK LLP,Licensed,Special purpose vehicle
XEK INVESTMENT FOLIO SPV LIMITED,20-11-2023,M-HQ LTD,Licensed,Special purpose vehicle
GHAF INDUSTRIES HOLDING LIMITED,20-11-2023,CLARA FORMATIONS LIMITED,License cancelled,Special purpose vehicle
KCG HOLDING LTD,20-11-2023,AL TAMIMI & CO. CORPORATE SERVICES LIMITED,Licensed,Special purpose vehicle
VOLT MOBILITY HOLDING LTD,20-11-2023,CSP GROUP LTD,Licensed,Special purpose vehicle
SS HOLDINGS LTD,20-11-2023,CLARA FORMATIONS LIMITED,Licensed,Special purpose vehicle
SALMONTINI HOSPITALITY GROUP HOLDING LTD,20-11-2023,CLARA FORMATIONS LIMITED,Licensed,Special purpose vehicle
MAGUSTA EDEN SPV LIMITED,20-11-2023,CLARA FORMATIONS LIMITED,Licensed,Special purpose vehicle
PLATINUM BULLDOG B 2023 RSC LIMITED,21-11-2023,,Licensed,Special purpose vehicle
CARETTA INVESTMENTS SPV RSC LTD,21-11-2023,,Licensed,Special purpose vehicle
DEEP WELL SERVICES MIDDLE EAST HOLDING LTD,21-11-2023,ACCLIME CORPORATE SERVICES LIMITED,Licensed,Special purpose vehicle
IA HOLDINGS LIMITED,21-11-2023,ASSISS LTD,Licensed,Special purpose vehicle
KHAZNAH ADVANCED TECHNOLOGY HOLDINGS LIMITED,21-11-2023,CLARA FORMATIONS LIMITED,Licensed,Special purpose vehicle
SHINE SPV (HOLDING) LIMITED,21-11-2023,WALKERS PROFESSIONAL SERVICES (MIDDLE EAST) LIMITED,Licensed,Special purpose vehicle
GLOBAL FIBRES HOLDING LIMITED,21-11-2023,CSP GROUP LTD,Licensed,Special purpose vehicle
CAPSTONE HOLDINGS LIMITED,21-11-2023,CLARA FORMATIONS LIMITED,Licensed,Special purpose vehicle
CORE INVESTMENTS HOLDING LIMITED,21-11-2023,AL TAMIMI & CO. CORPORATE SERVICES LIMITED,Licensed,Special purpose vehicle
AL BAHYAH 3 SPV RSC LTD,21-11-2023,,Licensed,Special purpose vehicle
AL BAHYAH 4 SPV RSC LTD,21-11-2023,,Licensed,Special purpose vehicle
CHESS HOLDINGS RSC LIMITED,22-11-2023,,Licensed,Special purpose vehicle
WAVE TWO INVESTMENT RSC LTD,22-11-2023,WALKERS PROFESSIONAL SERVICES (MIDDLE EAST) LIMITED,Licensed,Special purpose vehicle
CELESTIAL HOLDINGS LIMITED,22-11-2023,MABA CORPORATE SERVICES LIMITED,Licensed,Special purpose vehicle
OLG HOLDING LIMITED,22-11-2023,CLARA FORMATIONS LIMITED,Licensed,Special purpose vehicle
JST HOLDINGS LIMITED,22-11-2023,M-HQ LTD,Licensed,Special purpose vehicle
TAMER TRANSPORT HOLDING LIMITED,22-11-2023,CSP GROUP LTD,License cancelled,Special purpose vehicle
ARTEMIS CONSULTING HOLDINGS LIMITED,22-11-2023,CLARA FORMATIONS LIMITED,Licensed,Special purpose vehicle
AJB HOLDING LIMITED,22-11-2023,STROLLA LLP,License cancelled,Special purpose vehicle
LUNATE DIRECT INVESTMENTS I (BLOCKER) SPV LTD,22-11-2023,,Licensed,Special purpose vehicle
LUNATE FUND OF FUNDS I (BLOCKER) SPV LTD,22-11-2023,,Licensed,Special purpose vehicle
LUNATE LONG-TERM CAPITAL I (BLOCKER) SPV LTD,22-11-2023,,Licensed,Special purpose vehicle
LUNATE SPECIAL OPPORTUNITIES I (BLOCKER) SPV LTD,22-11-2023,,Licensed,Special purpose vehicle
LUNATE SPECIAL INVESTMENTS I (BLOCKER) SPV LTD,22-11-2023,,Licensed,Special purpose vehicle
BRASS HOLDINGS RSC LIMITED,22-11-2023,,Licensed,Special purpose vehicle
NOCTURNE HOLDINGS RSC LIMITED,22-11-2023,,Licensed,Special purpose vehicle
SCRIPT HOLDINGS RSC LIMITED,22-11-2023,,Licensed,Special purpose vehicle
THE H.E. ABDULLA AL MASAOOD FOUNDATION,22-11-2023,CLARA FORMATIONS LIMITED,Licensed,Foundation
RISE INVESTMENT RSC LIMITED,23-11-2023,,Licensed,Special purpose vehicle
MG INTERNATIONAL HOLDING LIMITED,23-11-2023,TMF GROUP FIDUCIARY SERVICES LIMITED,Licensed,Special purpose vehicle
SCIMITAR HOLDINGS LIMITED,23-11-2023,WALKERS PROFESSIONAL SERVICES (MIDDLE EAST) LIMITED,Licensed,Special purpose vehicle
LIVINGASCOT HOLDING LTD,23-11-2023,CLARA FORMATIONS LIMITED,Licensed,Special purpose vehicle
OFFSET8 GP I LIMITED,23-11-2023,APEX CORPORATE SERVICES (ME) LTD,Licensed,Special purpose vehicle
CYBER DYNAMIX HOLDINGS PRIVATE LIMITED,23-11-2023,AMICORP ADVISORY LIMITED,Licensed,Special purpose vehicle
AY SWISS HOLDING LIMITED,23-11-2023,CLARA FORMATIONS LIMITED,Licensed,Special purpose vehicle
NORTH STAR DEVELOPMENT HOLDING CO LIMITED,23-11-2023,MABA CORPORATE SERVICES LIMITED,License cancelled,Special purpose vehicle
VISION INVEST LNG HOLDING LTD,24-11-2023,INTERTRUST (MIDDLE EAST) LTD,Licensed,Special purpose vehicle
7 MANAGEMENT HOSPITALITY HOLDING LTD,24-11-2023,AL TAMIMI & CO. CORPORATE SERVICES LIMITED,Licensed,Special purpose vehicle
BLOCKS PROPTECH HOLDINGS LIMITED,24-11-2023,CLARA FORMATIONS LIMITED,Licensed,Special purpose vehicle
YZILABS INVESTMENTS HOLDINGS LIMITED,24-11-2023,CLARA FORMATIONS LIMITED,Licensed,Special purpose vehicle
HUNION HOLDING LTD,24-11-2023,PRAXISIFM TRUST LIMITED,Licensed,Special purpose vehicle
HOTPACK GLOBAL HOLDING LTD,27-11-2023,CROWE MAK LLP,Licensed,Special purpose vehicle
AJI HOLDING LIMITED,27-11-2023,ACCLIME CORPORATE SERVICES LIMITED,Licensed,Special purpose vehicle
AGILITY STRATEGIES HOLDING II LIMITED,27-11-2023,PEREGRINE CORPORATE SERVICES LTD,Licensed,Special purpose vehicle
BLACK CASPIAN LOGISTICS HOLDING LTD,28-11-2023,,Licensed,Special purpose vehicle
SPECIAL SPORTS HOLDING LIMITED,28-11-2023,10 LEAVES LIMITED,Licensed,Special purpose vehicle
APPLIED MEDICAL MIDDLE EAST HOLDING LIMITED,28-11-2023,CLYDE SERVICES LIMITED,Licensed,Special purpose vehicle
PALM HOLDINGS LTD,28-11-2023,CLARA FORMATIONS LIMITED,Licensed,Special purpose vehicle
KPK HOLDING LIMITED,28-11-2023,SANCTUARY CORPORATE SERVICES FZ LLC,Licensed,Special purpose vehicle
SSK HOLDING LIMITED,28-11-2023,SANCTUARY CORPORATE SERVICES FZ LLC,Licensed,Special purpose vehicle
TEVEN HOLDING LIMITED,28-11-2023,RAD CORPORATE SERVICES LIMITED,Licensed,Special purpose vehicle
MV HOLDING LIMITED,28-11-2023,SANCTUARY CORPORATE SERVICES FZ LLC,Licensed,Special purpose vehicle
HQK HOLDING LIMITED,28-11-2023,SANCTUARY CORPORATE SERVICES FZ LLC,Licensed,Special purpose vehicle
BOULTWOOD AND ASSOCIATES RISK MANAGEMENT SERVICES HOLDINGS LIMITED,28-11-2023,AL TAMIMI & CO. CORPORATE SERVICES LIMITED,Licensed,Special purpose vehicle
BF HOLDING LIMITED,28-11-2023,SANCTUARY CORPORATE SERVICES FZ LLC,Licensed,Special purpose vehicle
HEG HOLDING LIMITED,28-11-2023,CLARA FORMATIONS LIMITED,Licensed,Special purpose vehicle
MKSD SPV LTD,28-11-2023,M-HQ LTD,Licensed,Special purpose vehicle
BWR102 SPV LTD,28-11-2023,GRIFFIN CORPORATE SERVICES LTD,License cancelled,Special purpose vehicle
EYOUTH HOLDINGS LIMITED,28-11-2023,CLARA FORMATIONS LIMITED,Licensed,Special purpose vehicle
OMNI CHAIN HOLDING LTD,28-11-2023,CLARA FORMATIONS LIMITED,Licensed,Special purpose vehicle
IOTA ECOSYSTEM DLT FOUNDATION,28-11-2023,J. AWAN & PARTNERS LIMITED,Licensed,Foundation
REAP HOLDING LIMITED,29-11-2023,COUNSEL SERVICES LIMITED,Licensed,Special purpose vehicle
AESTAS RESIDENCES HOLDINGS LIMITED,29-11-2023,WALKERS PROFESSIONAL SERVICES (MIDDLE EAST) LIMITED,Licensed,Special purpose vehicle
FORTIS RESIDENCES HOLDINGS LIMITED,29-11-2023,WALKERS PROFESSIONAL SERVICES (MIDDLE EAST) LIMITED,Licensed,Special purpose vehicle
VERIS RESIDENCES HOLDINGS LIMITED,29-11-2023,WALKERS PROFESSIONAL SERVICES (MIDDLE EAST) LIMITED,Licensed,Special purpose vehicle
GUARDIAN ANGEL HOLDINGS LTD,29-11-2023,BOTH CORPORATE SERVICES LIMITED,License cancelled,Special purpose vehicle
OLIVE SEED HOLDINGS LIMITED,29-11-2023,CLARA FORMATIONS LIMITED,License cancelled,Special purpose vehicle
INTELLEX ONE HOLDING LIMITED,29-11-2023,CLARA FORMATIONS LIMITED,Licensed,Special purpose vehicle
AAMAR HOLDINGS LIMITED,29-11-2023,CLARA FORMATIONS LIMITED,Licensed,Special purpose vehicle
PULPO HOLDINGS LTD,30-11-2023,PIFM CORPORATE SERVICES LIMITED,License cancelled,Special purpose vehicle
HEALTHCARE ONE HOLDINGS LIMITED,30-11-2023,JTC CORPORATE SERVICES (DIFC) LIMITED,Licensed,Special purpose vehicle
TASTEHOLD HOLDING LIMITED,30-11-2023,COUNSEL SERVICES LIMITED,Licensed,Special purpose vehicle
CREEK HOLDINGS LIMITED,30-11-2023,INP IBRAHIM N PARTNERS LEGAL CONSULTANCY LTD,Licensed,Special purpose vehicle
QUANTUM CAPITAL SPV LTD,30-11-2023,WALKERS PROFESSIONAL SERVICES (MIDDLE EAST) LIMITED,Licensed,Special purpose vehicle
NEURALARCH HOLDINGS LIMITED,30-11-2023,CLARA FORMATIONS LIMITED,Licensed,Special purpose vehicle
HIGHLAND V11 RSC LTD,30-11-2023,,Licensed,Special purpose vehicle
ROSY HOSPITALITY GROUP HOLDING LTD,01-12-2023,EQUUS CORPORATE LIMITED,Licensed,Special purpose vehicle
TAFRA HOLDING LTD,01-12-2023,ELNAGGAR & PARTNERS LIMITED,Licensed,Special purpose vehicle
SYNERVEST HOLDINGS LIMITED,01-12-2023,CLARA FORMATIONS LIMITED,Licensed,Special purpose vehicle
RESOLUTE HOLDINGS LIMITED,01-12-2023,CLARA FORMATIONS LIMITED,Licensed,Special purpose vehicle
PLATINUM DUMPLING A 2023 RSC LIMITED,05-12-2023,,Licensed,Special purpose vehicle
CS HOLDINGS GLOBAL LTD,05-12-2023,CSP GROUP LTD,Licensed,Special purpose vehicle
WILD HORSES HOLDINGS LTD,05-12-2023,CSP GROUP LTD,Licensed,Special purpose vehicle
SOTER HOLDINGS LIMITED,05-12-2023,CLARA FORMATIONS LIMITED,Licensed,Special purpose vehicle
POLAR HOLDINGS LIMITED,05-12-2023,INTERTRUST (MIDDLE EAST) LTD,Licensed,Special purpose vehicle
LUCICE SPV (HOLDING) LIMITED,05-12-2023,WALKERS PROFESSIONAL SERVICES (MIDDLE EAST) LIMITED,Licensed,Special purpose vehicle
ME(O) SOLARIS INVESTMENTS HOLDING LTD,05-12-2023,SWISS GROUP LEGAL LTD,Licensed,Special purpose vehicle
TC MENA HOLDINGS LTD,05-12-2023,AL TAMIMI & CO. CORPORATE SERVICES LIMITED,Licensed,Special purpose vehicle
THREE EIGHT SIX AK HOLDINGS LIMITED,05-12-2023,SOVEREIGN CORPORATE SERVICES ME LIMITED,Licensed,Special purpose vehicle
RISING FALCON HOLDING LIMITED,05-12-2023,CLARA FORMATIONS LIMITED,Licensed,Special purpose vehicle
RISING FALCON NUMBER 1 HOLDING LIMITED,05-12-2023,CLARA FORMATIONS LIMITED,Licensed,Special purpose vehicle
MOBILITY CAPITAL SEED HOLDING LTD,05-12-2023,CSP GROUP LTD,Licensed,Special purpose vehicle
CB HOLDING LIMITED,05-12-2023,SANCTUARY CORPORATE SERVICES FZ LLC,Licensed,Special purpose vehicle
HARBOR HOLDING LIMITED,05-12-2023,SANCTUARY CORPORATE SERVICES FZ LLC,Licensed,Special purpose vehicle
EVERGREEN FOUNDATION,05-12-2023,SANCTUARY CORPORATE SERVICES FZ LLC,Licensed,Foundation
ELITE CAPITAL HOLDING LTD,06-12-2023,CSP GROUP LTD,Licensed,Special purpose vehicle
ADQ CAPITAL VENTURES DIRECT INVESTMENTS I LTD,06-12-2023,,Licensed,Special purpose vehicle
ADQ CAPITAL VENTURES LONG DURATION I LTD,06-12-2023,,Licensed,Special purpose vehicle
HAMA HOLDINGS LIMITED,06-12-2023,SOVEREIGN CORPORATE SERVICES ME LIMITED,Licensed,Special purpose vehicle
ADQ CAPITAL VENTURES SPECIAL INVESTMENTS I LTD,06-12-2023,,Licensed,Special purpose vehicle
E& INTERNATIONAL HOLDING LIMITED,06-12-2023,WALKERS PROFESSIONAL SERVICES (MIDDLE EAST) LIMITED,Licensed,Special purpose vehicle
TS MANAGED GROWTH HOLDING LIMITED,06-12-2023,ROSEMONT PARTNERS CORPORATE SERVICES LIMITED,Licensed,Special purpose vehicle
AG GROUP HOLDING LIMITED,06-12-2023,CLARA FORMATIONS LIMITED,License cancelled,Special purpose vehicle
TAU QURIS AI SPV RSC LTD,06-12-2023,ASSISS LTD,Licensed,Special purpose vehicle
THREE EIGHT SIX FOUNDERS HOLDINGS LIMITED,07-12-2023,SOVEREIGN CORPORATE SERVICES ME LIMITED,Licensed,Special purpose vehicle
THREE EIGHT SIX MIP HOLDINGS LIMITED,07-12-2023,SOVEREIGN CORPORATE SERVICES ME LIMITED,Licensed,Special purpose vehicle
GLOBAL FRONTIER CAPITAL GP I LTD,07-12-2023,,Licensed,Special purpose vehicle
SERCO INVESTMENTS HOLDING LTD,08-12-2023,CLYDE SERVICES LIMITED,Licensed,Special purpose vehicle
GLOBAL HOTEL MANAGEMENT HOLDING LTD,08-12-2023,AL TAMIMI & CO. CORPORATE SERVICES LIMITED,Licensed,Special purpose vehicle
FERTILE DESERT HOLDINGS LTD,08-12-2023,CSP GROUP LTD,Licensed,Special purpose vehicle
BLUE RESOURCES SPV RSC LTD,08-12-2023,ASSISS LTD,Licensed,Special purpose vehicle
PLATINUM LIMPART A 2001 RSC LIMITED,11-12-2023,,Licensed,Special purpose vehicle
RITECH HOLDING LTD,11-12-2023,10 LEAVES LIMITED,Licensed,Special purpose vehicle
PROSPER LEGACY FOUNDATION,11-12-2023,JTC CORPORATE SERVICES (DIFC) LIMITED,Licensed,Foundation
ERS ASSET FOUNDATION,11-12-2023,CLARA FORMATIONS LIMITED,Licensed,Foundation
ADQ CAPITAL VENTURES FOF I LTD,12-12-2023,,Licensed,Special purpose vehicle
ADQ CAPITAL VENTURES PE I LTD,12-12-2023,,Licensed,Special purpose vehicle
FPC HOLDING 1 LIMITED,12-12-2023,TMF GROUP FIDUCIARY SERVICES LIMITED,Licensed,Special purpose vehicle
FPC HOLDING 2 LIMITED,12-12-2023,TMF GROUP FIDUCIARY SERVICES LIMITED,Licensed,Special purpose vehicle
GIANT HOLDINGS LIMITED,12-12-2023,ROSEMONT PARTNERS CORPORATE SERVICES LIMITED,Licensed,Special purpose vehicle
GLOBAL STH HOLDINGS LIMITED,12-12-2023,CLARA FORMATIONS LIMITED,Licensed,Special purpose vehicle
NANOCOM HOLDING LTD,12-12-2023,ACCLIME CORPORATE SERVICES LIMITED,Licensed,Special purpose vehicle
SAPPHIRE HOLDCO LIMITED,12-12-2023,WALKERS PROFESSIONAL SERVICES (MIDDLE EAST) LIMITED,Licensed,Special purpose vehicle
7INVESTMENTS HOLDING LTD,12-12-2023,AL TAMIMI & CO. CORPORATE SERVICES LIMITED,Licensed,Special purpose vehicle
7BRANDS HOLDING LTD,12-12-2023,AL TAMIMI & CO. CORPORATE SERVICES LIMITED,Licensed,Special purpose vehicle
GM 42 VACCINES RSC LTD,12-12-2023,,Licensed,Special purpose vehicle
GOLDEN SANDS HOLDINGS RSC LTD,13-12-2023,AL TAMIMI & CO. CORPORATE SERVICES LIMITED,Licensed,Special purpose vehicle
RUTHERFORD + PARTNERS INTERNATIONAL HOLDING LIMITED,13-12-2023,WALKERS PROFESSIONAL SERVICES (MIDDLE EAST) LIMITED,Licensed,Special purpose vehicle
HAMA IPCO SPV LIMITED,13-12-2023,SOVEREIGN CORPORATE SERVICES ME LIMITED,Licensed,Special purpose vehicle
HAMA JVCO SPV LIMITED,13-12-2023,SOVEREIGN CORPORATE SERVICES ME LIMITED,Licensed,Special purpose vehicle
HAMA OPCO SPV LIMITED,13-12-2023,SOVEREIGN CORPORATE SERVICES ME LIMITED,Licensed,Special purpose vehicle
DIKA HOLDINGS LIMITED,13-12-2023,CLARA FORMATIONS LIMITED,Licensed,Special purpose vehicle
PEACE INVESTMENT SPV RSC LTD,13-12-2023,,Licensed,Special purpose vehicle
TAP VENTURES HOLDINGS LIMITED,14-12-2023,M-HQ LTD,Licensed,Special purpose vehicle
MIDDLE EAST FUJI HOLDING LIMITED,14-12-2023,AL TAMIMI & CO. CORPORATE SERVICES LIMITED,Licensed,Special purpose vehicle
UNITY HOLDINGS LIMITED,14-12-2023,CLARA FORMATIONS LIMITED,Licensed,Special purpose vehicle
NEXTEV AUTO HOLDING LIMITED,14-12-2023,SOVEREIGN CORPORATE SERVICES ME LIMITED,Licensed,Special purpose vehicle
DIGITAL HORIZONS HOLDING CO LTD,14-12-2023,ACCLIME CORPORATE SERVICES LIMITED,Licensed,Special purpose vehicle
MADE 2 DESIGN HOLDING LIMITED,14-12-2023,CSP GROUP LTD,Licensed,Special purpose vehicle
MARA HOLDINGS RSC LIMITED,14-12-2023,,Licensed,Special purpose vehicle
IVORY HOLDINGS RSC LIMITED,14-12-2023,,Licensed,Special purpose vehicle
LULU 9 SPV LTD,15-12-2023,CROWE MAK LLP,Licensed,Special purpose vehicle
LULU RETAIL SPV LIMITED,15-12-2023,CROWE MAK LLP,Licensed,Special purpose vehicle
PROP HOLDING LIMITED,15-12-2023,10 LEAVES LIMITED,Licensed,Special purpose vehicle
K2W HOLDINGS LIMITED,15-12-2023,MOORE JFC LIMITED,Licensed,Special purpose vehicle
GARDEN CITY HOLDING LTD,15-12-2023,AL TAMIMI & CO. CORPORATE SERVICES LIMITED,Licensed,Special purpose vehicle
LUNATE PARTNERS 3 SPV LIMITED,15-12-2023,EQUIOM CORPORATE SERVICES (MIDDLE EAST) LTD,License cancelled,Special purpose vehicle
LUNATE PARTNERS 2 SPV LIMITED,15-12-2023,EQUIOM CORPORATE SERVICES (MIDDLE EAST) LTD,License cancelled,Special purpose vehicle
DEMETER INVESTMENT HOLDING COMPANY LIMITED,18-12-2023,SWISS GROUP LEGAL LTD,Licensed,Special purpose vehicle
ANTLER MENAP GP LTD,18-12-2023,APEX CORPORATE SERVICES (ME) LTD,Licensed,Special purpose vehicle
2MI HOLDINGS LIMITED,18-12-2023,EQUUS CORPORATE LIMITED,Licensed,Special purpose vehicle
CURVE HOLDINGS LIMITED,18-12-2023,CLARA FORMATIONS LIMITED,Licensed,Special purpose vehicle
AYSHEI HOLDING LIMITED,18-12-2023,AL TAMIMI & CO. CORPORATE SERVICES LIMITED,Licensed,Special purpose vehicle
TRIFECTA GROUP HOLDINGS LTD,18-12-2023,ASSISS LTD,License cancelled,Special purpose vehicle
GAC REFINERY HOLDINGS LIMITED,18-12-2023,WALKERS PROFESSIONAL SERVICES (MIDDLE EAST) LIMITED,Licensed,Special purpose vehicle
MATHEW FAMILY FOUNDATION,18-12-2023,AMICORP ADVISORY LIMITED,Licensed,Foundation
LUMEN AEGIS ENTERPRISES SPV RSC LTD,19-12-2023,CROWE MAK LLP,Licensed,Special purpose vehicle
UNIFRUTTI LATAM INVESTMENTS SPV RSC LIMITED,19-12-2023,,Licensed,Special purpose vehicle
TARJAMA HOLDING LIMITED,19-12-2023,CLARA FORMATIONS LIMITED,Licensed,Special purpose vehicle
ADVANCED ENGINEERING SOLUTIONS HOLDING LTD,19-12-2023,CSP GROUP LTD,Licensed,Special purpose vehicle
HUSARY HOLDINGS LTD,19-12-2023,CLARA FORMATIONS LIMITED,Licensed,Special purpose vehicle
ASSETA HOLDING LIMITED,19-12-2023,WALKERS PROFESSIONAL SERVICES (MIDDLE EAST) LIMITED,Licensed,Special purpose vehicle
MAHARAT HOLDING LIMITED,19-12-2023,ELNAGGAR & PARTNERS LIMITED,Licensed,Special purpose vehicle
HORIZON SPV LIMITED,19-12-2023,ACCLIME CORPORATE SERVICES LIMITED,Licensed,Special purpose vehicle
PEARL GATE INVESTMENTS RSC LTD,20-12-2023,,Licensed,Special purpose vehicle
DANURI HOLDINGS LIMITED,20-12-2023,10 LEAVES LIMITED,Licensed,Special purpose vehicle
FAK HOLDINGS LIMITED,20-12-2023,CLARA FORMATIONS LIMITED,Licensed,Special purpose vehicle
PBCAY ONE RSC LIMITED,20-12-2023,,Licensed,Special purpose vehicle
GOLDEN HORIZONS INVESTMENTS HOLDINGS RSC LTD,21-12-2023,AL TAMIMI & CO. CORPORATE SERVICES LIMITED,Licensed,Special purpose vehicle
SHIFT CLINICS HOLDING LIMITED,21-12-2023,SOVEREIGN CORPORATE SERVICES ME LIMITED,Licensed,Special purpose vehicle
REEFCO HOLDING LTD,21-12-2023,CSP GROUP LTD,Licensed,Special purpose vehicle
SIGNATURE HOSPITALITY HOLDINGS LIMITED,21-12-2023,WALKERS PROFESSIONAL SERVICES (MIDDLE EAST) LIMITED,Licensed,Special purpose vehicle
FERIK SAFAR HOLDINGS LTD,21-12-2023,ACCLIME CORPORATE SERVICES LIMITED,Licensed,Special purpose vehicle
SAIF CHECK HOLDINGS LIMITED,21-12-2023,CLARA FORMATIONS LIMITED,Licensed,Special purpose vehicle
HUDSON HOLDING LTD,21-12-2023,M-HQ LTD,Licensed,Special purpose vehicle
FALCONS HM SPV LIMITED,21-12-2023,MABA CORPORATE SERVICES LIMITED,Licensed,Special purpose vehicle
F9 CLEAN MINING HOLDING LTD,21-12-2023,,Licensed,Special purpose vehicle
PINNACLE INVESTMENTS HOLDINGS LIMITED,21-12-2023,MABA CORPORATE SERVICES LIMITED,Licensed,Special purpose vehicle
KNOWTION HOLDING LIMITED,21-12-2023,CLARA FORMATIONS LIMITED,Licensed,Special purpose vehicle
AL WASEELAH FOUNDATION,21-12-2023,M-HQ LTD,Licensed,Foundation
VALUEMOST INVESTMENTS HOLDING LIMITED,22-12-2023,ASSISS LTD,Licensed,Special purpose vehicle
CLAY REALITY PRODUCTION SPV LIMITED,22-12-2023,10 LEAVES LIMITED,Licensed,Special purpose vehicle
GASMETH HOLDING LTD,22-12-2023,10 LEAVES LIMITED,License cancelled,Special purpose vehicle
LUMOS HOLDING LIMITED,22-12-2023,ASSISS LTD,Licensed,Special purpose vehicle
ADQ CAPITAL VENTURES ALTERRA TRANSFORMATION LTD,22-12-2023,,Licensed,Special purpose vehicle
FALCONS OS SPV LIMITED,22-12-2023,MABA CORPORATE SERVICES LIMITED,Licensed,Special purpose vehicle
ADQ CAPITAL VENTURES ALTERRA ACCELERATION LTD,22-12-2023,,Licensed,Special purpose vehicle
DT GLOBAL HOLDINGS LIMITED,25-12-2023,CLARA FORMATIONS LIMITED,Licensed,Special purpose vehicle
SYNERGY GLOBAL INVESTMENTS HOLDINGS LIMITED,25-12-2023,MABA CORPORATE SERVICES LIMITED,Licensed,Special purpose vehicle
BJN HOLDINGS LIMITED,25-12-2023,MABA CORPORATE SERVICES LIMITED,Licensed,Special purpose vehicle
FALCONS CORP SPV LIMITED,25-12-2023,MABA CORPORATE SERVICES LIMITED,Licensed,Special purpose vehicle
FALCONS SA SPV LIMITED,25-12-2023,MABA CORPORATE SERVICES LIMITED,Licensed,Special purpose vehicle
OAK HOLDING RSC LTD,25-12-2023,,Licensed,Special purpose vehicle
SEMPRE FIDELIS FOUNDATION,25-12-2023,ASSISS LTD,License cancelled,Foundation
BUREAU LAMAR SPV LIMITED,26-12-2023,CLARA FORMATIONS LIMITED,Licensed,Special purpose vehicle
JORUM HOLDING LIMITED,26-12-2023,AL TAMIMI & CO. CORPORATE SERVICES LIMITED,Licensed,Special purpose vehicle
SAYLO HOLDINGS LIMITED,26-12-2023,STROLLA LLP,Licensed,Special purpose vehicle
AIX SPORTS HOLDINGS LIMITED,26-12-2023,CLARA FORMATIONS LIMITED,Licensed,Special purpose vehicle
BRIDGETOWER SPV LTD,26-12-2023,ASSISS LTD,Licensed,Special purpose vehicle
MC LONGEVITY CARRY VEHICLE RSC LIMITED,26-12-2023,MAPLES FIDUCIARY SERVICES (MIDDLE EAST) LIMITED,Licensed,Special purpose vehicle
FARM HOLDINGS LTD,27-12-2023,CSP GROUP LTD,Licensed,Special purpose vehicle
B SEEN HOLDINGS LIMITED,27-12-2023,CLARA FORMATIONS LIMITED,Licensed,Special purpose vehicle
M6 HOLDINGS LIMITED,27-12-2023,EQUUS CORPORATE LIMITED,Licensed,Special purpose vehicle
VBE GROUP SPV LTD,27-12-2023,ASSISS LTD,Licensed,Special purpose vehicle
EAZY HOLDING LIMITED,27-12-2023,ASSISS LTD,Licensed,Special purpose vehicle
VECTOR EQUITY GUARD SPV LIMITED,27-12-2023,ASSISS LTD,Licensed,Special purpose vehicle
DIKA ENTERTAINMENT HOLDINGS LIMITED,27-12-2023,CLARA FORMATIONS LIMITED,Licensed,Special purpose vehicle
CORE EQUITY SHIELD SPV LTD,27-12-2023,ASSISS LTD,Licensed,Special purpose vehicle
JAYESS HOLDINGS RSC LIMITED,27-12-2023,,Licensed,Special purpose vehicle
MC PRIVATE EQUITY VICTORIA II CARRY VEHICLE RSC LIMITED,27-12-2023,MAPLES FIDUCIARY SERVICES (MIDDLE EAST) LIMITED,Licensed,Special purpose vehicle
ENNEA FOUNDATION,27-12-2023,ASSISS LTD,Licensed,Foundation
X12 GP HOLDINGS LIMITED,28-12-2023,ASSISS LTD,Licensed,Special purpose vehicle
GOING ALL IN HOLDINGS LIMITED,28-12-2023,CLARA FORMATIONS LIMITED,Licensed,Special purpose vehicle
SERDAL HOLDING LTD,28-12-2023,CLARA FORMATIONS LIMITED,Licensed,Special purpose vehicle
VISION INVEST LNG OCEANIA HOLDING LTD,28-12-2023,INTERTRUST (MIDDLE EAST) LTD,Licensed,Special purpose vehicle
VISION INVEST LNG INTERNATIONAL HOLDING LTD,28-12-2023,INTERTRUST (MIDDLE EAST) LTD,Licensed,Special purpose vehicle
DGTL  HOLDINGS LIMITED,28-12-2023,10 LEAVES LIMITED,Licensed,Special purpose vehicle
EKANITE CORP HOLDING LTD,28-12-2023,ASSISS LTD,Licensed,Special purpose vehicle
TECH WAVES HOLDINGS LIMITED,28-12-2023,CLARA FORMATIONS LIMITED,Licensed,Special purpose vehicle
O-REYA HOLDINGS LIMITED,28-12-2023,RAD CORPORATE SERVICES LIMITED,Licensed,Special purpose vehicle
BASKET HOLDINGS LIMITED,28-12-2023,WALKERS PROFESSIONAL SERVICES (MIDDLE EAST) LIMITED,Licensed,Special purpose vehicle
BAOBAB SOVEREIGN HOLDINGS LIMITED,28-12-2023,ROSEMONT PARTNERS CORPORATE SERVICES LIMITED,License cancelled,Special purpose vehicle
MC MANAGEMENT 17 RSC LTD,28-12-2023,MAPLES FIDUCIARY SERVICES (MIDDLE EAST) LIMITED,Licensed,Special purpose vehicle
MC MANAGEMENT 20 RSC LTD,28-12-2023,MAPLES FIDUCIARY SERVICES (MIDDLE EAST) LIMITED,Licensed,Special purpose vehicle
POM HOLDING RSC LTD,28-12-2023,,Licensed,Special purpose vehicle
COAST RESIDENCES HOLDINGS LIMITED,29-12-2023,COUNSEL SERVICES LIMITED,Licensed,Special purpose vehicle
OMNIYAT ES HOLDINGS LIMITED,29-12-2023,COUNSEL SERVICES LIMITED,Licensed,Special purpose vehicle
OMNIYAT PALM DEVELOPMENT INVESTMENTS HOLDINGS LIMITED,29-12-2023,COUNSEL SERVICES LIMITED,Licensed,Special purpose vehicle
EQ CAFÉ MILANO HOLDING LIMITED,29-12-2023,MAPLES FIDUCIARY SERVICES (MIDDLE EAST) LIMITED,Licensed,Special purpose vehicle
OPUS HOLDINGS LIMITED,29-12-2023,10 LEAVES LIMITED,Licensed,Special purpose vehicle
EKANITE ESTATES HOLDING LTD,29-12-2023,ASSISS LTD,Licensed,Special purpose vehicle
BUSTAN EXPANSION HOLDINGS LIMITED,29-12-2023,WALKERS PROFESSIONAL SERVICES (MIDDLE EAST) LIMITED,Licensed,Special purpose vehicle
AL BEED INVESTMENT HOLDING SPV LIMITED,29-12-2023,ROSEMONT PARTNERS CORPORATE SERVICES LIMITED,Licensed,Special purpose vehicle
PHOENIX POWER AND ENERGY HOLDINGS LIMITED,29-12-2023,MABA CORPORATE SERVICES LIMITED,Licensed,Special purpose vehicle
ALTERRA PARTNERS EIP GP LTD,29-12-2023,,Licensed,Special purpose vehicle
MC CO-INVESTMENT I GP RSC LTD,29-12-2023,MAPLES FIDUCIARY SERVICES (MIDDLE EAST) LIMITED,Licensed,Special purpose vehicle
MC MANAGEMENT 19 RSC LTD,29-12-2023,MAPLES FIDUCIARY SERVICES (MIDDLE EAST) LIMITED,Licensed,Special purpose vehicle
MC MANAGEMENT 18 RSC LTD,29-12-2023,MAPLES FIDUCIARY SERVICES (MIDDLE EAST) LIMITED,Licensed,Special purpose vehicle
SV FOUNDATION,29-12-2023,10 LEAVES LIMITED,Licensed,Foundation
EUCLID FOUNDATION,29-12-2023,GRIFFIN CORPORATE SERVICES LTD,Licensed,Foundation
FOUNT FOUNDATION,29-12-2023,ASSISS LTD,Licensed,Foundation
FIRST GRADE PROPERTIES HOLDING LIMITED,02-01-2024,AL TAMIMI & CO. CORPORATE SERVICES LIMITED,Licensed,Special purpose vehicle
LUCALAND HOLDING LIMITED,02-01-2024,M-HQ LTD,Licensed,Special purpose vehicle
PHOENIX WORLDWIDE INVESTMENT HOLDING LIMITED,02-01-2024,MABA CORPORATE SERVICES LIMITED,Licensed,Special purpose vehicle
NJT HOLDING LIMITED,02-01-2024,VISTRA (MIDDLE EAST) LTD,Licensed,Special purpose vehicle
CORE42 INVESTMENT HOLDING RSC LTD,02-01-2024,,Licensed,Special purpose vehicle
AL SIMA FOUNDATION,03-01-2024,10 LEAVES LIMITED,Licensed,Foundation
ONE RMC HOLDING LIMITED,04-01-2024,INTERTRUST (MIDDLE EAST) LTD,Licensed,Special purpose vehicle
PROSPER HOLDINGS LIMITED,04-01-2024,MOORE JFC LIMITED,Licensed,Special purpose vehicle
AETHERIA HOLDINGS LIMITED,04-01-2024,CLARA FORMATIONS LIMITED,Licensed,Special purpose vehicle
MINUTAN HOLDING LIMITED,04-01-2024,ACCLIME CORPORATE SERVICES LIMITED,Licensed,Special purpose vehicle
24 NORTH HOLDING RSC LTD,04-01-2024,CROWE MAK LLP,Licensed,Special purpose vehicle
CORE42 INVESTMENTS 1 SPV RSC LTD,05-01-2024,ACCLIME CORPORATE SERVICES LIMITED,Licensed,Special purpose vehicle
EJ INVESTMENTS RSC LIMITED,05-01-2024,,Licensed,Special purpose vehicle
STAYHOPPER HOLDINGS LIMITED,05-01-2024,CLARA FORMATIONS LIMITED,License cancelled,Special purpose vehicle
AJZA HOLDINGS LTD,05-01-2024,CROWE MAK LLP,Licensed,Special purpose vehicle
MYA GROUP HOLDINGS LIMITED,05-01-2024,ROSEMONT PARTNERS CORPORATE SERVICES LIMITED,Licensed,Special purpose vehicle
EAGLE HILLS WATERFRONT HOLDINGS LIMITED,05-01-2024,ACCLIME CORPORATE SERVICES LIMITED,Licensed,Special purpose vehicle
PHOENIX INV HOLDINGS SPV LIMITED,05-01-2024,MABA CORPORATE SERVICES LIMITED,Licensed,Special purpose vehicle
AEOLUS AI INVESTMENTS RSC LTD,08-01-2024,,Licensed,Special purpose vehicle
CRATOS GENERAL INVESTMENTS RSC LTD,08-01-2024,,Licensed,Special purpose vehicle
TARGET MARKET EQUITY SPV LIMITED,08-01-2024,ASSISS LTD,Licensed,Special purpose vehicle
NQOODLET HOLDINGS LIMITED,08-01-2024,CLARA FORMATIONS LIMITED,Licensed,Special purpose vehicle
ENABLERSME SPV LIMITED,08-01-2024,ASSISS LTD,Licensed,Special purpose vehicle
TRUTH EQUITY PARTNERS SPV LIMITED,09-01-2024,HISTORY LIMITED,Licensed,Special purpose vehicle
PANBULK HOLDINGS LTD,09-01-2024,ROSEMONT PARTNERS CORPORATE SERVICES LIMITED,Licensed,Special purpose vehicle
SORBET HOLDINGS LIMITED,09-01-2024,CLARA FORMATIONS LIMITED,Licensed,Special purpose vehicle
PHOENIX SOUTHERN HOLDINGS LIMITED,09-01-2024,MABA CORPORATE SERVICES LIMITED,Licensed,Special purpose vehicle
TARGET REGION PARTNERS SPV LIMITED,09-01-2024,ASSISS LTD,Licensed,Special purpose vehicle
AZIMUT CRESCENT HOLDING LIMITED,10-01-2024,APEX CORPORATE SERVICES (ME) LTD,Licensed,Special purpose vehicle
MICROAVIA HOLDINGS LIMITED,10-01-2024,CSP GROUP LTD,Licensed,Special purpose vehicle
DIO FOUNDATION,10-01-2024,ASSISS LTD,Licensed,Foundation
SANKALP SIDDHI HOLDING LIMITED,11-01-2024,10 LEAVES LIMITED,Licensed,Special purpose vehicle
AMIRA ENERGY HOLDINGS LIMITED,11-01-2024,MOORE JFC LIMITED,Licensed,Special purpose vehicle
3IDISI HOLDINGS LIMITED,11-01-2024,CLARA FORMATIONS LIMITED,Licensed,Special purpose vehicle
TRESORI HOLDINGS LIMITED,11-01-2024,CLARA FORMATIONS LIMITED,Licensed,Special purpose vehicle
IL VORONA FOUNDATION,11-01-2024,SANCTUARY CORPORATE SERVICES FZ LLC,Licensed,Foundation
STONE HOLDING RSC LTD,12-01-2024,,Licensed,Special purpose vehicle
LYLUX HOLDING LIMITED,12-01-2024,COUNSEL SERVICES LIMITED,Licensed,Special purpose vehicle
TDS 1 HOLDINGS LIMITED,12-01-2024,WALKERS PROFESSIONAL SERVICES (MIDDLE EAST) LIMITED,Licensed,Special purpose vehicle
TAU FLOWSEC SPV RSC LTD,12-01-2024,ASSISS LTD,Licensed,Special purpose vehicle
HERAZ HOLDINGS LIMITED,15-01-2024,CLARA FORMATIONS LIMITED,Licensed,Special purpose vehicle
FOR LIFE GENETIX HOLDINGS LIMITED,15-01-2024,CLARA FORMATIONS LIMITED,Licensed,Special purpose vehicle
ZURI HOLDINGS LIMITED,15-01-2024,CLARA FORMATIONS LIMITED,Licensed,Special purpose vehicle
NEXUS SPV LIMITED,15-01-2024,ACCLIME CORPORATE SERVICES LIMITED,Licensed,Special purpose vehicle
NEW BATTERY METALS SPV LTD,15-01-2024,ELNAGGAR & PARTNERS LIMITED,Licensed,Special purpose vehicle
WAVE THREE INVESTMENT LTD,15-01-2024,ACCLIME CORPORATE SERVICES LIMITED,Licensed,Special purpose vehicle
PLATINUM LCD I-A HOLDINGS C 2024 RSC LIMITED,16-01-2024,,Licensed,Special purpose vehicle
PLATINUM LCD I-B HOLDINGS C 2024 RSC LIMITED,16-01-2024,,Licensed,Special purpose vehicle
PLATINUM LCD I-D HOLDINGS C 2024 RSC LIMITED,16-01-2024,,Licensed,Special purpose vehicle
PLATINUM LCD I-E HOLDINGS C 2024 RSC LIMITED,16-01-2024,,Licensed,Special purpose vehicle
PLATINUM LCD II-A HOLDINGS C 2024 RSC LIMITED,16-01-2024,,Licensed,Special purpose vehicle
PLATINUM LCD II-B HOLDINGS C 2024 RSC LIMITED,16-01-2024,,Licensed,Special purpose vehicle
PLATINUM LCD II-C HOLDINGS C 2024 RSC LIMITED,16-01-2024,,Licensed,Special purpose vehicle
PLATINUM LCD III-A HOLDINGS C 2024 RSC LIMITED,16-01-2024,,Licensed,Special purpose vehicle
CBD A & A HOLDINGS LTD,16-01-2024,CSP GROUP LTD,Licensed,Special purpose vehicle
IA ACCELERATOR HOLDINGS LIMITED,16-01-2024,ROSEMONT PARTNERS CORPORATE SERVICES LIMITED,Licensed,Special purpose vehicle
COPPER COBALT METALS SPV LTD,16-01-2024,ELNAGGAR & PARTNERS LIMITED,Licensed,Special purpose vehicle
PLATINUM CO-DEV HOLDINGS C 2024 RSC LIMITED,17-01-2024,,Licensed,Special purpose vehicle
PROCAPITA N0001 SPV LIMITED,17-01-2024,ACCLIME CORPORATE SERVICES LIMITED,License cancelled,Special purpose vehicle
THEATER SPV LTD,17-01-2024,AL TAMIMI & CO. CORPORATE SERVICES LIMITED,Licensed,Special purpose vehicle
OTE S HOLDINGS LIMITED,17-01-2024,CLARA FORMATIONS LIMITED,Licensed,Special purpose vehicle
S.A.J. HOLDING AND INVESTMENTS LTD,17-01-2024,ACCLIME CORPORATE SERVICES LIMITED,Licensed,Special purpose vehicle
RGB HOLDING LIMITED,17-01-2024,STROLLA LLP,Licensed,Special purpose vehicle
PLAYTOPIA HOLDING LTD,17-01-2024,ACCLIME CORPORATE SERVICES LIMITED,Licensed,Special purpose vehicle
ATTIC GENERAL INVESTMENTS SPV LTD,17-01-2024,,Licensed,Special purpose vehicle
COMERA FINANCIAL HOLDING RSC LTD,18-01-2024,ASSISS LTD,Licensed,Special purpose vehicle
CELESTIAL INVESTMENT HOLDING RSC LTD,18-01-2024,CROWE MAK LLP,License cancelled,Special purpose vehicle
PLATINUM HIP B 1983 RSC LIMITED,18-01-2024,,Licensed,Special purpose vehicle
CELESTIAL HOLDING RSC LTD,18-01-2024,CROWE MAK LLP,Licensed,Special purpose vehicle
NEW LEAF HOLDINGS LIMITED,18-01-2024,ACCLIME CORPORATE SERVICES LIMITED,Licensed,Special purpose vehicle
EAON HOLDING LTD,18-01-2024,M-HQ LTD,Licensed,Special purpose vehicle
RECEIPTABLE HOLDINGS LIMITED,18-01-2024,CLARA FORMATIONS LIMITED,Licensed,Special purpose vehicle
PREMIUM SCHOOLS HOLDING LIMITED,18-01-2024,WALKERS PROFESSIONAL SERVICES (MIDDLE EAST) LIMITED,Licensed,Special purpose vehicle
WAVE FOUR INVESTMENT RSC LTD,19-01-2024,ACCLIME CORPORATE SERVICES LIMITED,License cancelled,Special purpose vehicle
BROADEN HOLDINGS SPV LIMITED,19-01-2024,ROSEMONT PARTNERS CORPORATE SERVICES LIMITED,Licensed,Special purpose vehicle
X12 ACQUISITION SPV LTD,19-01-2024,ASSISS LTD,Licensed,Special purpose vehicle
GHITHA AEROINVEST HOLDING RSC LTD,22-01-2024,CROWE MAK LLP,Licensed,Special purpose vehicle
SINA SPV LTD,22-01-2024,APEX CORPORATE SERVICES (ME) LTD,Licensed,Special purpose vehicle
UNGER STEEL FABRICATION HOLDING LIMITED,22-01-2024,SANCTUARY CORPORATE SERVICES FZ LLC,Licensed,Special purpose vehicle
JEFFERSON CAPITAL HOLDINGS LTD,22-01-2024,CLARA FORMATIONS LIMITED,Licensed,Special purpose vehicle
ZEEKEEZ HOLDINGS LIMITED,22-01-2024,CLARA FORMATIONS LIMITED,License cancelled,Special purpose vehicle
ALGO SOFTWARE HOLDING LIMITED,22-01-2024,ROSEMONT PARTNERS CORPORATE SERVICES LIMITED,Licensed,Special purpose vehicle
AMAN VISION HOLDINGS LIMITED,23-01-2024,CLARA FORMATIONS LIMITED,Licensed,Special purpose vehicle
NEW HORIZONS HOLDINGS LTD,23-01-2024,WALKERS PROFESSIONAL SERVICES (MIDDLE EAST) LIMITED,Licensed,Special purpose vehicle
GREYSTONE SPV LIMITED,23-01-2024,SOVEREIGN CORPORATE SERVICES ME LIMITED,Licensed,Special purpose vehicle
WINSLER HOLDINGS LIMITED,23-01-2024,CLARA FORMATIONS LIMITED,Licensed,Special purpose vehicle
ASALIA HOLDING LIMITED,23-01-2024,KPI AHLI CHARTERED ACCOUNTANTS,Licensed,Special purpose vehicle
SHUKRAN FOUNDATION,23-01-2024,ROSEMONT PARTNERS CORPORATE SERVICES LIMITED,Licensed,Foundation
FERDINAND HOLDINGS RSC LIMITED,24-01-2024,,Licensed,Special purpose vehicle
PASTEL HOLDINGS RSC LIMITED,24-01-2024,,Licensed,Special purpose vehicle
BERTRAM HOLDINGS RSC LIMITED,24-01-2024,,Licensed,Special purpose vehicle
FENCE HOLDINGS RSC LIMITED,24-01-2024,,Licensed,Special purpose vehicle
TURPAL HOLDING LTD,24-01-2024,10 LEAVES LIMITED,Licensed,Special purpose vehicle
YGII HOLDING LTD,24-01-2024,ACCLIME CORPORATE SERVICES LIMITED,Licensed,Special purpose vehicle
BIENWAY INVESTMENTS HOLDING LIMITED,24-01-2024,RAD CORPORATE SERVICES LIMITED,Licensed,Special purpose vehicle
ASG HOLDINGS LIMITED,24-01-2024,CLARA FORMATIONS LIMITED,Licensed,Special purpose vehicle
ALPHA ORYX III LIMITED,24-01-2024,,Licensed,Special purpose vehicle
AB HOLDINGS LTD,25-01-2024,CSP GROUP LTD,Licensed,Special purpose vehicle
ZAMN HOLDING LTD,25-01-2024,ACCLIME CORPORATE SERVICES LIMITED,Licensed,Special purpose vehicle
SKY9 HOLDINGS LIMITED,25-01-2024,OCORIAN CORPORATE SERVICES (ME) LIMITED,Licensed,Special purpose vehicle
ARECA HOLDING LIMITED,25-01-2024,ACCLIME CORPORATE SERVICES LIMITED,Licensed,Special purpose vehicle
MYGATEPASS HOLDINGS LIMITED,25-01-2024,CLARA FORMATIONS LIMITED,Licensed,Special purpose vehicle
NG ARM HOLDINGS LIMITED,25-01-2024,CLARA FORMATIONS LIMITED,Licensed,Special purpose vehicle
AISB PLATFORM HOLDINGS LIMITED,25-01-2024,WALKERS PROFESSIONAL SERVICES (MIDDLE EAST) LIMITED,Licensed,Special purpose vehicle
ASPECT INVESTMENT SPV RSC LTD,26-01-2024,,Licensed,Special purpose vehicle
GOLDEN ARROW ENTERPRISES GLOBAL HOLDINGS L.T.D,26-01-2024,CROWE MAK LLP,Licensed,Special purpose vehicle
LIVEDIN HOLDINGS LIMITED,26-01-2024,CLARA FORMATIONS LIMITED,Licensed,Special purpose vehicle
FAY DEVELOPMENTS SPV LIMITED,26-01-2024,CLYDE SERVICES LIMITED,Licensed,Special purpose vehicle
LUNATE PARTNERS SPV RSC LIMITED,26-01-2024,EQUIOM CORPORATE SERVICES (MIDDLE EAST) LTD,Licensed,Special purpose vehicle
E4A FOUNDATION,26-01-2024,SANCTUARY CORPORATE SERVICES FZ LLC,Licensed,Foundation
CLOVER HOLDINGS LTD,29-01-2024,CSP GROUP LTD,Licensed,Special purpose vehicle
ORCAS ANGELS HOLDING LIMITED,29-01-2024,10 LEAVES LIMITED,Licensed,Special purpose vehicle
YOAAN HOLDINGS LIMITED,29-01-2024,CLARA FORMATIONS LIMITED,Licensed,Special purpose vehicle
RSR INTERNATIONAL HOLDING LIMITED,30-01-2024,CSP GROUP LTD,License cancelled,Special purpose vehicle
FRACTIONALIZED SUKUK HOLDING LIMITED,30-01-2024,,Licensed,Special purpose vehicle
MQ INVESTMENT HOLDING LTD,30-01-2024,CLARA FORMATIONS LIMITED,Licensed,Special purpose vehicle
ORYX STRATEGIC MINERALS I GP LIMITED,30-01-2024,APEX CORPORATE SERVICES (ME) LTD,Licensed,Special purpose vehicle
TROPIX HOLDING LTD,30-01-2024,CSP GROUP LTD,Licensed,Special purpose vehicle
ODINMO HOLDINGS LIMITED,30-01-2024,CLARA FORMATIONS LIMITED,Licensed,Special purpose vehicle
RED DIAMOND HOLDING LTD,30-01-2024,MABA CORPORATE SERVICES LIMITED,Licensed,Special purpose vehicle
TAMKEEN HOLDINGS LTD,30-01-2024,ACCLIME CORPORATE SERVICES LIMITED,Licensed,Special purpose vehicle
SWYT HOLDINGS LIMITED,30-01-2024,CLARA FORMATIONS LIMITED,Licensed,Special purpose vehicle
ALPHA FOUNDATION,30-01-2024,SANCTUARY CORPORATE SERVICES FZ LLC,Licensed,Foundation
MODON RIVIERA INVESTCO RSC LIMITED,31-01-2024,CLARA FORMATIONS LIMITED,Licensed,Special purpose vehicle
DATASLOT HOLDING LTD,31-01-2024,GRIFFIN CORPORATE SERVICES LTD,Licensed,Special purpose vehicle
DIMENSIONS OF MOTION HOLDING LIMITED,31-01-2024,PEREGRINE CORPORATE SERVICES LTD,Licensed,Special purpose vehicle
MINERVA INDUSTRIAL HOLDING RSC LTD,31-01-2024,ASSISS LTD,Licensed,Special purpose vehicle
HUB71 INVESTMENT HOLDING LTD,01-02-2024,CLARA FORMATIONS LIMITED,Licensed,Special purpose vehicle
AUZUA GROUP HOLDINGS LIMITED,01-02-2024,CLARA FORMATIONS LIMITED,Licensed,Special purpose vehicle
AREV HOLDING LIMITED,01-02-2024,ACCLIME CORPORATE SERVICES LIMITED,Licensed,Special purpose vehicle
TERRAEVO HOLDINGS LIMITED,01-02-2024,CLARA FORMATIONS LIMITED,Licensed,Special purpose vehicle
ENSTYLE HOLDINGS LIMITED,01-02-2024,CLARA FORMATIONS LIMITED,Licensed,Special purpose vehicle
LUNATE HOLDING BOCLP SPV LTD,01-02-2024,,Licensed,Special purpose vehicle
LUNATE HOLDING BOSI SPV LTD,01-02-2024,,Licensed,Special purpose vehicle
PLATINUM LILY B 2024 RSC LIMITED,01-02-2024,,Licensed,Special purpose vehicle
DESERT BLOOM INVESTMENTS HOLDING LIMITED,02-02-2024,AMICORP ADVISORY LIMITED,Licensed,Special purpose vehicle
JARAS HOLDINGS LIMITED,02-02-2024,CLARA FORMATIONS LIMITED,Licensed,Special purpose vehicle
PLANET HOLDINGS LIMITED,02-02-2024,CLARA FORMATIONS LIMITED,Licensed,Special purpose vehicle
ZTI SERIES A SPV I LIMITED,02-02-2024,KALANTAR BUSINESS LAW GROUP LTD,Licensed,Special purpose vehicle
PRIME VENTURE HOLDING RSC LTD,02-02-2024,,Licensed,Special purpose vehicle
LUNATE PARTNERS 2 SPV RSC LIMITED,05-02-2024,EQUIOM CORPORATE SERVICES (MIDDLE EAST) LTD,Licensed,Special purpose vehicle
I42 HOLDING RSC LTD,05-02-2024,,Licensed,Special purpose vehicle
VIEWARD HOLDINGS LIMITED,05-02-2024,KPI AHLI CHARTERED ACCOUNTANTS,Licensed,Special purpose vehicle
UNIPLAN MENA HOLDING LIMITED,05-02-2024,CLARA FORMATIONS LIMITED,Licensed,Special purpose vehicle
AL BIHOUTH WASTE TO ENERGY O&M DEVELOPER HOLDING CO LTD,05-02-2024,AL TAMIMI & CO. CORPORATE SERVICES LIMITED,Licensed,Special purpose vehicle
LUNATE PARTNERS 3 SPV RSC LIMITED,06-02-2024,EQUIOM CORPORATE SERVICES (MIDDLE EAST) LTD,Licensed,Special purpose vehicle
GAPUMA LOGISTICS SERVICES HOLDING LIMITED,06-02-2024,MABA CORPORATE SERVICES LIMITED,Licensed,Special purpose vehicle
ADAMAS HOLDING LTD,06-02-2024,10 LEAVES LIMITED,Licensed,Special purpose vehicle
PROVIDENCE INVESTMENTS HOLDING LIMITED,06-02-2024,AMICORP ADVISORY LIMITED,Licensed,Special purpose vehicle
PROPERTY FINDER JUPITER HOLDING LTD,06-02-2024,INTERTRUST (MIDDLE EAST) LTD,Licensed,Special purpose vehicle
BRIGHT FUTURE HOLDING LIMITED,06-02-2024,MOORE JFC LIMITED,Licensed,Special purpose vehicle
NNN HOLDING LIMITED,06-02-2024,CLARA FORMATIONS LIMITED,Licensed,Special purpose vehicle
SWIMMING STONE HOLDINGS LIMITED,06-02-2024,CSP GROUP LTD,Licensed,Special purpose vehicle
ZB GROUP HOLDINGS LIMITED,06-02-2024,STROLLA LLP,Licensed,Special purpose vehicle
SNOWBALL SPV LIMITED,06-02-2024,MABA CORPORATE SERVICES LIMITED,Licensed,Special purpose vehicle
D PRIVATE FOUNDATION,06-02-2024,KALANTAR BUSINESS LAW GROUP LTD,Licensed,Foundation
PADEL INTERNATIONAL HOLDING GROUP LIMITED,07-02-2024,TMF GROUP FIDUCIARY SERVICES LIMITED,Licensed,Special purpose vehicle
4FRONT HOLDING LTD,07-02-2024,KALANTAR BUSINESS LAW GROUP LTD,Licensed,Special purpose vehicle
JEELPAY HOLDINGS LIMITED,07-02-2024,CLARA FORMATIONS LIMITED,Licensed,Special purpose vehicle
MXIN HOLDINGS LIMITED,07-02-2024,CLARA FORMATIONS LIMITED,Licensed,Special purpose vehicle
ARGO ENERGY SPV LIMITED,08-02-2024,TMF GROUP FIDUCIARY SERVICES LIMITED,Licensed,Special purpose vehicle
BALLURH APP HOLDING LTD,08-02-2024,ACCLIME CORPORATE SERVICES LIMITED,Licensed,Special purpose vehicle
KARAM GLOBAL INVESTMENTS HOLDING LTD,08-02-2024,STROLLA LLP,Licensed,Special purpose vehicle
Z METALS HOLDING LIMITED,08-02-2024,10 LEAVES LIMITED,Licensed,Special purpose vehicle
TASTEMARK HOLDINGS LIMITED,08-02-2024,CLARA FORMATIONS LIMITED,Licensed,Special purpose vehicle
VCR VENTURES HOLDING LIMITED,08-02-2024,CSP GROUP LTD,Licensed,Special purpose vehicle
PROSPERITY VENTURES GP I LTD,08-02-2024,,License cancelled,Special purpose vehicle
SRQ TAMKEEN IX SPV LTD,09-02-2024,,Licensed,Special purpose vehicle
OASIS FOUNDATION,09-02-2024,ACCLIME CORPORATE SERVICES LIMITED,Licensed,Foundation
AMIRAL COGENERATION HOLDING COMPANY LIMITED,12-02-2024,VISTRA (MIDDLE EAST) LTD,Licensed,Special purpose vehicle
FRONTIER GROWTH HOLDINGS LIMITED,12-02-2024,CLARA FORMATIONS LIMITED,Licensed,Special purpose vehicle
PLATINUM POPPY C 2024 RSC LIMITED,12-02-2024,,Licensed,Special purpose vehicle
JESWIN FOUNDATION,12-02-2024,ACCLIME CORPORATE SERVICES LIMITED,Licensed,Foundation
ANANCITES HOLDINGS LIMITED,13-02-2024,M-HQ LTD,Licensed,Special purpose vehicle
CQ HOLDING LIMITED,13-02-2024,CLARA FORMATIONS LIMITED,Licensed,Special purpose vehicle
ABRAXAS INVESTMENT HOLDING LIMITED,13-02-2024,WALKERS PROFESSIONAL SERVICES (MIDDLE EAST) LIMITED,Licensed,Special purpose vehicle
IGP FOUNDATION,13-02-2024,ROSEMONT PARTNERS CORPORATE SERVICES LIMITED,Licensed,Foundation
THE ARCHITECT PLATFORM HOLDING LTD,14-02-2024,ACCLIME CORPORATE SERVICES LIMITED,Licensed,Special purpose vehicle
COLAIN HOLDINGS LIMITED,14-02-2024,CLARA FORMATIONS LIMITED,Licensed,Special purpose vehicle
BOKRA HOLDINGS LIMITED,15-02-2024,CLARA FORMATIONS LIMITED,Licensed,Special purpose vehicle
MUSURE HOLDINGS LIMITED,15-02-2024,CLARA FORMATIONS LIMITED,License cancelled,Special purpose vehicle
OCHRE HOLDING LIMITED,15-02-2024,CLYDE SERVICES LIMITED,Licensed,Special purpose vehicle
JSG HOLDINGS LIMITED,15-02-2024,M-HQ LTD,Licensed,Special purpose vehicle
JSH HOLDINGS LIMITED,15-02-2024,M-HQ LTD,Licensed,Special purpose vehicle
HARMONY PROPERTY HOLDINGS LIMITED,15-02-2024,MAPLES FIDUCIARY SERVICES (MIDDLE EAST) LIMITED,Licensed,Special purpose vehicle
LSOI SPV 2 LTD,15-02-2024,,Licensed,Special purpose vehicle
LSOI SPV 1 LTD,15-02-2024,,Licensed,Special purpose vehicle
CODIPLAY HOLDINGS LTD,15-02-2024,RAD CORPORATE SERVICES LIMITED,Licensed,Special purpose vehicle
FIRSTTECH GROUP SPV RSC LTD,15-02-2024,CROWE MAK LLP,Licensed,Special purpose vehicle
AEGIS FOUNDATION,15-02-2024,M-HQ LTD,Licensed,Foundation
MUQASAB SPV HOLDINGS LIMITED,16-02-2024,CLARA FORMATIONS LIMITED,Licensed,Special purpose vehicle
SOLID HOLDING LIMITED,16-02-2024,10 LEAVES LIMITED,Licensed,Special purpose vehicle
MFL HOLDING LIMITED,16-02-2024,J. AWAN & PARTNERS LIMITED,Licensed,Special purpose vehicle
BOLZANO GROUP RSC LTD,19-02-2024,ASSISS LTD,Licensed,Special purpose vehicle
AGTECH PARK HOLDCO RSC LIMITED,19-02-2024,,Licensed,Special purpose vehicle
ENCIRCLE INVESTMENT RSC LIMITED,19-02-2024,,Licensed,Special purpose vehicle
MEAFLOW SPV LIMITED,19-02-2024,IDARAH CORPORATE LIMITED,Licensed,Special purpose vehicle
KURS TM HOLDING LTD,19-02-2024,CSP GROUP LTD,Licensed,Special purpose vehicle
PETZANIA HOLDINGS LIMITED,19-02-2024,CLARA FORMATIONS LIMITED,Licensed,Special purpose vehicle
CEHC HOLDINGS LTD,19-02-2024,CSP GROUP LTD,Licensed,Special purpose vehicle
AGILITY VENTURE CAPITAL HOLDINGS I LIMITED,19-02-2024,PEREGRINE CORPORATE SERVICES LTD,Licensed,Special purpose vehicle
LAKE 1 RSC LIMITED,20-02-2024,,Licensed,Special purpose vehicle
LAKE 2 RSC LIMITED,20-02-2024,,Licensed,Special purpose vehicle
LAKE 3 RSC LIMITED,20-02-2024,,Licensed,Special purpose vehicle
PRICEONIX HOLDING LIMITED,20-02-2024,SANCTUARY CORPORATE SERVICES FZ LLC,Licensed,Special purpose vehicle
MILLHILL HOLDING LTD,20-02-2024,RAD CORPORATE SERVICES LIMITED,Licensed,Special purpose vehicle
MDGH SUKUK LIMITED,20-02-2024,WALKERS PROFESSIONAL SERVICES (MIDDLE EAST) LIMITED,Licensed,Special purpose vehicle
ARROW MANAGEMENT HOLDING RSC LTD,20-02-2024,,Licensed,Special purpose vehicle
NORTHSTAR HOLDING LIMITED,21-02-2024,ACCLIME CORPORATE SERVICES LIMITED,Licensed,Special purpose vehicle
GAB HOLDING LIMITED,21-02-2024,ACCLIME CORPORATE SERVICES LIMITED,Licensed,Special purpose vehicle
KAHEEL TERMINAL HOLDING LIMITED,21-02-2024,ACCLIME CORPORATE SERVICES LIMITED,Licensed,Special purpose vehicle
KAHEEL MULTIPURPOSE TERMINAL HOLDING LIMITED,21-02-2024,ACCLIME CORPORATE SERVICES LIMITED,Licensed,Special purpose vehicle
INVESTOS HOLDING LIMITED,21-02-2024,STROLLA LLP,Licensed,Special purpose vehicle
REKT STUDIOS SPV LIMITED,21-02-2024,MABA CORPORATE SERVICES LIMITED,Licensed,Special purpose vehicle
PLATINUM HENLEY HOLDINGS A 2003 RSC LIMITED,21-02-2024,,Licensed,Special purpose vehicle
FORTINBRAS MIDDLE EAST HOLDINGS LIMITED,22-02-2024,WALKERS PROFESSIONAL SERVICES (MIDDLE EAST) LIMITED,Licensed,Special purpose vehicle
ZERO PETROLEUM HOLDING LIMITED,22-02-2024,WALKERS PROFESSIONAL SERVICES (MIDDLE EAST) LIMITED,Licensed,Special purpose vehicle
FJX RETAIL INVEST HOLDINGS LIMITED,22-02-2024,CLARA FORMATIONS LIMITED,Licensed,Special purpose vehicle
ROTANA IP SPV LTD,23-02-2024,AL TAMIMI & CO. CORPORATE SERVICES LIMITED,Licensed,Special purpose vehicle
TAQA HOLDING LIMITED,23-02-2024,ELNAGGAR & PARTNERS LIMITED,Licensed,Special purpose vehicle
HALECON PARTNERS HOLDING LTD,23-02-2024,CROWE MAK LLP,Licensed,Special purpose vehicle
ENTTERPRISE HOLDINGS LIMITED,23-02-2024,10 LEAVES LIMITED,Licensed,Special purpose vehicle
TA'ZIZ METHANOL COMPANY RSC LTD,26-02-2024,,Licensed,Special purpose vehicle
UNIPAL HOLDING LTD,26-02-2024,ACCLIME CORPORATE SERVICES LIMITED,Licensed,Special purpose vehicle
IBI HOLDING LIMITED,26-02-2024,CROWE MAK LLP,Licensed,Special purpose vehicle
SMG EDUCATION HOLDING LTD,26-02-2024,ADS INVESTMENT SOLUTIONS LIMITED,Licensed,Special purpose vehicle
HARMONY REAL ESTATE HOLDINGS LIMITED,26-02-2024,MAPLES FIDUCIARY SERVICES (MIDDLE EAST) LIMITED,Licensed,Special purpose vehicle
FULGOR FOUNDATION,26-02-2024,SANCTUARY CORPORATE SERVICES FZ LLC,License cancelled,Foundation
THE MOHAMED BIN ZAYED WATER INITIATIVE FOUNDATION,26-02-2024,,Licensed,Foundation
AKK FOUNDATION,26-02-2024,10 LEAVES LIMITED,Licensed,Foundation
ASPHALT AND ROADS INTERNATIONAL (A.R.I.) HOLDING LIMITED,27-02-2024,OCORIAN CORPORATE SERVICES (ME) LIMITED,Licensed,Special purpose vehicle
KMG FOUNDATION,27-02-2024,10 LEAVES LIMITED,Licensed,Foundation
GREEN ACRES HOLDING LTD,28-02-2024,AL TAMIMI & CO. CORPORATE SERVICES LIMITED,Licensed,Special purpose vehicle
OCEAN GATE HOLDING RSC LTD,28-02-2024,,Licensed,Special purpose vehicle
SAN I HOLDING RSC LTD,29-02-2024,,Licensed,Special purpose vehicle
KASHKHA ARABIA HOLDINGS LIMITED,29-02-2024,CLARA FORMATIONS LIMITED,Licensed,Special purpose vehicle
BOX SC HOLDINGS LIMITED,29-02-2024,CLARA FORMATIONS LIMITED,Licensed,Special purpose vehicle
ELEVEN 75 HOLDING LIMITED,29-02-2024,GRIFFIN CORPORATE SERVICES LTD,Licensed,Special purpose vehicle
TEENF HOLDINGS LIMITED,29-02-2024,JTC CORPORATE SERVICES (DIFC) LIMITED,License cancelled,Special purpose vehicle
SPARROW HOLDINGS LIMITED,29-02-2024,JTC CORPORATE SERVICES (DIFC) LIMITED,Licensed,Special purpose vehicle
STARLING HOLDINGS LIMITED,29-02-2024,JTC CORPORATE SERVICES (DIFC) LIMITED,Licensed,Special purpose vehicle
ALLIANCE CAPITAL HOLDING RSC LTD,29-02-2024,,Licensed,Special purpose vehicle
ADP CAUCASUS LOGISTICS HOLDING LTD,01-03-2024,,Licensed,Special purpose vehicle
FLORENTINO HOLDINGS FOUNDATION,01-03-2024,CSP GROUP LTD,Licensed,Foundation
SHIPFINEX HOLDING LIMITED,03-03-2024,CLARA FORMATIONS LIMITED,Licensed,Special purpose vehicle
KATERRA CONSTRUCTION HOLDING LIMITED,04-03-2024,CLYDE SERVICES LIMITED,Licensed,Special purpose vehicle
NAVIATOR GLOBAL HOLDINGS LIMITED,04-03-2024,CLARA FORMATIONS LIMITED,Licensed,Special purpose vehicle
SCARAB HOLDING LIMITED,04-03-2024,CLARA FORMATIONS LIMITED,Licensed,Special purpose vehicle
LSII SPV 1 LTD,04-03-2024,,Licensed,Special purpose vehicle
LSII SPV 2 LTD,04-03-2024,,Licensed,Special purpose vehicle
ELITE GROUP HOLDING LIMITED,05-03-2024,AL TAMIMI & CO. CORPORATE SERVICES LIMITED,Licensed,Special purpose vehicle
SRQ TAMKEEN X SPV LTD,05-03-2024,,Licensed,Special purpose vehicle
GEFINOR SPV ONE LTD,05-03-2024,CSP GROUP LTD,Licensed,Special purpose vehicle
EGOLF HOLDINGS LIMITED,05-03-2024,CSP GROUP LTD,Licensed,Special purpose vehicle
RISE PLUS HOLDING RSC LTD,05-03-2024,,License cancelled,Special purpose vehicle
MYNE TECH HOLDINGS LIMITED,06-03-2024,CLARA FORMATIONS LIMITED,Licensed,Special purpose vehicle
COLAIN ESOP HOLDINGS LIMITED,06-03-2024,CLARA FORMATIONS LIMITED,Licensed,Special purpose vehicle
PLATINUM BIRD C 2024 RSC LIMITED,06-03-2024,,Licensed,Special purpose vehicle
CONIX.AI HOLDINGS LTD,07-03-2024,,Licensed,Special purpose vehicle
EIG DESERT GLOW HOLDINGS LTD,07-03-2024,APEX CORPORATE SERVICES (ME) LTD,Licensed,Special purpose vehicle
MA2 HOLDING LIMITED,07-03-2024,AL TAMIMI & CO. CORPORATE SERVICES LIMITED,Licensed,Special purpose vehicle
EDFR KOWEPO AJBAN PV HOLDING LIMITED,07-03-2024,ACCLIME CORPORATE SERVICES LIMITED,Licensed,Special purpose vehicle
DYLTZ HOLDINGS LIMITED,07-03-2024,ROSEMONT PARTNERS CORPORATE SERVICES LIMITED,Licensed,Special purpose vehicle
CALYX HOLDING LTD,07-03-2024,AL TAMIMI & CO. CORPORATE SERVICES LIMITED,Licensed,Special purpose vehicle
COLONIA HOLDINGS LIMITED,07-03-2024,AL TAMIMI & CO. CORPORATE SERVICES LIMITED,Licensed,Special purpose vehicle
NAPOLITANA HOLDINGS LIMITED,07-03-2024,AL TAMIMI & CO. CORPORATE SERVICES LIMITED,Licensed,Special purpose vehicle
AK DEVELOPMENT HOLDINGS LIMITED,07-03-2024,MOORE JFC LIMITED,Licensed,Special purpose vehicle
PROJECT LV54 HOLDING LIMITED,07-03-2024,SWISS GROUP LEGAL LTD,Licensed,Special purpose vehicle
FRONTIER FOUNDATION,07-03-2024,CLARA FORMATIONS LIMITED,Licensed,Foundation
SONIC AI HOLDING RSC LTD,08-03-2024,,Licensed,Special purpose vehicle
CORNERSTONE HOLDING LIMITED,08-03-2024,ACCLIME CORPORATE SERVICES LIMITED,Licensed,Special purpose vehicle
HEXAGON AI HOLDINGS LIMITED,08-03-2024,CLARA FORMATIONS LIMITED,Licensed,Special purpose vehicle
IRONWOOD HOLDING LIMITED,08-03-2024,APEX CORPORATE SERVICES (ME) LTD,License cancelled,Special purpose vehicle
MRI RESIDENCE PROJECT HOLDING LTD,08-03-2024,AL TAMIMI & CO. CORPORATE SERVICES LIMITED,Licensed,Special purpose vehicle
LEARN INVESTMENT HOLDING SPV LIMITED,11-03-2024,MAPLES FIDUCIARY SERVICES (MIDDLE EAST) LIMITED,Licensed,Special purpose vehicle
PALM I SPV LIMITED,11-03-2024,VISTRA (MIDDLE EAST) LTD,Licensed,Special purpose vehicle
PALM II SPV LIMITED,11-03-2024,VISTRA (MIDDLE EAST) LTD,Licensed,Special purpose vehicle
AHAD HOLDINGS LIMITED,11-03-2024,OCORIAN CORPORATE SERVICES (ME) LIMITED,Licensed,Special purpose vehicle
PALM III SPV LIMITED,11-03-2024,VISTRA (MIDDLE EAST) LTD,Licensed,Special purpose vehicle
KINGDOM HOLDING LIMITED,11-03-2024,CSP GROUP LTD,Licensed,Special purpose vehicle
YAG CAPITAL SENIOR HOLDING LIMITED,11-03-2024,CLARA FORMATIONS LIMITED,Licensed,Special purpose vehicle
BIRDNEST HOLDINGS LIMITED,11-03-2024,CLARA FORMATIONS LIMITED,Licensed,Special purpose vehicle
ULTRA PRIME PROJECTS HOLDINGS LIMITED,11-03-2024,ROSEMONT PARTNERS CORPORATE SERVICES LIMITED,Licensed,Special purpose vehicle
SHASUN HOLDING LTD,11-03-2024,CLARA FORMATIONS LIMITED,Licensed,Special purpose vehicle
MAWOOD HOLDINGS LTD,11-03-2024,KALANTAR BUSINESS LAW GROUP LTD,Licensed,Special purpose vehicle
FINSCHIA DLT FOUNDATION,11-03-2024,KPI AHLI CHARTERED ACCOUNTANTS,Licensed,Foundation
RIVERSTONE FOUNDATION,11-03-2024,ROSEMONT PARTNERS CORPORATE SERVICES LIMITED,Licensed,Foundation
CHAKOR HOLDINGS LIMITED,12-03-2024,CLARA FORMATIONS LIMITED,Licensed,Special purpose vehicle
COPA FANTASY HOLDINGS LIMITED,12-03-2024,CLARA FORMATIONS LIMITED,Licensed,Special purpose vehicle
HEALTHCARE HOSPITALS HOLDING COMPANY LIMITED,12-03-2024,JTC CORPORATE SERVICES (DIFC) LIMITED,Licensed,Special purpose vehicle
EXECUTIVE REALTY INVESTMENTS HOLDING LTD,12-03-2024,ADS INVESTMENT SOLUTIONS LIMITED,Licensed,Special purpose vehicle
ECOWATT HOLDING LIMITED,12-03-2024,RAD CORPORATE SERVICES LIMITED,Licensed,Special purpose vehicle
SEF FOUNDATION,12-03-2024,SANCTUARY CORPORATE SERVICES FZ LLC,Licensed,Foundation
MEDSA FOUNDATION,12-03-2024,SANCTUARY CORPORATE SERVICES FZ LLC,Licensed,Foundation
PLATINUM APPLE HOTEL B 2013 RSC LIMITED,13-03-2024,,Licensed,Special purpose vehicle
PLATINUM APPLE MULTI-FAMILY B 2013 RSC LIMITED,13-03-2024,,Licensed,Special purpose vehicle
PLATINUM APPLE OFFICE B 2013 RSC LIMITED,13-03-2024,,Licensed,Special purpose vehicle
PLATINUM APPLE RETAIL B 2013 RSC LIMITED,13-03-2024,,Licensed,Special purpose vehicle
LATIN AMERICAN REALCO HOLDINGS LTD,13-03-2024,WALKERS PROFESSIONAL SERVICES (MIDDLE EAST) LIMITED,Licensed,Special purpose vehicle
LATIN AMERICAN ACADEMIC SERVICES HOLDINGS LTD,13-03-2024,WALKERS PROFESSIONAL SERVICES (MIDDLE EAST) LIMITED,Licensed,Special purpose vehicle
WISK GROUP HOLDINGS LIMITED,13-03-2024,ACCLIME CORPORATE SERVICES LIMITED,Licensed,Special purpose vehicle
STELLAR GATE GAMES HOLDING LTD,13-03-2024,AL TAMIMI & CO. CORPORATE SERVICES LIMITED,Licensed,Special purpose vehicle
GRAVITY HOLDING LIMITED,13-03-2024,ACCLIME CORPORATE SERVICES LIMITED,Licensed,Special purpose vehicle
KREAVISION HOLDING LTD,13-03-2024,WALKERS PROFESSIONAL SERVICES (MIDDLE EAST) LIMITED,Licensed,Special purpose vehicle
ALHAMBRA INFRASTRUCTURE ADVISORS MIDDLE EAST SPV LTD,13-03-2024,BANKS LEGAL LIMITED,Licensed,Special purpose vehicle
ABADIA HOLDINGS LIMITED,13-03-2024,CLARA FORMATIONS LIMITED,Licensed,Special purpose vehicle
MOHAMED SAIF HOLDING LTD,13-03-2024,ACCLIME CORPORATE SERVICES LIMITED,Licensed,Special purpose vehicle
SAPIENT SPV LIMITED,13-03-2024,PRAXISIFM TRUST LIMITED,Licensed,Special purpose vehicle
SERENITY INVESTMENTS ONE RSC LTD,13-03-2024,TMF GROUP FIDUCIARY SERVICES LIMITED,Licensed,Special purpose vehicle
PRISMA HOLDING RSC LIMITED,14-03-2024,J. AWAN & PARTNERS LIMITED,Licensed,Special purpose vehicle
VERTUS HOLDING RSC LIMITED,14-03-2024,J. AWAN & PARTNERS LIMITED,Licensed,Special purpose vehicle
MERIDIAN HOLDING RSC LIMITED,14-03-2024,J. AWAN & PARTNERS LIMITED,Licensed,Special purpose vehicle
ZENITH HOLDING RSC LIMITED,14-03-2024,J. AWAN & PARTNERS LIMITED,Licensed,Special purpose vehicle
HADFA HOLDINGS LIMITED,14-03-2024,M-HQ LTD,License cancelled,Special purpose vehicle
PROJECT AI HOLDING LIMITED,14-03-2024,CLARA FORMATIONS LIMITED,Licensed,Special purpose vehicle
SALZ HOLDINGS LIMITED,14-03-2024,ROSEMONT PARTNERS CORPORATE SERVICES LIMITED,Licensed,Special purpose vehicle
LL III SPV 1 LTD,14-03-2024,,Licensed,Special purpose vehicle
PANCHSHEEL FOUNDATION,14-03-2024,ROSEMONT PARTNERS CORPORATE SERVICES LIMITED,Licensed,Foundation
REVIBE HOLDINGS LIMITED,15-03-2024,CLARA FORMATIONS LIMITED,Licensed,Special purpose vehicle
ARCHIE HOLDING LIMITED,15-03-2024,CLARA FORMATIONS LIMITED,Licensed,Special purpose vehicle
TOMAZOS FOUNDATION,15-03-2024,ELNAGGAR & PARTNERS LIMITED,Licensed,Foundation
MMSD HOLDINGS LTD,18-03-2024,MOORE JFC LIMITED,Licensed,Special purpose vehicle
SO FREE ORGANICS HOLDINGS LIMITED,18-03-2024,CLARA FORMATIONS LIMITED,Licensed,Special purpose vehicle
SOUD ALBESS HOLDINGS LTD,18-03-2024,ARGENTUM LAW LTD,Licensed,Special purpose vehicle
YAG CAPITAL ONE HOLDING LIMITED,18-03-2024,CLARA FORMATIONS LIMITED,License cancelled,Special purpose vehicle
BONVOY HOLDING LIMITED,18-03-2024,ACCLIME CORPORATE SERVICES LIMITED,Licensed,Special purpose vehicle
VPS INVESTMENT HOLDINGS PVT. LTD,18-03-2024,INP IBRAHIM N PARTNERS LEGAL CONSULTANCY LTD,Licensed,Special purpose vehicle
BURJEEL GLOBAL SERVICES HOLDINGS PVT. LTD,18-03-2024,INP IBRAHIM N PARTNERS LEGAL CONSULTANCY LTD,Licensed,Special purpose vehicle
NPNGSS FOUNDATION,18-03-2024,ACCLIME CORPORATE SERVICES LIMITED,Licensed,Foundation
SAN CAPITAL HOLDING RSC LTD,19-03-2024,,Licensed,Special purpose vehicle
BRIDG3 MEDIA GROUP HOLDING LTD,19-03-2024,CROWE MAK LLP,Licensed,Special purpose vehicle
X12 COMMODITY HOLDINGS LTD,19-03-2024,ASSISS LTD,Licensed,Special purpose vehicle
IRTYSH HOLDINGS LIMITED,19-03-2024,,Licensed,Special purpose vehicle
SRCC HOLDING 1 LIMITED,19-03-2024,,Licensed,Special purpose vehicle
ENERGY INVESTMENTS SPV LTD,19-03-2024,WALKERS PROFESSIONAL SERVICES (MIDDLE EAST) LIMITED,Licensed,Special purpose vehicle
LL III SPV 2 LTD,19-03-2024,,Licensed,Special purpose vehicle
ASSET HOLDINGS RSC LTD,20-03-2024,WALKERS PROFESSIONAL SERVICES (MIDDLE EAST) LIMITED,Licensed,Special purpose vehicle
ASSET HOLDINGS III RSC LTD,20-03-2024,WALKERS PROFESSIONAL SERVICES (MIDDLE EAST) LIMITED,Licensed,Special purpose vehicle
TURBO HOLDCO LTD,20-03-2024,CSP GROUP LTD,Licensed,Special purpose vehicle
SAYF FC SPV LTD,20-03-2024,AL TAMIMI & CO. CORPORATE SERVICES LIMITED,Licensed,Special purpose vehicle
DORFIN HOLDINGS LIMITED,20-03-2024,,Licensed,Special purpose vehicle
ROSLOGISTICS HOLDINGS LIMITED,20-03-2024,,Licensed,Special purpose vehicle
SAZ HOLDING LIMITED,20-03-2024,M-HQ LTD,Licensed,Special purpose vehicle
OKA HOLDINGS LIMITED,20-03-2024,,Licensed,Special purpose vehicle
TICCINO HOLDINGS LIMITED,20-03-2024,,License cancelled,Special purpose vehicle
SRCC HOLDING 2 LIMITED,20-03-2024,,Licensed,Special purpose vehicle
G2B FOUNDATION,20-03-2024,SANCTUARY CORPORATE SERVICES FZ LLC,Licensed,Foundation
THE VETERINARY GROUP HOLDING LIMITED,21-03-2024,RAD CORPORATE SERVICES LIMITED,Licensed,Special purpose vehicle
NABTA HOLDINGS LIMITED,21-03-2024,CLARA FORMATIONS LIMITED,License cancelled,Special purpose vehicle
STO HOLDING LIMITED,21-03-2024,MABA CORPORATE SERVICES LIMITED,Licensed,Special purpose vehicle
ENVIROSERVE GROUP HOLDINGS LIMITED,21-03-2024,CLARA FORMATIONS LIMITED,Licensed,Special purpose vehicle
NR HOLDINGS LIMITED,21-03-2024,CLARA FORMATIONS LIMITED,Licensed,Special purpose vehicle
COMFI HOLDINGS LIMITED,21-03-2024,CLARA FORMATIONS LIMITED,Licensed,Special purpose vehicle
PLATINUM ASTER B 2024 RSC LIMITED,21-03-2024,,Licensed,Special purpose vehicle
TRANQUIL FOUNDATION,21-03-2024,STROLLA LLP,Licensed,Foundation
PANDYA FOUNDATION,21-03-2024,ROSEMONT PARTNERS CORPORATE SERVICES LIMITED,Licensed,Foundation
CIRCLE COMPANY HOLDINGS LIMITED,22-03-2024,CLARA FORMATIONS LIMITED,Licensed,Special purpose vehicle
DC HOLDING LIMITED,22-03-2024,CLARA FORMATIONS LIMITED,Licensed,Special purpose vehicle
ALCHEMY HOSPITALITY HOLDING LIMITED,22-03-2024,CLARA FORMATIONS LIMITED,Licensed,Special purpose vehicle
EVISION HOLDING LIMITED,22-03-2024,WALKERS PROFESSIONAL SERVICES (MIDDLE EAST) LIMITED,Licensed,Special purpose vehicle
ULI BEHRINGER FOUNDATION,22-03-2024,ROSEMONT PARTNERS CORPORATE SERVICES LIMITED,Licensed,Foundation
AG INVESTMENT HOLDINGS LIMITED,25-03-2024,10 LEAVES LIMITED,Licensed,Special purpose vehicle
FEST AUTO GLOBAL HOLDING LTD,25-03-2024,TMF GROUP FIDUCIARY SERVICES LIMITED,Licensed,Special purpose vehicle
PULSAR FOODS HOLDINGS LIMITED,25-03-2024,WALKERS PROFESSIONAL SERVICES (MIDDLE EAST) LIMITED,Licensed,Special purpose vehicle
GC EQUITY III HOLDING LIMITED,25-03-2024,,Licensed,Special purpose vehicle
GC EQUITY I HOLDING LIMITED,25-03-2024,,Licensed,Special purpose vehicle
E& FINTECH HOLDING LIMITED,26-03-2024,WALKERS PROFESSIONAL SERVICES (MIDDLE EAST) LIMITED,Licensed,Special purpose vehicle
BLACKSWAN HOLDINGS LIMITED,26-03-2024,CLARA FORMATIONS LIMITED,Licensed,Special purpose vehicle
ADQ INDUSTRIES HOLDING LTD,26-03-2024,,Licensed,Special purpose vehicle
TRENDYOL HOLDINGS LIMITED,27-03-2024,MAPLES FIDUCIARY SERVICES (MIDDLE EAST) LIMITED,Licensed,Special purpose vehicle
AL YAMM HOLDING LTD,27-03-2024,AL TAMIMI & CO. CORPORATE SERVICES LIMITED,License cancelled,Special purpose vehicle
"THE ENDOWMENT FOR CLIMATE INTELLIGENCE, A DLT FOUNDATION",27-03-2024,J. AWAN & PARTNERS LIMITED,Licensed,Foundation
AJBAN HOLDING RSC LIMITED,28-03-2024,WALKERS PROFESSIONAL SERVICES (MIDDLE EAST) LIMITED,Licensed,Special purpose vehicle
Q SOCIAL AND PUBLIC INFRASTRUCTURE RSC LTD,28-03-2024,,Licensed,Special purpose vehicle
Q INFRASTRUCTURE HOLDINGS RSC LTD,28-03-2024,,Licensed,Special purpose vehicle
HORIZON CAPITAL GATEWAYS RSC LTD,28-03-2024,,Licensed,Special purpose vehicle
NEWBRIDGE UNIVERSAL RSC LTD,28-03-2024,ASSISS LTD,Licensed,Special purpose vehicle
NEWBRIDGE III UNIVERSAL RSC LTD,28-03-2024,ASSISS LTD,Licensed,Special purpose vehicle
MBN HOLDING LIMITED,28-03-2024,ROSEMONT PARTNERS CORPORATE SERVICES LIMITED,Licensed,Special purpose vehicle
EATX RESTAURANTS HOLDING LIMITED,28-03-2024,STROLLA LLP,Licensed,Special purpose vehicle
BLU BOURNE HOLDINGS LTD,28-03-2024,ROSEMONT PARTNERS CORPORATE SERVICES LIMITED,Licensed,Special purpose vehicle
ELLINGTON DT SPV LIMITED,28-03-2024,MABA CORPORATE SERVICES LIMITED,Licensed,Special purpose vehicle
TABANCA RSC LTD,28-03-2024,ASSISS LTD,Licensed,Special purpose vehicle
ESYASOFT INVESTMENT HOLDING RSC LTD,29-03-2024,CROWE MAK LLP,Licensed,Special purpose vehicle
ESYASOFT ENTERPRISE HOLDING RSC LTD,29-03-2024,CROWE MAK LLP,Licensed,Special purpose vehicle
FOOD WORKS HOLDING LTD,29-03-2024,MAPLES FIDUCIARY SERVICES (MIDDLE EAST) LIMITED,Licensed,Special purpose vehicle
TWO LEAVES AND A BUD HOLDINGS LIMITED,01-04-2024,ELNAGGAR & PARTNERS LIMITED,Licensed,Special purpose vehicle
RMJM INTERNATIONAL HOLDING LIMITED,01-04-2024,ROSEMONT PARTNERS CORPORATE SERVICES LIMITED,Licensed,Special purpose vehicle
MORNI HOLDING SPV 1 LTD,01-04-2024,MAPLES FIDUCIARY SERVICES (MIDDLE EAST) LIMITED,Licensed,Special purpose vehicle
FUTURE VISION HOLDINGS LTD,01-04-2024,10 LEAVES LIMITED,Licensed,Special purpose vehicle
INTERNATIONAL MEDIA INVESTMENTS HOLDINGS RSC LIMITED,01-04-2024,AL TAMIMI & CO. CORPORATE SERVICES LIMITED,Licensed,Special purpose vehicle
SOLID FOUNDATION,01-04-2024,10 LEAVES LIMITED,Licensed,Foundation
Q INFRASTRUCTURE INVESTMENTS RSC LTD,02-04-2024,,Licensed,Special purpose vehicle
Q INFRASTRUCTURE MIDDLE EAST RSC LTD,02-04-2024,,Licensed,Special purpose vehicle
Q DIGITAL INFRASTRUCTURE RSC LTD,02-04-2024,,Licensed,Special purpose vehicle
Q ENERGY INFRASTRUCTURE RSC LTD,02-04-2024,,Licensed,Special purpose vehicle
TURBO 1 SPV LTD,02-04-2024,CSP GROUP LTD,Licensed,Special purpose vehicle
DSA INTERNATIONAL HOLDINGS LTD,02-04-2024,CSP GROUP LTD,Licensed,Special purpose vehicle
TRUFIN HOLDINGS LTD,02-04-2024,WALKERS PROFESSIONAL SERVICES (MIDDLE EAST) LIMITED,Licensed,Special purpose vehicle
YRT GROUP HOLDING LIMITED,02-04-2024,AL TAMIMI & CO. CORPORATE SERVICES LIMITED,Licensed,Special purpose vehicle
OFFICINE MATTIO HOLDING LIMITED,02-04-2024,ELNAGGAR & PARTNERS LIMITED,Licensed,Special purpose vehicle
ROM INVESTMENT HOLDING LIMITED,02-04-2024,ACCLIME CORPORATE SERVICES LIMITED,Licensed,Special purpose vehicle
SAZIENCE TECHNOLOGY HOLDINGS LIMITED,02-04-2024,M-HQ LTD,Licensed,Special purpose vehicle
EOS STRATEGIC HOLDINGS LIMITED,02-04-2024,ROSEMONT PARTNERS CORPORATE SERVICES LIMITED,Licensed,Special purpose vehicle
TERRA MG HOLDING LIMITED,02-04-2024,COUNSEL SERVICES LIMITED,Licensed,Special purpose vehicle
MUUV STUDIOS HOLDING LTD,02-04-2024,SOVEREIGN CORPORATE SERVICES ME LIMITED,Licensed,Special purpose vehicle
ALPHA INNOVATION (AI) HOLDING LTD,02-04-2024,J. AWAN & PARTNERS LIMITED,Licensed,Special purpose vehicle
TURBO 2 SPV LTD,03-04-2024,CSP GROUP LTD,Licensed,Special purpose vehicle
ONCHAIN MARKETPLACE HOLDINGS LTD,03-04-2024,CLARA FORMATIONS LIMITED,Licensed,Special purpose vehicle
BESTINBRANDS HOLDINGS LIMITED,03-04-2024,WALKERS PROFESSIONAL SERVICES (MIDDLE EAST) LIMITED,Licensed,Special purpose vehicle
TOMASTEED HOLDING LIMITED,03-04-2024,TMF GROUP FIDUCIARY SERVICES LIMITED,Licensed,Special purpose vehicle
FLYCT MEA HOLDINGS LIMITED,03-04-2024,CLARA FORMATIONS LIMITED,Licensed,Special purpose vehicle
CERULEAN HOLDINGS LIMITED,03-04-2024,10 LEAVES LIMITED,Licensed,Special purpose vehicle
ORA DEVELOPERS INVESTMENT 1 SPV LIMITED,03-04-2024,INTERTRUST (MIDDLE EAST) LTD,Licensed,Special purpose vehicle
SCORPIUS HOLDINGS LIMITED,03-04-2024,SANCTUARY CORPORATE SERVICES FZ LLC,Licensed,Special purpose vehicle
PEAKUS INVESTMENT HOLDINGS LIMITED,03-04-2024,CLARA FORMATIONS LIMITED,Licensed,Special purpose vehicle
LIBERATE HOLDINGS LIMITED,03-04-2024,CLARA FORMATIONS LIMITED,Licensed,Special purpose vehicle
EATX CAFES HOLDING LIMITED,03-04-2024,STROLLA LLP,Licensed,Special purpose vehicle
NAHDA II GP COMMITMENT HOLDINGS LIMITED,03-04-2024,CLARA FORMATIONS LIMITED,Licensed,Special purpose vehicle
NIYA HOLDINGS LIMITED,03-04-2024,CLARA FORMATIONS LIMITED,License cancelled,Special purpose vehicle
ELITE AGRO HOLDING RSC LTD,03-04-2024,ACCLIME CORPORATE SERVICES LIMITED,License cancelled,Special purpose vehicle
SPECTRUM FOUNDATION,03-04-2024,ACCLIME CORPORATE SERVICES LIMITED,Licensed,Foundation
YEHUDA INVESTMENT HOLDINGS LIMITED,04-04-2024,AMICORP ADVISORY LIMITED,Licensed,Special purpose vehicle
AV HOLDING LIMITED,04-04-2024,CROWE MAK LLP,Licensed,Special purpose vehicle
MC MANAGEMENT 22 RSC LTD,04-04-2024,MAPLES FIDUCIARY SERVICES (MIDDLE EAST) LIMITED,Licensed,Special purpose vehicle
MC MANAGEMENT 23 RSC LTD,04-04-2024,MAPLES FIDUCIARY SERVICES (MIDDLE EAST) LIMITED,Licensed,Special purpose vehicle
MASDAR TRIDENT HOLDING RSC LIMITED,04-04-2024,WALKERS PROFESSIONAL SERVICES (MIDDLE EAST) LIMITED,Licensed,Special purpose vehicle
BIG TICKET HOLDING RSC LIMITED,05-04-2024,ACCLIME CORPORATE SERVICES LIMITED,Licensed,Special purpose vehicle
ZETA RSC LTD,05-04-2024,WALKERS PROFESSIONAL SERVICES (MIDDLE EAST) LIMITED,Licensed,Special purpose vehicle
APOLLO HOLDING SPV LIMITED,05-04-2024,CSP GROUP LTD,Licensed,Special purpose vehicle
EMIRATES GROWTH FUND HOLDING LIMITED,05-04-2024,,Licensed,Special purpose vehicle
PURELIFE HOLDINGS LIMITED,05-04-2024,MOORE JFC LIMITED,Licensed,Special purpose vehicle
ZENDATA GROUP HOLDING LIMITED,05-04-2024,COUNSEL SERVICES LIMITED,Licensed,Special purpose vehicle
HENA HOLDINGS LIMITED,05-04-2024,CLARA FORMATIONS LIMITED,Licensed,Special purpose vehicle
THE FIRST AVENUE INVESTMENTS HOLDING LIMITED,05-04-2024,STROLLA LLP,License cancelled,Special purpose vehicle
SLIPSTREAM HOLDINGS LIMITED,05-04-2024,CLARA FORMATIONS LIMITED,License cancelled,Special purpose vehicle
THETA RSC LTD,05-04-2024,WALKERS PROFESSIONAL SERVICES (MIDDLE EAST) LIMITED,Licensed,Special purpose vehicle
ABBAS AND SONS FOUNDATION,05-04-2024,SANCTUARY CORPORATE SERVICES FZ LLC,Licensed,Foundation
GLOBAL MARKET HOLDING LTD,06-04-2024,ACCLIME CORPORATE SERVICES LIMITED,Licensed,Special purpose vehicle
ELECTRA INVESTMENT HOLDING RSC LTD,15-04-2024,CROWE MAK LLP,Licensed,Special purpose vehicle
ESF HOLDING LTD,15-04-2024,AL TAMIMI & CO. CORPORATE SERVICES LIMITED,Licensed,Special purpose vehicle
WENTURE HOLDINGS LIMITED,15-04-2024,CLARA FORMATIONS LIMITED,Licensed,Special purpose vehicle
TAWREDAAT HOLDINGS LIMITED,15-04-2024,CLARA FORMATIONS LIMITED,Licensed,Special purpose vehicle
NARINS BEAUTY HOLDINGS LIMITED,15-04-2024,CLARA FORMATIONS LIMITED,Licensed,Special purpose vehicle
LIMONATA SPV LTD,15-04-2024,AL TAMIMI & CO. CORPORATE SERVICES LIMITED,Licensed,Special purpose vehicle
MSS INVESTMENTS HOLDING LTD,16-04-2024,10 LEAVES LIMITED,Licensed,Special purpose vehicle
FUSION WORLDWIDE HOLDING SPV LIMITED,16-04-2024,ROSEMONT PARTNERS CORPORATE SERVICES LIMITED,Licensed,Special purpose vehicle
CORALYTICS HOLDINGS LIMITED,16-04-2024,CLARA FORMATIONS LIMITED,Licensed,Special purpose vehicle
LION HOLDING LIMITED,16-04-2024,WALKERS PROFESSIONAL SERVICES (MIDDLE EAST) LIMITED,Licensed,Special purpose vehicle
KHAZNA DATA CENTER MENA 818 HOLDINGS LIMITED,16-04-2024,,Licensed,Special purpose vehicle
MELIORA HOLDING LIMITED,16-04-2024,RAD CORPORATE SERVICES LIMITED,Licensed,Special purpose vehicle
THURLOW PARK FOUNDATION,16-04-2024,PRAXISIFM TRUST LIMITED,Licensed,Foundation
MAR11 HOLDING RSC LTD,17-04-2024,ACCLIME CORPORATE SERVICES LIMITED,Licensed,Special purpose vehicle
AC CREEK HOLDING LTD,17-04-2024,CLARA FORMATIONS LIMITED,Licensed,Special purpose vehicle
WAVE FIVE INVESTMENT RSC LTD,17-04-2024,ACCLIME CORPORATE SERVICES LIMITED,License cancelled,Special purpose vehicle
WAVE SEVEN INVESTMENT RSC LTD,17-04-2024,,Licensed,Special purpose vehicle
ECOFEED INNOVATIONS HOLDING LIMITED,18-04-2024,VISTRA (MIDDLE EAST) LTD,Licensed,Special purpose vehicle
MERSAT 2 ASSETS HOLDING RSC LTD,18-04-2024,,Licensed,Special purpose vehicle
FDH ASSETS 1 HOLDING RSC LTD,18-04-2024,,Licensed,Special purpose vehicle
OHMIUM SPV MIDDLE EAST LTD,19-04-2024,AL TAMIMI & CO. CORPORATE SERVICES LIMITED,Licensed,Special purpose vehicle
NAPATREE CAPITAL ADVISORS HOLDINGS LIMITED,19-04-2024,CLARA FORMATIONS LIMITED,Licensed,Special purpose vehicle
SIRIUS INTEGRATED SERVICES HOLDING RSC LTD,22-04-2024,CROWE MAK LLP,Licensed,Special purpose vehicle
SIRIUS INVESTMENT HOLDING RSC LTD,22-04-2024,CROWE MAK LLP,Licensed,Special purpose vehicle
GAZELLE HOLDINGS RSC LTD,22-04-2024,WALKERS PROFESSIONAL SERVICES (MIDDLE EAST) LIMITED,Licensed,Special purpose vehicle
ADH SIDE CAR HOLDING RSC LTD,22-04-2024,,Licensed,Special purpose vehicle
MARLAN SPACE HOLDING RSC LTD,22-04-2024,ASSISS LTD,Licensed,Special purpose vehicle
FUTURE GENERATION HOLDINGS LIMITED,22-04-2024,ROSEMONT PARTNERS CORPORATE SERVICES LIMITED,Licensed,Special purpose vehicle
JAMM INTERNATIONAL HOLDINGS LIMITED,22-04-2024,CLARA FORMATIONS LIMITED,Licensed,Special purpose vehicle
GREATSPIRIT HOLDING LTD,22-04-2024,10 LEAVES LIMITED,Licensed,Special purpose vehicle
DIVIA HOLDING LIMITED,22-04-2024,SANCTUARY CORPORATE SERVICES FZ LLC,Licensed,Special purpose vehicle
ARABIAN PYROLYSIS HOLDINGS LIMITED,22-04-2024,CLARA FORMATIONS LIMITED,License cancelled,Special purpose vehicle
MUFEED HOLDING LIMITED,22-04-2024,CLARA FORMATIONS LIMITED,License cancelled,Special purpose vehicle
REDIX GLOBAL HOLDINGS LTD,22-04-2024,CLARA FORMATIONS LIMITED,Licensed,Special purpose vehicle
AMTEC HOLDING LIMITED,22-04-2024,SANCTUARY CORPORATE SERVICES FZ LLC,Licensed,Special purpose vehicle
BOOKMYPET HOLDINGS LIMITED,22-04-2024,CLARA FORMATIONS LIMITED,Licensed,Special purpose vehicle
HALA HOLDING COMPANY LTD,22-04-2024,10 LEAVES LIMITED,Licensed,Special purpose vehicle
INNOVATIVE GROUP HOLDING LTD,22-04-2024,CROWE MAK LLP,Licensed,Special purpose vehicle
MASA INVESTMENT HOLDING LTD,22-04-2024,STROLLA LLP,Licensed,Special purpose vehicle
SUNSHINE INVESTMENT HOLDING LTD,22-04-2024,STROLLA LLP,Licensed,Special purpose vehicle
SIGNIT HOLDINGS LIMITED,22-04-2024,CLARA FORMATIONS LIMITED,Licensed,Special purpose vehicle
SKAI HEALTH HOLDINGS LTD,22-04-2024,COUNSEL SERVICES LIMITED,Licensed,Special purpose vehicle
FAR EAST HORIZONS HOLDINGS LIMITED,22-04-2024,CLARA FORMATIONS LIMITED,License cancelled,Special purpose vehicle
L3ON HOLDINGS LIMITED,22-04-2024,WALKERS PROFESSIONAL SERVICES (MIDDLE EAST) LIMITED,Licensed,Special purpose vehicle
BM INVESTMENT GROUP HOLDING LIMITED,22-04-2024,KPI AHLI CHARTERED ACCOUNTANTS,Licensed,Special purpose vehicle
MATTER STATE HOLDINGS LIMITED,22-04-2024,CLARA FORMATIONS LIMITED,Licensed,Special purpose vehicle
POWER RISE HOLDING RSC LTD,22-04-2024,,Licensed,Special purpose vehicle
WUSOOM HOLDING RSC LTD,22-04-2024,,Licensed,Special purpose vehicle
BILDITS HOLDING LIMITED,23-04-2024,ELNAGGAR & PARTNERS LIMITED,Licensed,Special purpose vehicle
3T BIDCO SPV LIMITED,23-04-2024,SOVEREIGN CORPORATE SERVICES ME LIMITED,Licensed,Special purpose vehicle
SYNERGY WAY HOLDING LTD,23-04-2024,ROSEMONT PARTNERS CORPORATE SERVICES LIMITED,Licensed,Special purpose vehicle
LUCID CAPITAL HOLDINGS LIMITED,23-04-2024,CLARA FORMATIONS LIMITED,Licensed,Special purpose vehicle
TECHX SPV LIMITED,23-04-2024,KALANTAR BUSINESS LAW GROUP LTD,Licensed,Special purpose vehicle
SOURCE II PH SPV LIMITED,23-04-2024,HISTORY LIMITED,Licensed,Special purpose vehicle
THE ERTH CO. HOLDINGS LTD,23-04-2024,MOORE JFC LIMITED,Licensed,Special purpose vehicle
FDH ASSETS 2 HOLDING RSC LTD,23-04-2024,,Licensed,Special purpose vehicle
MAAMOURA C66 ASSETS HOLDING RSC LTD,23-04-2024,,Licensed,Special purpose vehicle
MERSAT 3 ASSETS HOLDING RSC LTD,23-04-2024,,Licensed,Special purpose vehicle
MERSAT 4 ASSETS HOLDING RSC LTD,23-04-2024,,Licensed,Special purpose vehicle
NOMU PARTNERS HOLDING LTD,24-04-2024,CLARA FORMATIONS LIMITED,Licensed,Special purpose vehicle
NIRVANA HOLDING LIMITED,24-04-2024,SANCTUARY CORPORATE SERVICES FZ LLC,Licensed,Special purpose vehicle
DIGITT HOLDING LIMITED,24-04-2024,10 LEAVES LIMITED,Licensed,Special purpose vehicle
GENESIS VENTURES HOLDINGS LIMITED,24-04-2024,CLARA FORMATIONS LIMITED,Licensed,Special purpose vehicle
JF HOLDINGS LIMITED,24-04-2024,SOVEREIGN CORPORATE SERVICES ME LIMITED,Licensed,Special purpose vehicle
FIRST DROP ASSETS HOLDING RSC LTD,24-04-2024,,Licensed,Special purpose vehicle
MERSAT 5 ASSETS HOLDING RSC LTD,24-04-2024,,Licensed,Special purpose vehicle
FDH ASSETS 4 HOLDING RSC LTD,24-04-2024,,Licensed,Special purpose vehicle
FDH ASSETS 5 HOLDING RSC LTD,24-04-2024,,Licensed,Special purpose vehicle
RAMIN CAPITAL PRIME HOLDINGS LTD,25-04-2024,CSP GROUP LTD,Licensed,Special purpose vehicle
LUXEBRIDGE HOLDING COMPANY LIMITED,25-04-2024,RAD CORPORATE SERVICES LIMITED,Licensed,Special purpose vehicle
SPECTER HOLDINGS LIMITED,25-04-2024,CLARA FORMATIONS LIMITED,Licensed,Special purpose vehicle
GCG BR HOLDINGS LIMITED,25-04-2024,CLARA FORMATIONS LIMITED,Licensed,Special purpose vehicle
MLZ HOLDINGS LIMITED,25-04-2024,CLARA FORMATIONS LIMITED,Licensed,Special purpose vehicle
ME GRAIN SERVICES HOLDING LTD,26-04-2024,SWISS GROUP LEGAL LTD,Licensed,Special purpose vehicle
PERIGON MENA HOLDINGS LIMITED,26-04-2024,CLARA FORMATIONS LIMITED,License cancelled,Special purpose vehicle
TAU AIPO SPV RSC LTD,26-04-2024,ASSISS LTD,License cancelled,Special purpose vehicle
ALBATOR INVESTMENT SPV RSC LTD,29-04-2024,ASSISS LTD,Licensed,Special purpose vehicle
ZAAD HOLDINGS LIMITED,29-04-2024,CLARA FORMATIONS LIMITED,Licensed,Special purpose vehicle
SIIRA HOLDING LTD,29-04-2024,SOVEREIGN CORPORATE SERVICES ME LIMITED,Licensed,Special purpose vehicle
BEYON DIGITAL HOLDING LTD,29-04-2024,ACCLIME CORPORATE SERVICES LIMITED,Licensed,Special purpose vehicle
ASCENDANCE GROUP HOLDING LIMITED,29-04-2024,SANCTUARY CORPORATE SERVICES FZ LLC,Licensed,Special purpose vehicle
BAF LUXURY HOLDING LIMITED,29-04-2024,10 LEAVES LIMITED,Licensed,Special purpose vehicle
STRYDE71 HOLDINGS LIMITED,29-04-2024,CLARA FORMATIONS LIMITED,Licensed,Special purpose vehicle
MAS SPV LTD,29-04-2024,ROSEMONT PARTNERS CORPORATE SERVICES LIMITED,License cancelled,Special purpose vehicle
DATAUMX HOLDINGS LIMITED,29-04-2024,CLARA FORMATIONS LIMITED,Licensed,Special purpose vehicle
SILVER SANDS HOLDING LTD,29-04-2024,AL TAMIMI & CO. CORPORATE SERVICES LIMITED,License cancelled,Special purpose vehicle
TKY LEGACY FOUNDATION,29-04-2024,M-HQ LTD,Licensed,Foundation
JUNGLE TOPCO RSC LTD,30-04-2024,WALKERS PROFESSIONAL SERVICES (MIDDLE EAST) LIMITED,Licensed,Special purpose vehicle
ASSET ANCHOR SPV RSC LTD,30-04-2024,,Licensed,Special purpose vehicle
TASH INTERNATIONAL HOLDING LTD,30-04-2024,CSP GROUP LTD,Licensed,Special purpose vehicle
AL NASR SPV LIMITED,30-04-2024,CSP GROUP LTD,Licensed,Special purpose vehicle
AEON HOLDINGS LIMITED,30-04-2024,PRAXISIFM TRUST LIMITED,Licensed,Special purpose vehicle
FRONTIER GROUP HOLDING LIMITED,30-04-2024,CSP GROUP LTD,Licensed,Special purpose vehicle
EDUSTREAM HOLDING LTD,30-04-2024,CLARA FORMATIONS LIMITED,Licensed,Special purpose vehicle
BASTION HOLDINGS LIMITED,30-04-2024,CLARA FORMATIONS LIMITED,Licensed,Special purpose vehicle
ABDULLA BIN DARWISH FOUNDATION,30-04-2024,M-HQ LTD,Licensed,Foundation
PAYMENNT SHAREHOLDER HOLDING LIMITED,01-05-2024,CLARA FORMATIONS LIMITED,Licensed,Special purpose vehicle
AMBROSIA FOODS HOLDINGS LIMITED,01-05-2024,CLARA FORMATIONS LIMITED,Licensed,Special purpose vehicle
ECOSYSTEM HOLDING LTD,01-05-2024,SWISS GROUP LEGAL LTD,Licensed,Special purpose vehicle
BENYA DATA CENTERS SPV LTD,01-05-2024,ACCLIME CORPORATE SERVICES LIMITED,Licensed,Special purpose vehicle
KEMPINSKI NE SPV LTD,01-05-2024,WALKERS PROFESSIONAL SERVICES (MIDDLE EAST) LIMITED,Licensed,Special purpose vehicle
MARAKKAR HOLDING LTD,01-05-2024,CROWE MAK LLP,Licensed,Special purpose vehicle
CHAIRMAN GROUP HOLDING LTD,01-05-2024,ADS INVESTMENT SOLUTIONS LIMITED,Licensed,Special purpose vehicle
EVERLAST HOLDING LTD,01-05-2024,ROSEMONT PARTNERS CORPORATE SERVICES LIMITED,Licensed,Special purpose vehicle
TAG HOLDINGS LIMITED,02-05-2024,CLARA FORMATIONS LIMITED,Licensed,Special purpose vehicle
ONE HUNDRED AND TWENTY NINTH INVESTMENT RSC LTD,02-05-2024,WALKERS PROFESSIONAL SERVICES (MIDDLE EAST) LIMITED,Licensed,Special purpose vehicle
CALLE ONSE FOUNDATION,02-05-2024,MABA CORPORATE SERVICES LIMITED,Licensed,Foundation
AGILITY LOGISTICS PARKS MOROCCAN HOLDING LIMITED,03-05-2024,PEREGRINE CORPORATE SERVICES LTD,Licensed,Special purpose vehicle
TEALBOND HEALTHCARE HOLDINGS LIMITED,03-05-2024,CLARA FORMATIONS LIMITED,License cancelled,Special purpose vehicle
CIFC HOLDING LIMITED,03-05-2024,WALKERS PROFESSIONAL SERVICES (MIDDLE EAST) LIMITED,Licensed,Special purpose vehicle
VETCARE HOLDING LIMITED,03-05-2024,CSP GROUP LTD,Licensed,Special purpose vehicle
PLANNO HOLDING LIMITED,03-05-2024,CLARA FORMATIONS LIMITED,Licensed,Special purpose vehicle
MERMAID HOLDING LIMITED,03-05-2024,,Licensed,Special purpose vehicle
PROJECT MERMAID HOLDING LIMITED,03-05-2024,,Licensed,Special purpose vehicle
PLATINUM DAISY B 2024 RSC LIMITED,03-05-2024,,Licensed,Special purpose vehicle
ARBERN HOLDINGS LIMITED,06-05-2024,ROSEMONT PARTNERS CORPORATE SERVICES LIMITED,Licensed,Special purpose vehicle
AMIGAS HOLDING LTD,06-05-2024,CROWE MAK LLP,Licensed,Special purpose vehicle
KRTI HOLDING LTD,06-05-2024,STROLLA LLP,Licensed,Special purpose vehicle
BELLEVUE DEVELOPMENT HOLDINGS LIMITED,06-05-2024,CLARA FORMATIONS LIMITED,Licensed,Special purpose vehicle
ENIGMA SPV LTD,06-05-2024,,Licensed,Special purpose vehicle
SELAH FOUNDATION,06-05-2024,ROSEMONT PARTNERS CORPORATE SERVICES LIMITED,Licensed,Foundation
INVESTMENT HOLDINGS RSC LTD,07-05-2024,WALKERS PROFESSIONAL SERVICES (MIDDLE EAST) LIMITED,Licensed,Special purpose vehicle
MIC CAPITAL MANAGEMENT 90 RSC LTD,07-05-2024,WALKERS PROFESSIONAL SERVICES (MIDDLE EAST) LIMITED,Licensed,Special purpose vehicle
MIC CAPITAL MANAGEMENT 91 RSC LTD,07-05-2024,WALKERS PROFESSIONAL SERVICES (MIDDLE EAST) LIMITED,Licensed,Special purpose vehicle
JUNGLE MIDCO RSC LTD,07-05-2024,WALKERS PROFESSIONAL SERVICES (MIDDLE EAST) LIMITED,Licensed,Special purpose vehicle
MIC CAPITAL MANAGEMENT 92 RSC LTD,07-05-2024,WALKERS PROFESSIONAL SERVICES (MIDDLE EAST) LIMITED,Licensed,Special purpose vehicle
SKYLINE HOLDING LIMITED,07-05-2024,MABA CORPORATE SERVICES LIMITED,Licensed,Special purpose vehicle
CRESCENT HOLDINGS LIMITED,07-05-2024,J. AWAN & PARTNERS LIMITED,Licensed,Special purpose vehicle
WISETREE HOLDINGS LIMITED,07-05-2024,CLARA FORMATIONS LIMITED,Licensed,Special purpose vehicle
MARSHEL AM SPV LTD,07-05-2024,SOVEREIGN CORPORATE SERVICES ME LIMITED,Licensed,Special purpose vehicle
PRIMEEDGE SPV LTD,07-05-2024,,Licensed,Special purpose vehicle
TRIVOR FOUNDATION,07-05-2024,GRIFFIN CORPORATE SERVICES LTD,Licensed,Foundation
AQUILA FOUNDATION,07-05-2024,M-HQ LTD,Licensed,Foundation
MGX FUND GP 1 RSC LTD,08-05-2024,,Licensed,Special purpose vehicle
MGX GP 2 RSC LTD,08-05-2024,,Licensed,Special purpose vehicle
MGX GP 3 RSC LTD,08-05-2024,,Licensed,Special purpose vehicle
MGX GP 4 RSC LTD,08-05-2024,,Licensed,Special purpose vehicle
MGX 1 CO-INVEST GP 1 RSC LTD,08-05-2024,,Licensed,Special purpose vehicle
MGX 1 HOLDING RSC LTD,08-05-2024,,Licensed,Special purpose vehicle
LIBERTY WEFEE 1 SPV LIMITED,08-05-2024,SOVEREIGN CORPORATE SERVICES ME LIMITED,Licensed,Special purpose vehicle
HRR HOLDINGS LIMITED,08-05-2024,CLARA FORMATIONS LIMITED,License cancelled,Special purpose vehicle
DELTA PLUS ARABIA HOLDING LIMITED,08-05-2024,RAD CORPORATE SERVICES LIMITED,License cancelled,Special purpose vehicle
CHAMBERS AND GUILDS SPV LIMITED,08-05-2024,WALKERS PROFESSIONAL SERVICES (MIDDLE EAST) LIMITED,Licensed,Special purpose vehicle
ERTH ARABIA SPV LIMITED,08-05-2024,WALKERS PROFESSIONAL SERVICES (MIDDLE EAST) LIMITED,Licensed,Special purpose vehicle
VERTICE GLOBAL HOLDING LIMITED,08-05-2024,AL TAMIMI & CO. CORPORATE SERVICES LIMITED,Licensed,Special purpose vehicle
ZAR CAPITAL HOLDINGS LIMITED,08-05-2024,CLARA FORMATIONS LIMITED,Licensed,Special purpose vehicle
VISION INVESTMENT HOLDING LIMITED,08-05-2024,STROLLA LLP,Licensed,Special purpose vehicle
MERSAT ASSETS HOLDING RSC LTD,08-05-2024,,Licensed,Special purpose vehicle
MIC INDUSTRIAL INVESTMENTS 2 RSC LTD,09-05-2024,WALKERS PROFESSIONAL SERVICES (MIDDLE EAST) LIMITED,Licensed,Special purpose vehicle
SAKSHI HOLDINGS LIMITED,09-05-2024,WALKERS PROFESSIONAL SERVICES (MIDDLE EAST) LIMITED,Licensed,Special purpose vehicle
CABRIO HOLDINGS LIMITED,09-05-2024,CLARA FORMATIONS LIMITED,Licensed,Special purpose vehicle
BLUE ZONE HOLDING LIMITED,09-05-2024,SOVEREIGN CORPORATE SERVICES ME LIMITED,Licensed,Special purpose vehicle
VICTORY PHARMA HOLDINGS LIMITED,09-05-2024,CLARA FORMATIONS LIMITED,Licensed,Special purpose vehicle
FORESEA HOLDING LTD,09-05-2024,ARGENTUM LAW LTD,Licensed,Special purpose vehicle
ALMASAR MINERALS HOLDING LIMITED,09-05-2024,WALKERS PROFESSIONAL SERVICES (MIDDLE EAST) LIMITED,Licensed,Special purpose vehicle
ROVIX HOLDING LIMITED,09-05-2024,ACCLIME CORPORATE SERVICES LIMITED,Licensed,Special purpose vehicle
DAHMAN FAMILY FOUNDATION,09-05-2024,MABA CORPORATE SERVICES LIMITED,Licensed,Foundation
ALLIED HEALTH GME HOLDINGS LTD,10-05-2024,CSP GROUP LTD,Licensed,Special purpose vehicle
UBUNTU DEVELOPMENT HOLDINGS LIMITED,10-05-2024,CLARA FORMATIONS LIMITED,License cancelled,Special purpose vehicle
DGCI HOLDINGS LTD,13-05-2024,ARGENTUM LAW LTD,Licensed,Special purpose vehicle
TVEAK HOLDINGS LIMITED,13-05-2024,SOVEREIGN CORPORATE SERVICES ME LIMITED,Licensed,Special purpose vehicle
FAJR HOLDINGS LTD,13-05-2024,ROSEMONT PARTNERS CORPORATE SERVICES LIMITED,Licensed,Special purpose vehicle
SYNDICATE HOLDINGS LIMITED,13-05-2024,CLARA FORMATIONS LIMITED,Licensed,Special purpose vehicle
ALCOVE HOLDINGS LIMITED,13-05-2024,CLARA FORMATIONS LIMITED,Licensed,Special purpose vehicle
MPTG HOLDINGS LTD,13-05-2024,CSP GROUP LTD,Licensed,Special purpose vehicle
THE VISION INVESTMENT HOLDING LIMITED,13-05-2024,JTC CORPORATE SERVICES (DIFC) LIMITED,Licensed,Special purpose vehicle
AHMED & SONS HOLDINGS LTD,13-05-2024,MOORE JFC LIMITED,Licensed,Special purpose vehicle
OSOL FOUNDATION,13-05-2024,M-HQ LTD,Licensed,Foundation
ALTERNATIVE HOLDING RSC LTD,14-05-2024,WALKERS PROFESSIONAL SERVICES (MIDDLE EAST) LIMITED,Licensed,Special purpose vehicle
BANKA SOLAR HOLDCO RSC LTD,14-05-2024,WALKERS PROFESSIONAL SERVICES (MIDDLE EAST) LIMITED,Licensed,Special purpose vehicle
GOBUSTAN WIND HOLDCO RSC LTD,14-05-2024,WALKERS PROFESSIONAL SERVICES (MIDDLE EAST) LIMITED,Licensed,Special purpose vehicle
BILASUVAR SOLAR HOLDCO RSC LTD,14-05-2024,WALKERS PROFESSIONAL SERVICES (MIDDLE EAST) LIMITED,Licensed,Special purpose vehicle
PLENARY MIDDLE EAST INVESTMENTS NO.3 HOLDCO LIMITED,14-05-2024,WALKERS PROFESSIONAL SERVICES (MIDDLE EAST) LIMITED,Licensed,Special purpose vehicle
I L HOLDING LTD,14-05-2024,ASSISS LTD,Licensed,Special purpose vehicle
AZUL HOLDINGS LIMITED,14-05-2024,CLARA FORMATIONS LIMITED,Licensed,Special purpose vehicle
ALPHA HOLDING LIMITED,14-05-2024,CLYDE SERVICES LIMITED,Licensed,Special purpose vehicle
BROOKES GROUP RSC LTD,15-05-2024,ASSISS LTD,Licensed,Special purpose vehicle
DAS INVESTMENT HOLDING CORP RSC LTD,15-05-2024,ASSISS LTD,Licensed,Special purpose vehicle
PROVISIONS HOLDINGS LIMITED,15-05-2024,CLARA FORMATIONS LIMITED,Licensed,Special purpose vehicle
3S SPV LIMITED,15-05-2024,CSP GROUP LTD,Licensed,Special purpose vehicle
INMA HOLDINGS LIMITED,15-05-2024,CLARA FORMATIONS LIMITED,Licensed,Special purpose vehicle
DUNCAN AND ROSS HOLDINGS LIMITED,15-05-2024,CLARA FORMATIONS LIMITED,Licensed,Special purpose vehicle
AQUACYCLE INVESTMENT RSC LTD,16-05-2024,,Licensed,Special purpose vehicle
BRIGHT GREEN HOLDINGS LIMITED,16-05-2024,CSP GROUP LTD,Licensed,Special purpose vehicle
DAHMAN CONSULTING SPV LIMITED,16-05-2024,MABA CORPORATE SERVICES LIMITED,Licensed,Special purpose vehicle
WAVE EIGHT INVESTMENT RSC LTD,17-05-2024,ACCLIME CORPORATE SERVICES LIMITED,Licensed,Special purpose vehicle
BURGAN ASSET HOLDING LTD,17-05-2024,EQUIOM CORPORATE SERVICES (MIDDLE EAST) LTD,Licensed,Special purpose vehicle
DSP INVESTMENT HOLDINGS LIMITED,17-05-2024,M-HQ LTD,Licensed,Special purpose vehicle
PALM ULTRA PRIME HOLDINGS LIMITED,17-05-2024,ROSEMONT PARTNERS CORPORATE SERVICES LIMITED,Licensed,Special purpose vehicle
SOLID BRIDGE HOLDINGS LTD,19-05-2024,10 LEAVES LIMITED,Licensed,Special purpose vehicle
MUDDY FEET HOLDINGS LIMITED,20-05-2024,VISTRA (MIDDLE EAST) LTD,Licensed,Special purpose vehicle
HYPERMIND LABS HOLDINGS LIMITED,20-05-2024,CLARA FORMATIONS LIMITED,Licensed,Special purpose vehicle
AH SUKUK SPV LIMITED,20-05-2024,AL TAMIMI & CO. CORPORATE SERVICES LIMITED,Licensed,Special purpose vehicle
PROTEINSYNC HOLDING LIMITED,20-05-2024,CLARA FORMATIONS LIMITED,Licensed,Special purpose vehicle
MIC INTERNATIONAL INVESTMENTS 1 RSC LTD,21-05-2024,WALKERS PROFESSIONAL SERVICES (MIDDLE EAST) LIMITED,Licensed,Special purpose vehicle
ELLINGTON HOLDINGS LIMITED,21-05-2024,MABA CORPORATE SERVICES LIMITED,Licensed,Special purpose vehicle
TULIO GLOBAL HOLDINGS SPV LIMITED,21-05-2024,ROSEMONT PARTNERS CORPORATE SERVICES LIMITED,Licensed,Special purpose vehicle
MOUNTAIN CORP HOLDING LTD,21-05-2024,10 LEAVES LIMITED,Licensed,Special purpose vehicle
VIMI JOSHI BEAUTY HOLDINGS LIMITED,21-05-2024,MABA CORPORATE SERVICES LIMITED,Licensed,Special purpose vehicle
WONDERWISE VENTURES HOLDINGS LIMITED,21-05-2024,CLARA FORMATIONS LIMITED,Licensed,Special purpose vehicle
SMT HOLDINGS LIMITED,21-05-2024,ROSEMONT PARTNERS CORPORATE SERVICES LIMITED,Licensed,Special purpose vehicle
WINGS HOSPITALITY HOLDING LIMITED,21-05-2024,ACCLIME CORPORATE SERVICES LIMITED,Licensed,Special purpose vehicle
LUNATE DIRECT INVESTMENTS I (GP) SPV 2 LTD,21-05-2024,,Licensed,Special purpose vehicle
RGF HOSPITALITY HOLDING LTD,21-05-2024,AL TAMIMI & CO. CORPORATE SERVICES LIMITED,Licensed,Special purpose vehicle
INTERLOGISTIC HOLDING LTD,22-05-2024,M-HQ LTD,Licensed,Special purpose vehicle
AG HORIZON HOLDINGS LIMITED,22-05-2024,CLARA FORMATIONS LIMITED,License cancelled,Special purpose vehicle
LUMIO HOLDINGS LIMITED,22-05-2024,CLARA FORMATIONS LIMITED,Licensed,Special purpose vehicle
1886 HOLDINGS LIMITED,22-05-2024,CLARA FORMATIONS LIMITED,License cancelled,Special purpose vehicle
ATRE SPV LIMITED,22-05-2024,SWISS GROUP LEGAL LTD,License cancelled,Special purpose vehicle
EDCAP INVESTMENT HOLDINGS LIMITED,22-05-2024,CLARA FORMATIONS LIMITED,Licensed,Special purpose vehicle
OPTEAM TECHNOLOGIES HOLDINGS LIMITED,22-05-2024,CLARA FORMATIONS LIMITED,Licensed,Special purpose vehicle
PRYOR HOLDINGS LTD,22-05-2024,ELNAGGAR & PARTNERS LIMITED,Licensed,Special purpose vehicle
AGRO INVESTMENT HOLDINGS LIMITED,22-05-2024,ROSEMONT PARTNERS CORPORATE SERVICES LIMITED,Licensed,Special purpose vehicle
VVYK IP SPV LIMITED,22-05-2024,MABA CORPORATE SERVICES LIMITED,Licensed,Special purpose vehicle
IMI PORTFOLIO HOLDINGS RSC LIMITED,22-05-2024,AL TAMIMI & CO. CORPORATE SERVICES LIMITED,Licensed,Special purpose vehicle
PLATINUM NAVIGATOR A 2024 RSC LIMITED,23-05-2024,,Licensed,Special purpose vehicle
FIDES RESIDENCES HOLDINGS LIMITED,23-05-2024,COUNSEL SERVICES LIMITED,Licensed,Special purpose vehicle
B.WELL NETWORK HOLDING  LIMITED,23-05-2024,CSP GROUP LTD,License cancelled,Special purpose vehicle
FAI & GLOBAL SOLUTIONS HOLDING LIMITED,23-05-2024,SANCTUARY CORPORATE SERVICES FZ LLC,Licensed,Special purpose vehicle
MYA FOUNDATION,23-05-2024,ROSEMONT PARTNERS CORPORATE SERVICES LIMITED,Licensed,Foundation
MUKARRIB HOLDINGS LIMITED,24-05-2024,AL TAMIMI & CO. CORPORATE SERVICES LIMITED,Licensed,Special purpose vehicle
INNOVCELL THERAPEUTICS  INTERNATIONAL HOLDING LTD,24-05-2024,ARGENTUM LAW LTD,Licensed,Special purpose vehicle
ZED INTERNATIONAL HOLDING LTD,24-05-2024,PEREGRINE CORPORATE SERVICES LTD,Licensed,Special purpose vehicle
PIXELPULSE HOLDING LIMITED,24-05-2024,OCORIAN CORPORATE SERVICES (ME) LIMITED,Licensed,Special purpose vehicle
RCH GREEN ENERGY PARTNERS SPV LIMITED,24-05-2024,HISTORY LIMITED,Licensed,Special purpose vehicle
AURORA FOUNDATION,24-05-2024,M-HQ LTD,Licensed,Foundation
MIC INDUSTRIAL INVESTMENTS 5 RSC LTD,27-05-2024,WALKERS PROFESSIONAL SERVICES (MIDDLE EAST) LIMITED,Licensed,Special purpose vehicle
NATURAL VENTURES FUND 1 GP LIMITED,27-05-2024,,Licensed,Special purpose vehicle
SCAFFCO SPV LIMITED,27-05-2024,CSP GROUP LTD,Licensed,Special purpose vehicle
KEYSTONE HOLDINGS LIMITED,27-05-2024,CSP GROUP LTD,Licensed,Special purpose vehicle
FLAPKAP SPV LIMITED,27-05-2024,OCORIAN CORPORATE SERVICES (ME) LIMITED,Licensed,Special purpose vehicle
NOBLE INVESTMENT HOLDING LIMITED,27-05-2024,AMICORP ADVISORY LIMITED,Licensed,Special purpose vehicle
AMPLIFICA HOLDINGS LIMITED,27-05-2024,RAD CORPORATE SERVICES LIMITED,Licensed,Special purpose vehicle
ANYA FOUNDATION,27-05-2024,M-HQ LTD,License cancelled,Foundation
MERSI FOUNDATION,27-05-2024,M-HQ LTD,Licensed,Foundation
MIC UAE INVESTMENTS 2 RSC LIMITED,28-05-2024,WALKERS PROFESSIONAL SERVICES (MIDDLE EAST) LIMITED,Licensed,Special purpose vehicle
CREATE GROUP HOLDING LIMITED,28-05-2024,MABA CORPORATE SERVICES LIMITED,Licensed,Special purpose vehicle
ARENA VETERINARY HOLDING LTD,28-05-2024,CSP GROUP LTD,Licensed,Special purpose vehicle
LUNATE SPECIAL OPPORTUNITIES SMA I (GP) SPV LTD,28-05-2024,,Licensed,Special purpose vehicle
MOSTAFA AL SAGHEER HOLDING LIMITED,28-05-2024,ELNAGGAR & PARTNERS LIMITED,Licensed,Special purpose vehicle
AL NASR CONTRACTING SPV LIMITED,28-05-2024,CSP GROUP LTD,Licensed,Special purpose vehicle
CRESCENT MOON TECHNOLOGIES  HOLDINGS LTD,28-05-2024,MABA CORPORATE SERVICES LIMITED,Licensed,Special purpose vehicle
SAHARA MINING HOLDING LIMITED,28-05-2024,STROLLA LLP,Licensed,Special purpose vehicle
INFRONT HOLDING LIMITED,28-05-2024,ROSEMONT PARTNERS CORPORATE SERVICES LIMITED,Licensed,Special purpose vehicle
UNIQUE REAL ESTATE HOLDING LTD,28-05-2024,AL TAMIMI & CO. CORPORATE SERVICES LIMITED,Licensed,Special purpose vehicle
DNA HEALTH & WELLNESS HOLDING LIMITED,28-05-2024,WALKERS PROFESSIONAL SERVICES (MIDDLE EAST) LIMITED,Licensed,Special purpose vehicle
OH FOUNDATION,28-05-2024,M-HQ LTD,Licensed,Foundation
CHAD INVESTMENT OFFICE HOLDINGS LIMITED,29-05-2024,CLARA FORMATIONS LIMITED,License cancelled,Special purpose vehicle
VERTEX TECHNOLOGY GROUP HOLDING LTD,29-05-2024,10 LEAVES LIMITED,Licensed,Special purpose vehicle
MMC HOLDINGS LIMITED,29-05-2024,MAPLES FIDUCIARY SERVICES (MIDDLE EAST) LIMITED,Licensed,Special purpose vehicle
GOLDEN BEACH HOLDING LIMITED,29-05-2024,COUNSEL SERVICES LIMITED,Licensed,Special purpose vehicle
PANTONE HOLDING LTD,29-05-2024,ELNAGGAR & PARTNERS LIMITED,Licensed,Special purpose vehicle
REBEL GLOBAL HOLDINGS LIMITED,29-05-2024,CLARA FORMATIONS LIMITED,Licensed,Special purpose vehicle
HEALTHSPAN DIGITAL HOLDINGS LIMITED,29-05-2024,CLARA FORMATIONS LIMITED,License cancelled,Special purpose vehicle
ICEYE (MIDDLE EAST) HOLDING LIMITED,29-05-2024,WALKERS PROFESSIONAL SERVICES (MIDDLE EAST) LIMITED,Licensed,Special purpose vehicle
APPOLONIA DENTAL CARE HOLDING LTD,29-05-2024,WALKERS PROFESSIONAL SERVICES (MIDDLE EAST) LIMITED,Licensed,Special purpose vehicle
GOURDIE SPV LIMITED,30-05-2024,CLYDE SERVICES LIMITED,Licensed,Special purpose vehicle
FORTIS HOLDINGS LIMITED,30-05-2024,CLARA FORMATIONS LIMITED,Licensed,Special purpose vehicle
CHAIN REACTION HOLDING LIMITED,30-05-2024,CLYDE SERVICES LIMITED,Licensed,Special purpose vehicle
REG WISE HOLDINGS LIMITED,30-05-2024,CLARA FORMATIONS LIMITED,Licensed,Special purpose vehicle
PALLAS CAPITAL MIDDLE EAST HOLDINGS LIMITED,31-05-2024,CLARA FORMATIONS LIMITED,Licensed,Special purpose vehicle
FROND PRIME HOLDINGS LIMITED,31-05-2024,ROSEMONT PARTNERS CORPORATE SERVICES LIMITED,Licensed,Special purpose vehicle
W INDEX HOLDINGS LIMITED,31-05-2024,AL TAMIMI & CO. CORPORATE SERVICES LIMITED,Licensed,Special purpose vehicle
4TE HOLDING LTD,31-05-2024,BANKS LEGAL LIMITED,Licensed,Special purpose vehicle
FEDDI HOLDINGS LIMITED,31-05-2024,CLARA FORMATIONS LIMITED,Licensed,Special purpose vehicle
FDH ASSETS 6 HOLDING RSC LTD,31-05-2024,,Licensed,Special purpose vehicle
FDH ASSETS 7 HOLDING RSC LTD,31-05-2024,,Licensed,Special purpose vehicle
FDH ASSETS 8 HOLDING RSC LTD,31-05-2024,,Licensed,Special purpose vehicle
FDH ASSETS 9  HOLDING RSC LTD,31-05-2024,,Licensed,Special purpose vehicle
MERSAT 6 ASSETS HOLDING RSC LTD,31-05-2024,,Licensed,Special purpose vehicle
MERSAT 7 ASSETS HOLDING RSC LTD,31-05-2024,,Licensed,Special purpose vehicle
MERSAT 8 ASSETS HOLDING RSC LTD,31-05-2024,,Licensed,Special purpose vehicle
MERSAT 9 ASSETS HOLDING RSC LTD,31-05-2024,,Licensed,Special purpose vehicle
KWAJONES FAMILY FOUNDATION,31-05-2024,SOVEREIGN CORPORATE SERVICES ME LIMITED,Licensed,Foundation
SKIPR HOLDINGS LIMITED,03-06-2024,CLARA FORMATIONS LIMITED,Licensed,Special purpose vehicle
R136 VENTURES LATE STAGE IA GP HOLDING LTD,03-06-2024,ADS INVESTMENT SOLUTIONS LIMITED,License cancelled,Special purpose vehicle
CRUNCH MEDIA HOLDINGS LIMITED,03-06-2024,CLARA FORMATIONS LIMITED,Licensed,Special purpose vehicle
AESTAS INVESTMENT HOLDINGS LIMITED,04-06-2024,COUNSEL SERVICES LIMITED,Licensed,Special purpose vehicle
FORTIS INVESTMENT HOLDINGS LIMITED,04-06-2024,COUNSEL SERVICES LIMITED,Licensed,Special purpose vehicle
FIDES INVESTMENT HOLDINGS LIMITED,04-06-2024,COUNSEL SERVICES LIMITED,Licensed,Special purpose vehicle
PRIVATE HOLDINGS LIMITED,04-06-2024,CLARA FORMATIONS LIMITED,Licensed,Special purpose vehicle
SD OVERSEAS HOLDINGS LIMITED,04-06-2024,CLARA FORMATIONS LIMITED,Licensed,Special purpose vehicle
REINS PALACE MIDDLE EAST SPV LTD,04-06-2024,AL TAMIMI & CO. CORPORATE SERVICES LIMITED,Licensed,Special purpose vehicle
BEYOND GROUP HOLDINGS LIMITED,05-06-2024,COUNSEL SERVICES LIMITED,Licensed,Special purpose vehicle
VERIS INVESTMENT HOLDINGS LIMITED,05-06-2024,COUNSEL SERVICES LIMITED,Licensed,Special purpose vehicle
COMITAS INVESTMENT HOLDINGS LIMITED,05-06-2024,COUNSEL SERVICES LIMITED,Licensed,Special purpose vehicle
MOHAMMED ALFAHIM HOLDING LTD,05-06-2024,IDARAH CORPORATE LIMITED,Licensed,Special purpose vehicle
IBN AL BAHR SPV LTD,05-06-2024,CSP GROUP LTD,Licensed,Special purpose vehicle
ALGORIZMI HOLDING LTD,06-06-2024,CLARA FORMATIONS LIMITED,Licensed,Special purpose vehicle
HOUSING COMPLEX PROJECT 1 HOLDINGS LTD,06-06-2024,AL TAMIMI & CO. CORPORATE SERVICES LIMITED,License cancelled,Special purpose vehicle
HOUSING COMPLEX PROJECT 2 HOLDINGS LTD,06-06-2024,AL TAMIMI & CO. CORPORATE SERVICES LIMITED,License cancelled,Special purpose vehicle
NANO TECH HOLDING LIMITED,06-06-2024,M-HQ LTD,License cancelled,Special purpose vehicle
CPFF HOLDING LTD,06-06-2024,CROWE MAK LLP,Licensed,Special purpose vehicle
GREEN DAY HOLDINGS LIMITED,06-06-2024,CLARA FORMATIONS LIMITED,Licensed,Special purpose vehicle
WUSOOM ASSETS HOLDING RSC LTD,06-06-2024,,Licensed,Special purpose vehicle
COINTEL HOLDING LIMITED,07-06-2024,ACCLIME CORPORATE SERVICES LIMITED,Licensed,Special purpose vehicle
BOOM HEALTH HOLDING LIMITED,07-06-2024,AL TAMIMI & CO. CORPORATE SERVICES LIMITED,Licensed,Special purpose vehicle
WUSOOM INVESTMENT HOLDING RSC LTD,07-06-2024,,Licensed,Special purpose vehicle
COMITAS RESIDENCES HOLDINGS LIMITED,10-06-2024,COUNSEL SERVICES LIMITED,Licensed,Special purpose vehicle
EMEC HOLDING LIMITED,10-06-2024,CLYDE SERVICES LIMITED,Licensed,Special purpose vehicle
ALAVECA HOLDINGS LIMITED,10-06-2024,CLARA FORMATIONS LIMITED,Licensed,Special purpose vehicle
ERE PROPERTY HOLDING LIMITED,10-06-2024,CSP GROUP LTD,Licensed,Special purpose vehicle
CYBERDRONE HOLDINGS LIMITED,10-06-2024,CSP GROUP LTD,Licensed,Special purpose vehicle
SOLUS HOLDING LTD,10-06-2024,ASSISS LTD,Licensed,Special purpose vehicle
TERRENO HOLDING LTD,10-06-2024,ASSISS LTD,Licensed,Special purpose vehicle
EINSTEIN HOLDING LTD,10-06-2024,MAPLES FIDUCIARY SERVICES (MIDDLE EAST) LIMITED,Licensed,Special purpose vehicle
CLOUDZLAB EMEA HOLDING LTD,10-06-2024,MAPLES FIDUCIARY SERVICES (MIDDLE EAST) LIMITED,Licensed,Special purpose vehicle
KORDEK HOLDINGS LTD,10-06-2024,ELNAGGAR & PARTNERS LIMITED,Licensed,Special purpose vehicle
MARAYA HOLDINGS LIMITED,10-06-2024,CLARA FORMATIONS LIMITED,Licensed,Special purpose vehicle
REQUEUE HOLDING LTD,10-06-2024,STROLLA LLP,Licensed,Special purpose vehicle
CHAIN REACTION SPV LIMITED,10-06-2024,CLYDE SERVICES LIMITED,Licensed,Special purpose vehicle
YMIR HOLDING LIMITED,10-06-2024,ACCLIME CORPORATE SERVICES LIMITED,Licensed,Special purpose vehicle
PROSPERITY GATEWAY HOLDINGS RSC LIMITED,10-06-2024,ASSISS LTD,Licensed,Special purpose vehicle
MC MANAGEMENT 24 RSC LTD,11-06-2024,MAPLES FIDUCIARY SERVICES (MIDDLE EAST) LIMITED,Licensed,Special purpose vehicle
SPEEDINVEST GP ME1 LTD,11-06-2024,APEX CORPORATE SERVICES (ME) LTD,Licensed,Special purpose vehicle
DATA GOVERNANCE TECHNOLOGIES HOLDINGS LIMITED,11-06-2024,CLARA FORMATIONS LIMITED,Licensed,Special purpose vehicle
BEAMS MIDDLE EAST HOLDINGS LIMITED,11-06-2024,CSP GROUP LTD,Licensed,Special purpose vehicle
DIP HOLDING LIMITED,11-06-2024,ELNAGGAR & PARTNERS LIMITED,License cancelled,Special purpose vehicle
FOCAL MIDDLE EAST SPV LIMITED,11-06-2024,CSP GROUP LTD,Licensed,Special purpose vehicle
ASO ROBOTICS HOLDING LTD,11-06-2024,CLARA FORMATIONS LIMITED,Licensed,Special purpose vehicle
SCOOPLY HOLDINGS LIMITED,11-06-2024,CLARA FORMATIONS LIMITED,Licensed,Special purpose vehicle
SAN GROUP FOUNDATION,11-06-2024,ROSEMONT PARTNERS CORPORATE SERVICES LIMITED,Licensed,Foundation
MG INCORPORATED HOLDINGS LIMITED,12-06-2024,CLARA FORMATIONS LIMITED,Licensed,Special purpose vehicle
ZSHR HOLDINGS LIMITED,12-06-2024,ELNAGGAR & PARTNERS LIMITED,Licensed,Special purpose vehicle
PROUDLACES ME HOLDINGS LIMITED,12-06-2024,CLARA FORMATIONS LIMITED,Licensed,Special purpose vehicle
HAYKAL DIGITAL HOLDINGS LIMITED,12-06-2024,CLARA FORMATIONS LIMITED,Licensed,Special purpose vehicle
ANYA HOLDINGS LIMITED,12-06-2024,M-HQ LTD,Licensed,Special purpose vehicle
KLAIM X BAMO SPV LIMITED,12-06-2024,CLARA FORMATIONS LIMITED,Licensed,Special purpose vehicle
MAGMA A SPV LIMITED,12-06-2024,AL TAMIMI & CO. CORPORATE SERVICES LIMITED,Licensed,Special purpose vehicle
HYALURE HOLDING LIMITED,12-06-2024,CLARA FORMATIONS LIMITED,License cancelled,Special purpose vehicle
MASDAR ESPANA HOLDING 1 RSC LIMITED,12-06-2024,WALKERS PROFESSIONAL SERVICES (MIDDLE EAST) LIMITED,Licensed,Special purpose vehicle
LEAD REICO HOLDING LIMITED,13-06-2024,MAPLES FIDUCIARY SERVICES (MIDDLE EAST) LIMITED,Licensed,Special purpose vehicle
EASTERN WEALTH FOUNDATION,13-06-2024,SANCTUARY CORPORATE SERVICES FZ LLC,Licensed,Foundation
EDELWEISS INVESTMENTS HOLDING LTD,14-06-2024,SWISS GROUP LEGAL LTD,License cancelled,Special purpose vehicle
DK GLOBAL HOLDINGS LIMITED,19-06-2024,CLARA FORMATIONS LIMITED,Licensed,Special purpose vehicle
GS GROUP HOLDING LIMITED,19-06-2024,M-HQ LTD,Licensed,Special purpose vehicle
HEMERA HOLDING LIMITED,19-06-2024,CLARA FORMATIONS LIMITED,Licensed,Special purpose vehicle
TRIDENT PROJECTS HOLDING LTD,19-06-2024,CLARA FORMATIONS LIMITED,Licensed,Special purpose vehicle
FAST TECH ANGELS HOLDINGS LIMITED,19-06-2024,CLARA FORMATIONS LIMITED,Licensed,Special purpose vehicle
EECROW HOLDINGS LIMITED,19-06-2024,CLARA FORMATIONS LIMITED,Licensed,Special purpose vehicle
G42 INTERNATIONAL HOLDING RSC LTD,20-06-2024,,Licensed,Special purpose vehicle
ALPINE CRESCENT SPV LTD,20-06-2024,ADS INVESTMENT SOLUTIONS LIMITED,Licensed,Special purpose vehicle
ADVANTAGE HOLDING LIMITED,20-06-2024,SANCTUARY CORPORATE SERVICES FZ LLC,Licensed,Special purpose vehicle
KWAJONES HOLDING LIMITED,20-06-2024,SOVEREIGN CORPORATE SERVICES ME LIMITED,Licensed,Special purpose vehicle
SD HOTEL INVESTMENTS HOLDINGS LIMITED,20-06-2024,CLARA FORMATIONS LIMITED,Licensed,Special purpose vehicle
FORTINBRAS ME MIDCO SPV LIMITED,20-06-2024,WALKERS PROFESSIONAL SERVICES (MIDDLE EAST) LIMITED,Licensed,Special purpose vehicle
ECOMINE SPV LTD,20-06-2024,GRIFFIN CORPORATE SERVICES LTD,Licensed,Special purpose vehicle
ECOMART SPV LTD,20-06-2024,GRIFFIN CORPORATE SERVICES LTD,Licensed,Special purpose vehicle
BLUE SKY FOUNDATION,20-06-2024,RAD CORPORATE SERVICES LIMITED,Licensed,Foundation
MZN FOUNDATION,20-06-2024,ASSISS LTD,Licensed,Foundation
TRISTAN HOLDING LIMITED,21-06-2024,ROSEMONT PARTNERS CORPORATE SERVICES LIMITED,Licensed,Special purpose vehicle
FJX GROUP HOLDINGS LIMITED,21-06-2024,CLARA FORMATIONS LIMITED,Licensed,Special purpose vehicle
CPF HOLDING LTD,21-06-2024,CROWE MAK LLP,Licensed,Special purpose vehicle
OBJECTS IN SIGHT SPV LIMITED,21-06-2024,EQUUS CORPORATE LIMITED,Licensed,Special purpose vehicle
ADQ CV FUTURE HOLDINGS I LTD,21-06-2024,,Licensed,Special purpose vehicle
ADQ CV FUTURE HOLDINGS II LTD,21-06-2024,,Licensed,Special purpose vehicle
ADQ CV FUTURE HOLDINGS III LTD,21-06-2024,,Licensed,Special purpose vehicle
ADQ CV FUTURE HOLDINGS IV LTD,21-06-2024,,Licensed,Special purpose vehicle
CHOZEN HOLDINGS LIMITED,21-06-2024,M-HQ LTD,Licensed,Special purpose vehicle
MATAR ABDULLA ALMHEIRI FOUNDATION,21-06-2024,M-HQ LTD,Licensed,Foundation
HYDREXA HOLDING LTD,24-06-2024,IDARAH CORPORATE LIMITED,Licensed,Special purpose vehicle
DBMT STEEL HOLDING LIMITED,24-06-2024,CLARA FORMATIONS LIMITED,Licensed,Special purpose vehicle
DIMET HOLDING LIMITED,24-06-2024,ACCLIME CORPORATE SERVICES LIMITED,Licensed,Special purpose vehicle
JOON HOLDINGS LTD,24-06-2024,AL TAMIMI & CO. CORPORATE SERVICES LIMITED,License cancelled,Special purpose vehicle
CQ BRASSERIE HOLDING LIMITED,24-06-2024,EQUUS CORPORATE LIMITED,Licensed,Special purpose vehicle
JNJ HOLDINGS LIMITED,24-06-2024,CSP GROUP LTD,Licensed,Special purpose vehicle
BANTRY SPV HOLDINGS LIMITED,24-06-2024,CLARA FORMATIONS LIMITED,Licensed,Special purpose vehicle
VISIONARY ENDEAVOUR HOLDINGS LIMITED,24-06-2024,CLARA FORMATIONS LIMITED,Licensed,Special purpose vehicle
ORYX TOPCO HOLDING LIMITED,24-06-2024,INTERTRUST (MIDDLE EAST) LTD,Licensed,Special purpose vehicle
RGK HOSPITALITY HOLDING LTD,24-06-2024,AL TAMIMI & CO. CORPORATE SERVICES LIMITED,Licensed,Special purpose vehicle
I42 US DC HOLDING RSC LTD,25-06-2024,,Licensed,Special purpose vehicle
KITCHENARA HOLDING LIMITED,25-06-2024,IDARAH CORPORATE LIMITED,Licensed,Special purpose vehicle
CORE INVESTMENTS SPV LIMITED,25-06-2024,MABA CORPORATE SERVICES LIMITED,Licensed,Special purpose vehicle
COGNITA MENA OPCO HOLDINGS LIMITED,25-06-2024,EQUIOM CORPORATE SERVICES (MIDDLE EAST) LTD,Licensed,Special purpose vehicle
ECDH PROPERTY HOLDINGS LIMITED,25-06-2024,CLARA FORMATIONS LIMITED,Licensed,Special purpose vehicle
SWISS COSMETICS SPV LTD,25-06-2024,GRIFFIN CORPORATE SERVICES LTD,Licensed,Special purpose vehicle
HELVETICA HOLDING LTD,25-06-2024,SWISS GROUP LEGAL LTD,License cancelled,Special purpose vehicle
VISION INVEST HOLDING LTD,25-06-2024,INTERTRUST (MIDDLE EAST) LTD,Licensed,Special purpose vehicle
HIA HOSPITALITY HOLDING LTD,25-06-2024,AL TAMIMI & CO. CORPORATE SERVICES LIMITED,Licensed,Special purpose vehicle
HOSPITALITY REAL ESTATE INVESTMENT SPV LTD,25-06-2024,SOVEREIGN CORPORATE SERVICES ME LIMITED,Licensed,Special purpose vehicle
RCH TEKPOINT EQUITY PARTNERS SPV LIMITED,25-06-2024,HISTORY LIMITED,Licensed,Special purpose vehicle
UNINAND INVESTMENTS HOLDINGS LTD,26-06-2024,CROWE MAK LLP,Licensed,Special purpose vehicle
TRIMAC SPV LTD,26-06-2024,10 LEAVES LIMITED,Licensed,Special purpose vehicle
MLRD HOLDING LIMITED,26-06-2024,RAD CORPORATE SERVICES LIMITED,Licensed,Special purpose vehicle
LIVELY RIVER HOLDINGS LIMITED,26-06-2024,CLARA FORMATIONS LIMITED,Licensed,Special purpose vehicle
ARCH SPV LIMITED,26-06-2024,EQUUS CORPORATE LIMITED,Licensed,Special purpose vehicle
ASK SPV LIMITED,26-06-2024,EQUUS CORPORATE LIMITED,Licensed,Special purpose vehicle
KM SPV LIMITED,26-06-2024,EQUUS CORPORATE LIMITED,Licensed,Special purpose vehicle
BLUU HOLDINGS LIMITED,26-06-2024,STROLLA LLP,Licensed,Special purpose vehicle
PERFECTLY PRESSED HOLDINGS LIMITED,27-06-2024,CLARA FORMATIONS LIMITED,Licensed,Special purpose vehicle
AURORA BOREALIS HOLDINGS LIMITED,27-06-2024,M-HQ LTD,Licensed,Special purpose vehicle
MEHDI MOBAREK HOLDINGS LIMITED,27-06-2024,CSP GROUP LTD,Licensed,Special purpose vehicle
LASCAUX HOLDINGS LIMITED,27-06-2024,CLARA FORMATIONS LIMITED,Licensed,Special purpose vehicle
OSOL SPV LIMITED,28-06-2024,M-HQ LTD,Licensed,Special purpose vehicle
GRAFIT HOLDING LIMITED,28-06-2024,10 LEAVES LIMITED,Licensed,Special purpose vehicle
BOCUSE C2I JV HOLDING LIMITED,28-06-2024,CSP GROUP LTD,Licensed,Special purpose vehicle
MC MANAGEMENT 25 RSC LTD,01-07-2024,MAPLES FIDUCIARY SERVICES (MIDDLE EAST) LIMITED,Licensed,Special purpose vehicle
MC MANAGEMENT 26 RSC LTD,01-07-2024,MAPLES FIDUCIARY SERVICES (MIDDLE EAST) LIMITED,Licensed,Special purpose vehicle
ETERNAME REAL ESTATE SPV LIMITED,01-07-2024,SOVEREIGN CORPORATE SERVICES ME LIMITED,Licensed,Special purpose vehicle
STARTING LINEUP GROUP HOLDING LTD,01-07-2024,PEREGRINE CORPORATE SERVICES LTD,Licensed,Special purpose vehicle
E&K ENERGY INFRA HOLDINGS LIMITED,01-07-2024,CLARA FORMATIONS LIMITED,Licensed,Special purpose vehicle
TAEGUTEC GULF HOLDING LTD,01-07-2024,CLARA FORMATIONS LIMITED,Licensed,Special purpose vehicle
BUSINESS LIMITLESS SPV LIMITED,01-07-2024,10 LEAVES LIMITED,Licensed,Special purpose vehicle
UDAWI HOLDING CO LIMITED,01-07-2024,MAPLES FIDUCIARY SERVICES (MIDDLE EAST) LIMITED,Licensed,Special purpose vehicle
APOTHECARY HOLDINGS LTD,01-07-2024,SOVEREIGN CORPORATE SERVICES ME LIMITED,Licensed,Special purpose vehicle
MC MANAGEMENT 28 RSC LTD,02-07-2024,MAPLES FIDUCIARY SERVICES (MIDDLE EAST) LIMITED,Licensed,Special purpose vehicle
MC CO-INVESTMENT I CARRY VEHICLE RSC LIMITED,02-07-2024,MAPLES FIDUCIARY SERVICES (MIDDLE EAST) LIMITED,Licensed,Special purpose vehicle
RADIX MEDIA HOLDINGS LIMITED,02-07-2024,EQUIOM CORPORATE SERVICES (MIDDLE EAST) LTD,Licensed,Special purpose vehicle
INFINITY GLOBAL INVESTMENTS HOLDING LTD,02-07-2024,ACCLIME CORPORATE SERVICES LIMITED,Licensed,Special purpose vehicle
VALHALLA JL HOLDINGS LIMITED,02-07-2024,PRAXISIFM TRUST LIMITED,Licensed,Special purpose vehicle
ADMETECH HOLDING LIMITED,02-07-2024,ASSISS LTD,Licensed,Special purpose vehicle
APEX ENERGY HOLDING LTD,02-07-2024,AL TAMIMI & CO. CORPORATE SERVICES LIMITED,Licensed,Special purpose vehicle
KITCHENZ HOLDINGS LIMITED,02-07-2024,CLARA FORMATIONS LIMITED,Licensed,Special purpose vehicle
PENTA CONTINENTAL HOLDINGS LIMITED,02-07-2024,MABA CORPORATE SERVICES LIMITED,Licensed,Special purpose vehicle
I42 FRANCE DC HOLDING RSC LTD,03-07-2024,,Licensed,Special purpose vehicle
EAST LANE SI HOLDING LTD,03-07-2024,MAPLES FIDUCIARY SERVICES (MIDDLE EAST) LIMITED,Licensed,Special purpose vehicle
PHOTON ENERGY HOLDING LIMITED,03-07-2024,ROSEMONT PARTNERS CORPORATE SERVICES LIMITED,Licensed,Special purpose vehicle
DASH HOLDINGS LIMITED,03-07-2024,M-HQ LTD,Licensed,Special purpose vehicle
ELN SPV LIMITED,03-07-2024,MABA CORPORATE SERVICES LIMITED,Licensed,Special purpose vehicle
ASTRAGLOBAL HOLDING LIMITED,03-07-2024,MABA CORPORATE SERVICES LIMITED,Licensed,Special purpose vehicle
ABU SAMRA FOUNDATION,03-07-2024,MABA CORPORATE SERVICES LIMITED,Licensed,Foundation
Q ENERGY HOLDINGS RSC LTD,04-07-2024,,Licensed,Special purpose vehicle
MTF SPV LTD,04-07-2024,AL TAMIMI & CO. CORPORATE SERVICES LIMITED,Licensed,Special purpose vehicle
TEMPLE TECHNOLOGY HOLDINGS LIMITED,04-07-2024,SANCTUARY CORPORATE SERVICES FZ LLC,Licensed,Special purpose vehicle
EYE RESEARCH CENTER PROPERTY PARTNERS SPV LIMITED,04-07-2024,HISTORY LIMITED,Licensed,Special purpose vehicle
AL KHAMSA ASSETS HOLDING RSC LTD,05-07-2024,,Licensed,Special purpose vehicle
GRANITE HOLDINGS RSC LIMITED,05-07-2024,WALKERS PROFESSIONAL SERVICES (MIDDLE EAST) LIMITED,Licensed,Special purpose vehicle
SAFA GLOBAL HOLDINGS LTD,05-07-2024,CROWE MAK LLP,Licensed,Special purpose vehicle
GEDLER HOLDING LTD,05-07-2024,ACCLIME CORPORATE SERVICES LIMITED,Licensed,Special purpose vehicle
AGENDA OVERSEAS HOLDINGS LIMITED,05-07-2024,CSP GROUP LTD,Licensed,Special purpose vehicle
AL KHAMSA HOLDING RSC LTD,05-07-2024,,Licensed,Special purpose vehicle
CASPAIOU HOLDING LIMITED,08-07-2024,EQUIOM CORPORATE SERVICES (MIDDLE EAST) LTD,Licensed,Special purpose vehicle
HABOOB HOLDING LIMITED,08-07-2024,CLARA FORMATIONS LIMITED,Licensed,Special purpose vehicle
MARBLES HOLDINGS LIMITED,08-07-2024,CLARA FORMATIONS LIMITED,Licensed,Special purpose vehicle
NAS INVESTMENTS HOLDING LIMITED,09-07-2024,GRANT THORNTON AUDIT AND ACCOUNTING LIMITED,Licensed,Special purpose vehicle
THE ARABIAN LUXURY GROUP HOLDING LIMITED,09-07-2024,ASSISS LTD,Licensed,Special purpose vehicle
TIME GUARDIAN HOLDING LIMITED,09-07-2024,MOORE JFC LIMITED,Licensed,Special purpose vehicle
SEND2 TECHNOLOGIES HOLDINGS LIMITED,09-07-2024,PRAXISIFM TRUST LIMITED,Licensed,Special purpose vehicle
IMED TECHNOLOGIES SPV PVT LTD,09-07-2024,INP IBRAHIM N PARTNERS LEGAL CONSULTANCY LTD,Licensed,Special purpose vehicle
HATFIELD VENTURES SPV LIMITED,09-07-2024,MABA CORPORATE SERVICES LIMITED,Licensed,Special purpose vehicle
DAVENTRY VENTURES SPV LIMITED,09-07-2024,MABA CORPORATE SERVICES LIMITED,Licensed,Special purpose vehicle
ESGC HOLDING LTD,10-07-2024,ASSISS LTD,Licensed,Special purpose vehicle
REDIX ONE HOLDINGS LIMITED,10-07-2024,CLARA FORMATIONS LIMITED,Licensed,Special purpose vehicle
DOMUS HOLDING LIMITED,10-07-2024,MABA CORPORATE SERVICES LIMITED,Licensed,Special purpose vehicle
RAINHILL VENTURES SPV LIMITED,10-07-2024,MABA CORPORATE SERVICES LIMITED,Licensed,Special purpose vehicle
LEGACY HOLDINGS SPV LTD,10-07-2024,MABA CORPORATE SERVICES LIMITED,Licensed,Special purpose vehicle
NAMA HOLDINGS LTD,10-07-2024,MABA CORPORATE SERVICES LIMITED,Licensed,Special purpose vehicle
HANAMOROC PROPERTY HOLDING RSC LTD,10-07-2024,ASSISS LTD,Licensed,Special purpose vehicle
FORZA INVESTMENTS SPV LTD,11-07-2024,GRANT THORNTON AUDIT AND ACCOUNTING LIMITED,Licensed,Special purpose vehicle
BASKET CO-INVEST HOLDING LIMITED,11-07-2024,WALKERS PROFESSIONAL SERVICES (MIDDLE EAST) LIMITED,Licensed,Special purpose vehicle
ENERCAP ENERGY HOLDING LTD,11-07-2024,AL TAMIMI & CO. CORPORATE SERVICES LIMITED,Licensed,Special purpose vehicle
CANARAX SPV LIMITED,11-07-2024,MABA CORPORATE SERVICES LIMITED,Licensed,Special purpose vehicle
ALKHAMSA ASSETS 2 HOLDING RSC LTD,11-07-2024,,Licensed,Special purpose vehicle
AL KHAMSA ASSETS 1 HOLDING RSC LTD,11-07-2024,,Licensed,Special purpose vehicle
ALKHAMSA ASSETS 3 HOLDING RSC LTD,11-07-2024,,Licensed,Special purpose vehicle
ALKHAMSA ASSETS 4 HOLDING RSC LTD,11-07-2024,,Licensed,Special purpose vehicle
LEGAREC FOUNDATION,11-07-2024,M-HQ LTD,Licensed,Foundation
PROFESSIONAL ME HOLDINGS LIMITED,12-07-2024,AL TAMIMI & CO. CORPORATE SERVICES LIMITED,Licensed,Special purpose vehicle
LEO VANTAGE HOLDING LIMITED,12-07-2024,GRANT THORNTON AUDIT AND ACCOUNTING LIMITED,Licensed,Special purpose vehicle
GALDI'S HOLDINGS LIMITED,12-07-2024,CLARA FORMATIONS LIMITED,Licensed,Special purpose vehicle
INVESTCORP GOLDEN HORIZON HOLDING LIMITED,12-07-2024,WALKERS PROFESSIONAL SERVICES (MIDDLE EAST) LIMITED,Licensed,Special purpose vehicle
ORA DEVELOPERS INVESTMENT 2 SPV LIMITED,12-07-2024,INTERTRUST (MIDDLE EAST) LTD,Licensed,Special purpose vehicle
BABY FOOD HOLDINGS LIMITED,12-07-2024,MOORE JFC LIMITED,Licensed,Special purpose vehicle
GSCS HOLDINGS LIMITED,12-07-2024,STROLLA LLP,Licensed,Special purpose vehicle
TISLAM GLOBAL HOLDINGS LIMITED,15-07-2024,CLARA FORMATIONS LIMITED,Licensed,Special purpose vehicle
TMR ADVISORY SPV LTD,15-07-2024,CSP GROUP LTD,Licensed,Special purpose vehicle
M FORWARD HOLDING LTD,15-07-2024,10 LEAVES LIMITED,Licensed,Special purpose vehicle
VNDG. ME HOLDING LTD,15-07-2024,ACCLIME CORPORATE SERVICES LIMITED,Licensed,Special purpose vehicle
CANARAX METALS SPV LIMITED,15-07-2024,MABA CORPORATE SERVICES LIMITED,Licensed,Special purpose vehicle
O&G HOLDING LIMITED,15-07-2024,AL TAMIMI & CO. CORPORATE SERVICES LIMITED,Licensed,Special purpose vehicle
ORYX MIDCO HOLDING LIMITED,15-07-2024,INTERTRUST (MIDDLE EAST) LTD,Licensed,Special purpose vehicle
ORYX BIDCO HOLDING LIMITED,15-07-2024,INTERTRUST (MIDDLE EAST) LTD,Licensed,Special purpose vehicle
FRONT MEDIA HOLDING LIMITED,16-07-2024,STROLLA LLP,Licensed,Special purpose vehicle
EMERGING MARKETS DEVELOPMENT SPV LIMITED,16-07-2024,HISTORY LIMITED,Licensed,Special purpose vehicle
PRISM GLOBAL HOLDCO LTD,16-07-2024,ACCLIME CORPORATE SERVICES LIMITED,Licensed,Special purpose vehicle
IZIL BEAUTY HOLDINGS LIMITED,16-07-2024,CLARA FORMATIONS LIMITED,Licensed,Special purpose vehicle
MALA HOLDING LTD,16-07-2024,WALKERS PROFESSIONAL SERVICES (MIDDLE EAST) LIMITED,Licensed,Special purpose vehicle
MH3 HOLDING LIMITED,16-07-2024,AL TAMIMI & CO. CORPORATE SERVICES LIMITED,Licensed,Special purpose vehicle
CROWD9 HOLDINGS LIMITED,16-07-2024,CLARA FORMATIONS LIMITED,Licensed,Special purpose vehicle
BLOCK ONE HOLDING LIMITED,16-07-2024,CLARA FORMATIONS LIMITED,Licensed,Special purpose vehicle
DIRECT PLUS HOLDING LIMITED,16-07-2024,CLARA FORMATIONS LIMITED,Licensed,Special purpose vehicle
FABER FOUNDATION,16-07-2024,10 LEAVES LIMITED,Licensed,Foundation
AMPLIUS FOUNDATION,16-07-2024,ROSEMONT PARTNERS CORPORATE SERVICES LIMITED,Licensed,Foundation
GENGO PRO HOLDING LIMITED,17-07-2024,RAD CORPORATE SERVICES LIMITED,Licensed,Special purpose vehicle
ADAQUA HOLDINGS LIMITED,17-07-2024,CLARA FORMATIONS LIMITED,Licensed,Special purpose vehicle
VK GROUP INVESTMENTS HOLDINGS LTD,17-07-2024,MABA CORPORATE SERVICES LIMITED,Licensed,Special purpose vehicle
SUI GENERIS HOLDINGS LIMITED,17-07-2024,CLARA FORMATIONS LIMITED,Licensed,Special purpose vehicle
EAGLE AGROTECH HOLDINGS LIMITED,17-07-2024,ACCLIME CORPORATE SERVICES LIMITED,Licensed,Special purpose vehicle
NEXUSGLOBE HOLDINGS LIMITED,17-07-2024,MABA CORPORATE SERVICES LIMITED,Licensed,Special purpose vehicle
SYLLABL HOLDINGS LIMITED,17-07-2024,SOVEREIGN CORPORATE SERVICES ME LIMITED,Licensed,Special purpose vehicle
E POINT ZERO HOLDING RSC LTD,19-07-2024,CROWE MAK LLP,Licensed,Special purpose vehicle
MLO JV HOLDING RSC LTD,19-07-2024,ASSISS LTD,Licensed,Special purpose vehicle
ONE TWO HOLDING RSC LTD,19-07-2024,CROWE MAK LLP,Licensed,Special purpose vehicle
PLATINUM WILLOW B 2024 RSC LIMITED,19-07-2024,,Licensed,Special purpose vehicle
CREST HOSPITALITY SPV LIMITED,19-07-2024,ACCLIME CORPORATE SERVICES LIMITED,Licensed,Special purpose vehicle
PROGRESS BEAUTY COSMETICS HOLDING LIMITED,19-07-2024,SANCTUARY CORPORATE SERVICES FZ LLC,Licensed,Special purpose vehicle
HIPPO HOLDINGS LIMITED,19-07-2024,CLARA FORMATIONS LIMITED,License cancelled,Special purpose vehicle
ALLIANCE ASSETS HOLDING RSC LTD,19-07-2024,,Licensed,Special purpose vehicle
ACRUX FOUNDATION,19-07-2024,ROSEMONT PARTNERS CORPORATE SERVICES LIMITED,Licensed,Foundation
QASR FOUNDATION,19-07-2024,MABA CORPORATE SERVICES LIMITED,License cancelled,Foundation
MERED PROPERTIES HOLDING LIMITED,22-07-2024,M-HQ LTD,Licensed,Special purpose vehicle
MERED SPV LIMITED,22-07-2024,M-HQ LTD,Licensed,Special purpose vehicle
IMPERIUM HOLDINGS LIMITED,22-07-2024,M-HQ LTD,Licensed,Special purpose vehicle
REMIUM GLOBAL HOLDING LIMITED,22-07-2024,MABA CORPORATE SERVICES LIMITED,Licensed,Special purpose vehicle
PSC HOLDING LIMITED,22-07-2024,RAD CORPORATE SERVICES LIMITED,Licensed,Special purpose vehicle
RCHI SPV LIMITED,22-07-2024,HISTORY LIMITED,Licensed,Special purpose vehicle
ALLIANCE PLUS INVESTMENT RSC LTD,22-07-2024,,Licensed,Special purpose vehicle
CORTEC MIDDLE EAST HOLDING LTD,23-07-2024,MOORE JFC LIMITED,Licensed,Special purpose vehicle
BOXCOMMERCE HOLDING LIMITED,23-07-2024,CLARA FORMATIONS LIMITED,Licensed,Special purpose vehicle
JALDI TECH HOLDINGS LIMITED,23-07-2024,CLARA FORMATIONS LIMITED,Licensed,Special purpose vehicle
ALPHA MBM REFINERY HOLDING LIMITED,23-07-2024,CLYDE SERVICES LIMITED,License cancelled,Special purpose vehicle
PHOENIX INCUBATIONS HOLDINGS LIMITED,23-07-2024,MABA CORPORATE SERVICES LIMITED,Licensed,Special purpose vehicle
ALTERRA TRANSFORMATION (BLOCKER) SPV LTD,23-07-2024,,Licensed,Special purpose vehicle
HYDRUM HOLDING LIMITED,23-07-2024,KPI AHLI CHARTERED ACCOUNTANTS,Licensed,Special purpose vehicle
WP BATLAH PARTNERS HOLDING LIMITED,24-07-2024,STROLLA LLP,Licensed,Special purpose vehicle
COGNITA MENA REGIONAL HOLDINGS LIMITED,24-07-2024,EQUIOM CORPORATE SERVICES (MIDDLE EAST) LTD,Licensed,Special purpose vehicle
TKE HOLDING LTD,24-07-2024,RAD CORPORATE SERVICES LIMITED,Licensed,Special purpose vehicle
SMART NOOK HOLDINGS LIMITED,24-07-2024,CLARA FORMATIONS LIMITED,Licensed,Special purpose vehicle
BAGGAGETAXI INTERNATIONAL HOLDING LTD,24-07-2024,CLARA FORMATIONS LIMITED,Licensed,Special purpose vehicle
IMAGINARIUM HOLDINGS LIMITED,24-07-2024,ROSEMONT PARTNERS CORPORATE SERVICES LIMITED,Licensed,Special purpose vehicle
MMC PROPERTY HOLDINGS LIMITED,24-07-2024,MAPLES FIDUCIARY SERVICES (MIDDLE EAST) LIMITED,Licensed,Special purpose vehicle
NABT HOLDINGS LIMITED,24-07-2024,CLARA FORMATIONS LIMITED,Licensed,Special purpose vehicle
KNOWLEDGE SKY HOLDINGS LIMITED,24-07-2024,CLARA FORMATIONS LIMITED,Licensed,Special purpose vehicle
GOOD WORKS LEGACY FOUNDATION,24-07-2024,RAD CORPORATE SERVICES LIMITED,Licensed,Foundation
TAQA RISK AND ACQUISITION SOLUTIONS HOLDING COMPANY LIMITED,25-07-2024,VISTRA (MIDDLE EAST) LTD,Licensed,Special purpose vehicle
KEY LIQUID I GP LTD,25-07-2024,,Licensed,Special purpose vehicle
SHAGUF HOLDINGS LIMITED,25-07-2024,CLARA FORMATIONS LIMITED,Licensed,Special purpose vehicle
CALA HOLDING LIMITED,25-07-2024,VISTRA (MIDDLE EAST) LTD,Licensed,Special purpose vehicle
BITUTRADE ENTERPRISE HOLDINGS LIMITED,25-07-2024,CLARA FORMATIONS LIMITED,Licensed,Special purpose vehicle
AL KALMA HOLDINGS PVT. LTD,25-07-2024,INP IBRAHIM N PARTNERS LEGAL CONSULTANCY LTD,Licensed,Special purpose vehicle
WHG HOLDING LIMITED,25-07-2024,WALKERS PROFESSIONAL SERVICES (MIDDLE EAST) LIMITED,Licensed,Special purpose vehicle
JURANAH WATER RESERVOIR HOLDING COMPANY LIMITED,25-07-2024,VISTRA (MIDDLE EAST) LTD,Licensed,Special purpose vehicle
VALSESIA LUXURY SPV LIMITED,25-07-2024,WALKERS PROFESSIONAL SERVICES (MIDDLE EAST) LIMITED,Licensed,Special purpose vehicle
WIND HOLDING LIMITED,25-07-2024,,Licensed,Special purpose vehicle
COOLNRAD SPV LTD,26-07-2024,IDARAH CORPORATE LIMITED,Licensed,Special purpose vehicle
T PLUS INVESTMENT HOLDING LIMITED,26-07-2024,10 LEAVES LIMITED,Licensed,Special purpose vehicle
LDII SPV 2 LTD,26-07-2024,,Licensed,Special purpose vehicle
VISION INVEST HOLDING II LIMITED,26-07-2024,INTERTRUST (MIDDLE EAST) LTD,Licensed,Special purpose vehicle
MEDI INVESTMENT HOLDING RSC LTD,29-07-2024,CROWE MAK LLP,Licensed,Special purpose vehicle
ESPLANADE SPV LIMITED,29-07-2024,PRAXISIFM TRUST LIMITED,Licensed,Special purpose vehicle
CONNECTED HEALTH HOLDINGS LIMITED,29-07-2024,CLARA FORMATIONS LIMITED,Licensed,Special purpose vehicle
IML HOLDINGS LTD,29-07-2024,BANKS LEGAL LIMITED,Licensed,Special purpose vehicle
AL HAZEEM INDUSTRIES HOLDING LIMITED,29-07-2024,AL TAMIMI & CO. CORPORATE SERVICES LIMITED,Licensed,Special purpose vehicle
THANAWI HOLDINGS LIMITED,29-07-2024,CLARA FORMATIONS LIMITED,Licensed,Special purpose vehicle
PARAGON GREEN INVESTMENTS HOLDINGS LIMITED,29-07-2024,MABA CORPORATE SERVICES LIMITED,Licensed,Special purpose vehicle
A20 HOLDING LIMITED,29-07-2024,ELNAGGAR & PARTNERS LIMITED,Licensed,Special purpose vehicle
AKINITA FOUNDATION,29-07-2024,10 LEAVES LIMITED,Licensed,Foundation
NTIGRA HOLDINGS LIMITED,30-07-2024,CLARA FORMATIONS LIMITED,Licensed,Special purpose vehicle
EESA INVESTMENT HOLDINGS LIMITED,30-07-2024,CSP GROUP LTD,Licensed,Special purpose vehicle
MIRABEL HOLDING LTD,30-07-2024,ACCLIME CORPORATE SERVICES LIMITED,Licensed,Special purpose vehicle
REALTYCAPITAL HOLDINGS LIMITED,30-07-2024,CLARA FORMATIONS LIMITED,Licensed,Special purpose vehicle
MEDAD INNOVATION HOLDING LIMITED,30-07-2024,AL TAMIMI & CO. CORPORATE SERVICES LIMITED,Licensed,Special purpose vehicle
REFLOWX HOLDINGS LIMITED,30-07-2024,CLARA FORMATIONS LIMITED,Licensed,Special purpose vehicle
TEMIR DALA INVESTMENTS HOLDING LTD,30-07-2024,SWISS GROUP LEGAL LTD,Licensed,Special purpose vehicle
AIN FRM RSC LTD,31-07-2024,,Licensed,Special purpose vehicle
BITUTRADE INVESTMENT HOLDINGS LIMITED,31-07-2024,CLARA FORMATIONS LIMITED,Licensed,Special purpose vehicle
L2O SPV LIMITED,31-07-2024,WALKERS PROFESSIONAL SERVICES (MIDDLE EAST) LIMITED,Licensed,Special purpose vehicle
CANA HOLDINGS LIMITED,31-07-2024,CLARA FORMATIONS LIMITED,Licensed,Special purpose vehicle
GLOBEX HOLDING LIMITED,31-07-2024,CLARA FORMATIONS LIMITED,License cancelled,Special purpose vehicle
BAMO CAPITAL HOLDINGS LIMITED,31-07-2024,CLARA FORMATIONS LIMITED,Licensed,Special purpose vehicle
QUANTUM INVEST HOLDING LIMITED,31-07-2024,CLARA FORMATIONS LIMITED,License cancelled,Special purpose vehicle
888 FOUNDATION,31-07-2024,MABA CORPORATE SERVICES LIMITED,Licensed,Foundation
SKYVISION AI HOLDINGS LIMITED,01-08-2024,CLARA FORMATIONS LIMITED,Licensed,Special purpose vehicle
CREDIBLE X LIQUIDITY 01 SPV LIMITED,01-08-2024,TMF GROUP FIDUCIARY SERVICES LIMITED,Licensed,Special purpose vehicle
CREDIBLE X LIQUIDITY 02 SPV LIMITED,01-08-2024,TMF GROUP FIDUCIARY SERVICES LIMITED,Licensed,Special purpose vehicle
CREDIBLE X LIQUIDITY 03 SPV LIMITED,01-08-2024,TMF GROUP FIDUCIARY SERVICES LIMITED,Licensed,Special purpose vehicle
UNBOUND GP LTD,01-08-2024,APEX CORPORATE SERVICES (ME) LTD,Licensed,Special purpose vehicle
RES ONE HOLDING LIMITED,01-08-2024,KPI AHLI CHARTERED ACCOUNTANTS,Licensed,Special purpose vehicle
ABSOLUTE FOUNDATION,01-08-2024,HERITAGE CORPORATE SERVICES LIMITED,Licensed,Foundation
MANGOSTEEN FOUNDATION,01-08-2024,OCORIAN CORPORATE SERVICES (ME) LIMITED,Licensed,Foundation
INTERNATIONAL HOLDINGS LIMITED,02-08-2024,CLARA FORMATIONS LIMITED,Licensed,Special purpose vehicle
MANGROVE RED SPV RSC LTD,05-08-2024,GRIFFIN CORPORATE SERVICES LTD,Licensed,Special purpose vehicle
TETHER INVESTMENTS SPV LTD,05-08-2024,WALKERS PROFESSIONAL SERVICES (MIDDLE EAST) LIMITED,License cancelled,Special purpose vehicle
ZETTAHASH SPV LTD,05-08-2024,WALKERS PROFESSIONAL SERVICES (MIDDLE EAST) LIMITED,Licensed,Special purpose vehicle
UTICO HOLDING LIMITED,05-08-2024,WALKERS PROFESSIONAL SERVICES (MIDDLE EAST) LIMITED,Licensed,Special purpose vehicle
KUIPER HOLDINGS LIMITED,05-08-2024,WALKERS PROFESSIONAL SERVICES (MIDDLE EAST) LIMITED,Licensed,Special purpose vehicle
LEGACYGUARD HOLDINGS LIMITED,05-08-2024,CLARA FORMATIONS LIMITED,Licensed,Special purpose vehicle
MAWSIM HOLDINGS LIMITED,05-08-2024,CLARA FORMATIONS LIMITED,Licensed,Special purpose vehicle
GROWVEST HOLDINGS LIMITED,05-08-2024,CLARA FORMATIONS LIMITED,Licensed,Special purpose vehicle
SAUDI CABLE INVESTMENT COMPANY SCIC SPV LIMITED,06-08-2024,EQUIOM CORPORATE SERVICES (MIDDLE EAST) LTD,Licensed,Special purpose vehicle
EHG HOLDINGS 3 LIMITED,06-08-2024,CSP GROUP LTD,Licensed,Special purpose vehicle
IMAGINATION HOLDINGS LTD,06-08-2024,CSP GROUP LTD,Licensed,Special purpose vehicle
NM DOWNTOWN HOLDINGS LTD,06-08-2024,ELNAGGAR & PARTNERS LIMITED,Licensed,Special purpose vehicle
HEDON FOUNDATION,06-08-2024,OCORIAN CORPORATE SERVICES (ME) LIMITED,Licensed,Foundation
JACARANDA  FOUNDATION,06-08-2024,OCORIAN CORPORATE SERVICES (ME) LIMITED,Licensed,Foundation
KEYRUS MIDDLE EAST SPV LTD,07-08-2024,ASSISS LTD,Licensed,Special purpose vehicle
BB PROGRESS HOLDING LTD,07-08-2024,10 LEAVES LIMITED,Licensed,Special purpose vehicle
APEX INNOVATION HOLDING LIMITED,07-08-2024,CLARA FORMATIONS LIMITED,Licensed,Special purpose vehicle
OPTIMA STRATEGY HOLDING LIMITED,07-08-2024,CLARA FORMATIONS LIMITED,License cancelled,Special purpose vehicle
MIGDAL FOUNDATION,07-08-2024,ADS INVESTMENT SOLUTIONS LIMITED,Licensed,Foundation
TOLENTINO HOLDING LTD,08-08-2024,ACCLIME CORPORATE SERVICES LIMITED,Licensed,Special purpose vehicle
XPANCEO HOLDINGS LIMITED,08-08-2024,CLARA FORMATIONS LIMITED,Licensed,Special purpose vehicle
PHOENIX 1 HOLDINGS LIMITED,08-08-2024,CLARA FORMATIONS LIMITED,Licensed,Special purpose vehicle
AL KALMA INVESTMENTS SPV PVT. LTD,08-08-2024,INP IBRAHIM N PARTNERS LEGAL CONSULTANCY LTD,Licensed,Special purpose vehicle
PRIME PROPERTIES HOLDING LIMITED,08-08-2024,AL TAMIMI & CO. CORPORATE SERVICES LIMITED,Licensed,Special purpose vehicle
VET ALLIANCE HOLDING LIMITED,09-08-2024,TMF GROUP FIDUCIARY SERVICES LIMITED,Licensed,Special purpose vehicle
FUELINK INVESTMENTS SPV LIMITED,09-08-2024,,Licensed,Special purpose vehicle
KLUB CREDIT OPPORTUNITIES I GP LTD,11-08-2024,TMF GROUP FIDUCIARY SERVICES LIMITED,Licensed,Special purpose vehicle
W SOLAR INVESTMENT SPV RSC LTD,12-08-2024,,Licensed,Special purpose vehicle
LIVIT HOLDING LIMITED,12-08-2024,CSP GROUP LTD,Licensed,Special purpose vehicle
EHG HOLDINGS 2 LIMITED,12-08-2024,CSP GROUP LTD,Licensed,Special purpose vehicle
NAVIPARKING MENA HOLDING LIMITED,12-08-2024,ACCLIME CORPORATE SERVICES LIMITED,Licensed,Special purpose vehicle
MONSOON HOLDING LIMITED,12-08-2024,WALKERS PROFESSIONAL SERVICES (MIDDLE EAST) LIMITED,Licensed,Special purpose vehicle
WHITEHILL VENTURES SPV LIMITED,12-08-2024,MABA CORPORATE SERVICES LIMITED,Licensed,Special purpose vehicle
INTERCOIL HOLDING LIMITED,12-08-2024,AL TAMIMI & CO. CORPORATE SERVICES LIMITED,Licensed,Special purpose vehicle
FIVE FIFTEEN HOLDINGS LTD,12-08-2024,ASSISS LTD,Licensed,Special purpose vehicle
FERO TECH GLOBAL HOLDING LTD,13-08-2024,ACCLIME CORPORATE SERVICES LIMITED,Licensed,Special purpose vehicle
EHG HOLDINGS 1 LIMITED,13-08-2024,CSP GROUP LTD,Licensed,Special purpose vehicle
ALMHEIRI FAMILY HOLDING LIMITED,13-08-2024,M-HQ LTD,Licensed,Special purpose vehicle
PROBUY HOLDINGS LIMITED,13-08-2024,CLARA FORMATIONS LIMITED,Licensed,Special purpose vehicle
GBT HOLDINGS LIMITED,13-08-2024,CLARA FORMATIONS LIMITED,Licensed,Special purpose vehicle
WESTMORE SPV LIMITED,13-08-2024,MABA CORPORATE SERVICES LIMITED,Licensed,Special purpose vehicle
EPIK FOODS GLOBAL HOLDINGS LIMITED,13-08-2024,JTC CORPORATE SERVICES (DIFC) LIMITED,Licensed,Special purpose vehicle
888 SPV LIMITED,13-08-2024,MABA CORPORATE SERVICES LIMITED,Licensed,Special purpose vehicle
ACTUAL DEEPTECH GP I LTD,13-08-2024,,Licensed,Special purpose vehicle
VULKAN HOLDING LTD,13-08-2024,CLARA FORMATIONS LIMITED,Licensed,Special purpose vehicle
BLUEFIVE HOLDINGS LIMITED,13-08-2024,INP IBRAHIM N PARTNERS LEGAL CONSULTANCY LTD,Licensed,Special purpose vehicle
AL FARIS FOUNDATION,13-08-2024,10 LEAVES LIMITED,Licensed,Foundation
IMAD VC HOLDING LIMITED,14-08-2024,WALKERS PROFESSIONAL SERVICES (MIDDLE EAST) LIMITED,Licensed,Special purpose vehicle
AG OVERSEAS ME SPV LTD,14-08-2024,SANCTUARY CORPORATE SERVICES FZ LLC,Licensed,Special purpose vehicle
SELF SPACE HOLDINGS LIMITED,14-08-2024,CLARA FORMATIONS LIMITED,Licensed,Special purpose vehicle
BROOKFIELD SWISS HOLDING LIMITED,14-08-2024,AL TAMIMI & CO. CORPORATE SERVICES LIMITED,Licensed,Special purpose vehicle
APEX INVESTMENT HOLDINGS LTD,14-08-2024,MABA CORPORATE SERVICES LIMITED,Licensed,Special purpose vehicle
INTERNATIONAL FINANCIAL ASSETS HOLDING RSC LTD,14-08-2024,CROWE MAK LLP,Licensed,Special purpose vehicle
MASDAR ESPANA HOLDING 2 RSC LIMITED,14-08-2024,WALKERS PROFESSIONAL SERVICES (MIDDLE EAST) LIMITED,Licensed,Special purpose vehicle
AETHLIUS HOLDINGS LTD,15-08-2024,J. AWAN & PARTNERS LIMITED,Licensed,Special purpose vehicle
JUKEBOX HOLDINGS LTD,15-08-2024,RAD CORPORATE SERVICES LIMITED,Licensed,Special purpose vehicle
JMS HOLDINGS LIMITED,15-08-2024,JTC CORPORATE SERVICES (DIFC) LIMITED,Licensed,Special purpose vehicle
AL-YAH HOLDING RSC LTD,15-08-2024,ASSISS LTD,Licensed,Special purpose vehicle
AMZ FOUNDATION,15-08-2024,WALKERS PROFESSIONAL SERVICES (MIDDLE EAST) LIMITED,Licensed,Foundation
COGNITA MENA PARTNER HOLDINGS LIMITED,16-08-2024,EQUIOM CORPORATE SERVICES (MIDDLE EAST) LTD,Licensed,Special purpose vehicle
NOCK HOLDINGS LIMITED,16-08-2024,CLARA FORMATIONS LIMITED,Licensed,Special purpose vehicle
N23A HOLDINGS LIMITED,16-08-2024,CSP GROUP LTD,Licensed,Special purpose vehicle
MEMENTO HOLDINGS LTD,16-08-2024,SOVEREIGN CORPORATE SERVICES ME LIMITED,Licensed,Special purpose vehicle
SILQ LOGISTICS HOLDINGS LTD,16-08-2024,ROSEMONT PARTNERS CORPORATE SERVICES LIMITED,Licensed,Special purpose vehicle
OVERSEAS MARINE SPV LTD,16-08-2024,CSP GROUP LTD,Licensed,Special purpose vehicle
MRI LUXURY PROPERTY HOLDING LIMITED,16-08-2024,AL TAMIMI & CO. CORPORATE SERVICES LIMITED,Licensed,Special purpose vehicle
KAIA DLT FOUNDATION,16-08-2024,BANKS LEGAL LIMITED,Licensed,Foundation
KHAZNA DATA CENTER 404 HOLDINGS LIMITED,18-08-2024,,Licensed,Special purpose vehicle
INCEPTION HOLDING RSC LTD,19-08-2024,,Licensed,Special purpose vehicle
INTEGRATED PLATFORMS HOLDING LIMITED,19-08-2024,SANCTUARY CORPORATE SERVICES FZ LLC,Licensed,Special purpose vehicle
SOLARIS PASTA HOLDING LTD,19-08-2024,SWISS GROUP LEGAL LTD,Licensed,Special purpose vehicle
MATAR ALMHEIRI HOLDING LIMITED,19-08-2024,M-HQ LTD,Licensed,Special purpose vehicle
B.K. HOLDING LIMITED,19-08-2024,MAPLES FIDUCIARY SERVICES (MIDDLE EAST) LIMITED,Licensed,Special purpose vehicle
ADRA HOLDINGS LIMITED,19-08-2024,CLARA FORMATIONS LIMITED,Licensed,Special purpose vehicle
VEROTERA HOLDINGS LIMITED,19-08-2024,CLARA FORMATIONS LIMITED,Licensed,Special purpose vehicle
CETUS CALYPSO SPV LTD,19-08-2024,AL TAMIMI & CO. CORPORATE SERVICES LIMITED,Licensed,Special purpose vehicle
CETUS HELIOS SPV LTD,19-08-2024,AL TAMIMI & CO. CORPORATE SERVICES LIMITED,Licensed,Special purpose vehicle
CETUS HYDRA SPV LTD,19-08-2024,AL TAMIMI & CO. CORPORATE SERVICES LIMITED,Licensed,Special purpose vehicle
CETUS ORION SPV LTD,19-08-2024,AL TAMIMI & CO. CORPORATE SERVICES LIMITED,Licensed,Special purpose vehicle
CETUS PELAGOS SPV LTD,19-08-2024,AL TAMIMI & CO. CORPORATE SERVICES LIMITED,Licensed,Special purpose vehicle
EHG CORE FINANCE SPV LIMITED,20-08-2024,CSP GROUP LTD,Licensed,Special purpose vehicle
EHG BRIDGE FINANCE SPV LIMITED,20-08-2024,CSP GROUP LTD,Licensed,Special purpose vehicle
OPEN INNOVATION HOLDING LTD,20-08-2024,ASSISS LTD,Licensed,Special purpose vehicle
LEGACY MIDDLE EAST HOLDING LIMITED,20-08-2024,ROSEMONT PARTNERS CORPORATE SERVICES LIMITED,License cancelled,Special purpose vehicle
SL HOLDING LIMITED,20-08-2024,SANCTUARY CORPORATE SERVICES FZ LLC,Licensed,Special purpose vehicle
ADELFOS HOLDINGS LIMITED,20-08-2024,CLARA FORMATIONS LIMITED,Licensed,Special purpose vehicle
BITGRIT DLT FOUNDATION,20-08-2024,J. AWAN & PARTNERS LIMITED,Licensed,Foundation
SR ASSET FOUNDATION,20-08-2024,ACCLIME CORPORATE SERVICES LIMITED,Licensed,Foundation
SHANARA FOUNDATION,20-08-2024,M-HQ LTD,Licensed,Foundation
ADI DLT FOUNDATION,20-08-2024,CROWE MAK LLP,Licensed,Foundation
GENPAX DISTRIBUTION HOLDING LIMITED,21-08-2024,CLARA FORMATIONS LIMITED,Licensed,Special purpose vehicle
SR HOLDING LIMITED,21-08-2024,ACCLIME CORPORATE SERVICES LIMITED,Licensed,Special purpose vehicle
FUSION FILMS HOLDINGS LIMITED,21-08-2024,CLARA FORMATIONS LIMITED,Licensed,Special purpose vehicle
VICTORIOUS HOLDINGS LIMITED,21-08-2024,GRIFFIN CORPORATE SERVICES LTD,Licensed,Special purpose vehicle
IRAK HOLDINGS LIMITED,22-08-2024,CLARA FORMATIONS LIMITED,Licensed,Special purpose vehicle
ETIHADWE HOLDING COMPANY LIMITED,22-08-2024,CLARA FORMATIONS LIMITED,Licensed,Special purpose vehicle
KLAIM SAFE HOLDERS SPV LIMITED,22-08-2024,CLARA FORMATIONS LIMITED,Licensed,Special purpose vehicle
UNICORN INDUSTRIAL HOLDINGS LIMITED,22-08-2024,WALKERS PROFESSIONAL SERVICES (MIDDLE EAST) LIMITED,Licensed,Special purpose vehicle
DIRECT HOLDINGS LIMITED,22-08-2024,CLARA FORMATIONS LIMITED,Licensed,Special purpose vehicle
MAGTECH HOLDING LIMITED,23-08-2024,ASSISS LTD,Licensed,Special purpose vehicle
CZ HOLDING LIMITED,23-08-2024,SANCTUARY CORPORATE SERVICES FZ LLC,Licensed,Special purpose vehicle
DIAMOND REAL ESTATE SPV LTD,25-08-2024,ELNAGGAR & PARTNERS LIMITED,Licensed,Special purpose vehicle
SEDCO CAP SPV LIMITED,26-08-2024,OCORIAN CORPORATE SERVICES (ME) LIMITED,Licensed,Special purpose vehicle
EHG BRIDGE HOLDINGS LIMITED,26-08-2024,CSP GROUP LTD,Licensed,Special purpose vehicle
TAJMEEL HOLDINGS PVT LTD,26-08-2024,INP IBRAHIM N PARTNERS LEGAL CONSULTANCY LTD,Licensed,Special purpose vehicle
TAJMEEL INVESTMENTS SPV PVT LTD,26-08-2024,INP IBRAHIM N PARTNERS LEGAL CONSULTANCY LTD,Licensed,Special purpose vehicle
MERCANTERA HOLDING LTD,26-08-2024,BANKS LEGAL LIMITED,Licensed,Special purpose vehicle
SRQ TAMKEEN XI SPV LTD,26-08-2024,,Licensed,Special purpose vehicle
ADIRA INVESTMENT HOLDING RSC LTD,26-08-2024,CROWE MAK LLP,Licensed,Special purpose vehicle
SORIN ENTERPRISE HOLDING RSC LTD,26-08-2024,CROWE MAK LLP,Licensed,Special purpose vehicle
ENORA INVESTMENT HOLDING RSC LTD,26-08-2024,CROWE MAK LLP,Licensed,Special purpose vehicle
EHG CORE HOLDINGS LIMITED,27-08-2024,CSP GROUP LTD,Licensed,Special purpose vehicle
CRYSTAL CLEAR HOLDING LTD,27-08-2024,ELNAGGAR & PARTNERS LIMITED,License cancelled,Special purpose vehicle
DONOSTIA INVESTMENT HOLDINGS LIMITED,27-08-2024,COUNSEL SERVICES LIMITED,Licensed,Special purpose vehicle
BERGAMO INVESTMENT HOLDINGS LIMITED,27-08-2024,COUNSEL SERVICES LIMITED,Licensed,Special purpose vehicle
MANAROLA INVESTMENT HOLDINGS LIMITED,27-08-2024,COUNSEL SERVICES LIMITED,Licensed,Special purpose vehicle
CREEK VIEWS HOLDINGS LIMITED,27-08-2024,COUNSEL SERVICES LIMITED,Licensed,Special purpose vehicle
MULTIPLY COMMUNICATIONS GROUP HOLDING LTD,27-08-2024,TMF GROUP FIDUCIARY SERVICES LIMITED,Licensed,Special purpose vehicle
MHI HOLDINGS LTD,27-08-2024,ASSISS LTD,Licensed,Special purpose vehicle
CRANMER HOLDINGS LTD,27-08-2024,AL TAMIMI & CO. CORPORATE SERVICES LIMITED,Licensed,Special purpose vehicle
AENABA HOLDING LIMITED,27-08-2024,WALKERS PROFESSIONAL SERVICES (MIDDLE EAST) LIMITED,Licensed,Special purpose vehicle
AL MAJEDAN HOLDING LIMITED,27-08-2024,WALKERS PROFESSIONAL SERVICES (MIDDLE EAST) LIMITED,Licensed,Special purpose vehicle
ALMONA HOLDING LIMITED,27-08-2024,WALKERS PROFESSIONAL SERVICES (MIDDLE EAST) LIMITED,Licensed,Special purpose vehicle
ENABAS HOLDING LIMITED,27-08-2024,WALKERS PROFESSIONAL SERVICES (MIDDLE EAST) LIMITED,Licensed,Special purpose vehicle
HE HOLDING LIMITED,27-08-2024,WALKERS PROFESSIONAL SERVICES (MIDDLE EAST) LIMITED,Licensed,Special purpose vehicle
MSC HOLDING LIMITED,27-08-2024,WALKERS PROFESSIONAL SERVICES (MIDDLE EAST) LIMITED,Licensed,Special purpose vehicle
S&G HOLDING LIMITED,27-08-2024,WALKERS PROFESSIONAL SERVICES (MIDDLE EAST) LIMITED,Licensed,Special purpose vehicle
CUP HOLDING RSC LIMITED,28-08-2024,,Licensed,Special purpose vehicle
EPSILON RSC LTD,28-08-2024,WALKERS PROFESSIONAL SERVICES (MIDDLE EAST) LIMITED,Licensed,Special purpose vehicle
BORN WINNER HOLDING LIMITED,28-08-2024,CLARA FORMATIONS LIMITED,Licensed,Special purpose vehicle
MINDVALLEY HOLDINGS LIMITED,28-08-2024,CLARA FORMATIONS LIMITED,Licensed,Special purpose vehicle
SORRENTO INVESTMENT HOLDINGS LIMITED,28-08-2024,COUNSEL SERVICES LIMITED,Licensed,Special purpose vehicle
CIRCA HOLDINGS LIMITED,28-08-2024,CLARA FORMATIONS LIMITED,Licensed,Special purpose vehicle
TANAVA HOLDINGS LIMITED,28-08-2024,CLARA FORMATIONS LIMITED,Licensed,Special purpose vehicle
INTEGRATED ENGINEERING INDUSTRIAL HOLDING LIMITED,28-08-2024,WALKERS PROFESSIONAL SERVICES (MIDDLE EAST) LIMITED,Licensed,Special purpose vehicle
MORAAL FOUNDATION,28-08-2024,PRAXISIFM TRUST LIMITED,Licensed,Foundation
MUKARRIB CANAL FRONT HOLDINGS LIMITED,29-08-2024,AL TAMIMI & CO. CORPORATE SERVICES LIMITED,Licensed,Special purpose vehicle
DTG NO.1 SPV LIMITED,29-08-2024,J. AWAN & PARTNERS LIMITED,Licensed,Special purpose vehicle
TRISTAR RAWABI TERMINALS HOLDING LIMITED,29-08-2024,INTERTRUST (MIDDLE EAST) LTD,Licensed,Special purpose vehicle
RCH WHITE PEAKS HOLDINGS SPV LIMITED,29-08-2024,HISTORY LIMITED,Licensed,Special purpose vehicle
TAQA UTILITIES HOLDING COMPANY LIMITED,29-08-2024,VISTRA (MIDDLE EAST) LTD,Licensed,Special purpose vehicle
PRIME PROPERTIES 2 HOLDING LIMITED,29-08-2024,AL TAMIMI & CO. CORPORATE SERVICES LIMITED,Licensed,Special purpose vehicle
MASEERA MISR HOLDING RSC LTD,30-08-2024,CROWE MAK LLP,Licensed,Special purpose vehicle
MBTC HOLDINGS LTD,30-08-2024,WALKERS PROFESSIONAL SERVICES (MIDDLE EAST) LIMITED,Licensed,Special purpose vehicle
NBTC HOLDINGS LTD,30-08-2024,WALKERS PROFESSIONAL SERVICES (MIDDLE EAST) LIMITED,Licensed,Special purpose vehicle
LEXIM HOLDINGS LIMITED,30-08-2024,CSP GROUP LTD,Licensed,Special purpose vehicle
CEDAR VENTURES HOLDING LTD,30-08-2024,CLARA FORMATIONS LIMITED,Licensed,Special purpose vehicle
R12 HOLDINGS LIMITED,30-08-2024,CLARA FORMATIONS LIMITED,Licensed,Special purpose vehicle
EMILE WOOLF MIDDLE EAST HOLDINGS LIMITED,02-09-2024,CSP GROUP LTD,Licensed,Special purpose vehicle
JETAPULT HOLDING LTD,02-09-2024,J. AWAN & PARTNERS LIMITED,Licensed,Special purpose vehicle
CRANE CO. INTERNATIONAL SPV LTD,02-09-2024,WALKERS PROFESSIONAL SERVICES (MIDDLE EAST) LIMITED,Licensed,Special purpose vehicle
PLATINUM RPI UXBRIDGE B 2024 RSC LIMITED,03-09-2024,,Licensed,Special purpose vehicle
PALMDALE SPV LIMITED,03-09-2024,MABA CORPORATE SERVICES LIMITED,Licensed,Special purpose vehicle
DOUBLE-HELIX HOLDINGS LIMITED,03-09-2024,CLARA FORMATIONS LIMITED,Licensed,Special purpose vehicle
ALLIANCE BUILDSPHERE HOLDING LTD,03-09-2024,ASSISS LTD,Licensed,Special purpose vehicle
TRASNA TECHNOLOGIES HOLDING LIMITED,03-09-2024,KPI AHLI CHARTERED ACCOUNTANTS,Licensed,Special purpose vehicle
HEDLEY FOUNDATION,03-09-2024,CLARA FORMATIONS LIMITED,Licensed,Foundation
PHAROATAJ INVESTMENTS HOLDING LIMITED,04-09-2024,OCORIAN CORPORATE SERVICES (ME) LIMITED,Licensed,Special purpose vehicle
GEONOVA HOLDING LTD,04-09-2024,MAPLES FIDUCIARY SERVICES (MIDDLE EAST) LIMITED,Licensed,Special purpose vehicle
AHFI HOLDING LIMITED,04-09-2024,EQUIOM CORPORATE SERVICES (MIDDLE EAST) LTD,Licensed,Special purpose vehicle
NH HOLDINGS LTD,04-09-2024,CLARA FORMATIONS LIMITED,Licensed,Special purpose vehicle
PLATINUM SAMURAI B 2024 RSC LIMITED,04-09-2024,,Licensed,Special purpose vehicle
ENERCAP SPV LIMITED,05-09-2024,MABA CORPORATE SERVICES LIMITED,Licensed,Special purpose vehicle
MM TECHNOLOGIES HOLDINGS LIMITED,05-09-2024,CLARA FORMATIONS LIMITED,Licensed,Special purpose vehicle
RMK RE HOLDING LIMITED,05-09-2024,ACCLIME CORPORATE SERVICES LIMITED,Licensed,Special purpose vehicle
A&D HOLDINGS LIMITED,05-09-2024,CLARA FORMATIONS LIMITED,Licensed,Special purpose vehicle
STONEBRIDGE HOLDING LIMITED,05-09-2024,ACCLIME CORPORATE SERVICES LIMITED,Licensed,Special purpose vehicle
ESSPI HOLDING COMPANY LIMITED,06-09-2024,WALKERS PROFESSIONAL SERVICES (MIDDLE EAST) LIMITED,Licensed,Special purpose vehicle
KAYYEL HOLDINGS LIMITED,06-09-2024,CLARA FORMATIONS LIMITED,Licensed,Special purpose vehicle
AMIRAL OPERATION AND MAINTENANCE HOLDING COMPANY LIMITED,06-09-2024,VISTRA (MIDDLE EAST) LTD,Licensed,Special purpose vehicle
REP HOLDING LTD,06-09-2024,ASSISS LTD,Licensed,Special purpose vehicle
CREEKSIDE HOLDINGS LIMITED,06-09-2024,CLARA FORMATIONS LIMITED,Licensed,Special purpose vehicle
TWO ONE TWO FOUNDATION,06-09-2024,OCORIAN CORPORATE SERVICES (ME) LIMITED,Licensed,Foundation
BEAU GROUP HOLDING LTD,08-09-2024,CLARA FORMATIONS LIMITED,Licensed,Special purpose vehicle
PURE FOOD TECHNOLOGY HOLDINGS LIMITED,08-09-2024,WALKERS PROFESSIONAL SERVICES (MIDDLE EAST) LIMITED,Licensed,Special purpose vehicle
SPARTAN PARTNERS SPV RSC LTD,09-09-2024,ASSISS LTD,Licensed,Special purpose vehicle
KAHEEL HOLDING LIMITED,09-09-2024,ACCLIME CORPORATE SERVICES LIMITED,Licensed,Special purpose vehicle
MAGRABI SPV LIMITED,09-09-2024,AL TAMIMI & CO. CORPORATE SERVICES LIMITED,Licensed,Special purpose vehicle
AIF HOLDING LIMITED,09-09-2024,WALKERS PROFESSIONAL SERVICES (MIDDLE EAST) LIMITED,Licensed,Special purpose vehicle
NEWRIZON HOLDING LIMITED,10-09-2024,TMF GROUP FIDUCIARY SERVICES LIMITED,Licensed,Special purpose vehicle
BERGAMO RESIDENCE HOLDINGS LIMITED,10-09-2024,COUNSEL SERVICES LIMITED,Licensed,Special purpose vehicle
MANAROLA RESIDENCE HOLDINGS LIMITED,10-09-2024,COUNSEL SERVICES LIMITED,Licensed,Special purpose vehicle
REGENT GROUP HOLDING LIMITED,10-09-2024,ELNAGGAR & PARTNERS LIMITED,Licensed,Special purpose vehicle
SORRENTO RESIDENCE HOLDINGS LIMITED,10-09-2024,COUNSEL SERVICES LIMITED,Licensed,Special purpose vehicle
PORTOFINO RESIDENCE HOLDINGS LIMITED,10-09-2024,COUNSEL SERVICES LIMITED,Licensed,Special purpose vehicle
LUMINA HOLDINGS LIMITED,10-09-2024,COUNSEL SERVICES LIMITED,Licensed,Special purpose vehicle
GAMES VENTURES HOLDINGS LIMITED,10-09-2024,CLARA FORMATIONS LIMITED,Licensed,Special purpose vehicle
ARZEN INVESTMENT HOLDING LTD,10-09-2024,CROWE MAK LLP,Licensed,Special purpose vehicle
DELPIN HOLDING LIMITED,10-09-2024,ROSEMONT PARTNERS CORPORATE SERVICES LIMITED,Licensed,Special purpose vehicle
BLUE ZONE ACTIVE LIVING HOLDING LTD,11-09-2024,ELNAGGAR & PARTNERS LIMITED,Licensed,Special purpose vehicle
SNOOPY EVERYTHING HOLDING LTD,11-09-2024,ARGENTUM LAW LTD,Licensed,Special purpose vehicle
⁠ROMCO ELEMENTAL JV HOLDINGS LIMITED,11-09-2024,CLARA FORMATIONS LIMITED,Licensed,Special purpose vehicle
AIMES HOLDINGS LIMITED,11-09-2024,CLARA FORMATIONS LIMITED,Licensed,Special purpose vehicle
LIFT FOUNDATION,11-09-2024,ARGENTUM LAW LTD,Licensed,Foundation
DIAVERUM KSA HOLDING SPV RSC LTD,12-09-2024,,Licensed,Special purpose vehicle
ADHDS HOLDINGS RSC LTD,12-09-2024,,Licensed,Special purpose vehicle
TECHBRIDGE IA HOLDING LIMITED,12-09-2024,OCORIAN CORPORATE SERVICES (ME) LIMITED,Licensed,Special purpose vehicle
WHOMY HOLDING LTD,12-09-2024,ELNAGGAR & PARTNERS LIMITED,Licensed,Special purpose vehicle
AAI HOLDING LTD,12-09-2024,RAD CORPORATE SERVICES LIMITED,Licensed,Special purpose vehicle
PHOENIX VERTEX HOLDINGS LIMITED,12-09-2024,MABA CORPORATE SERVICES LIMITED,Licensed,Special purpose vehicle
ALLIANCE PURE VISION HOLDING LTD,12-09-2024,ASSISS LTD,Licensed,Special purpose vehicle
LUNATE ASIA HOLDING RSC LTD,13-09-2024,,Licensed,Special purpose vehicle
MERITRON HOLDING LTD,13-09-2024,ACCLIME CORPORATE SERVICES LIMITED,Licensed,Special purpose vehicle
CASPER WEALTH HOLDINGS LIMITED,13-09-2024,CLARA FORMATIONS LIMITED,Licensed,Special purpose vehicle
AUM HOLDINGS LIMITED,13-09-2024,CLARA FORMATIONS LIMITED,Licensed,Special purpose vehicle
PJP BHARAT HOLDINGS LIMITED,13-09-2024,WALKERS PROFESSIONAL SERVICES (MIDDLE EAST) LIMITED,Licensed,Special purpose vehicle
DELTA STAR HOLDING LTD,13-09-2024,ELNAGGAR & PARTNERS LIMITED,License cancelled,Special purpose vehicle
TABAHI HOLDING LTD,13-09-2024,ELNAGGAR & PARTNERS LIMITED,License cancelled,Special purpose vehicle
BURJEEL O&M SERVICES SPV PVT. LTD,13-09-2024,INP IBRAHIM N PARTNERS LEGAL CONSULTANCY LTD,Licensed,Special purpose vehicle
​​PHOENIX EDGE HOLDINGS LIMITED,13-09-2024,MABA CORPORATE SERVICES LIMITED,Licensed,Special purpose vehicle
PHOENIX SPECTRUM HOLDINGS LIMITED,13-09-2024,MABA CORPORATE SERVICES LIMITED,Licensed,Special purpose vehicle
THE ZHUKOV FAMILY FOUNDATION,15-09-2024,RAD CORPORATE SERVICES LIMITED,Licensed,Foundation
FOUR M HOLDING RSC LTD,16-09-2024,OCORIAN CORPORATE SERVICES (ME) LIMITED,Licensed,Special purpose vehicle
FOUR M PROPERTIES SPV RSC LTD,16-09-2024,OCORIAN CORPORATE SERVICES (ME) LIMITED,Licensed,Special purpose vehicle
SUSTAINABLE SOLUTIONS HOLDING LIMITED,16-09-2024,CSP GROUP LTD,Licensed,Special purpose vehicle
BRIDGE WOOD SPV LIMITED,16-09-2024,MABA CORPORATE SERVICES LIMITED,Licensed,Special purpose vehicle
MBH INVESTMENT HOLDING  LTD,16-09-2024,SWISS GROUP LEGAL LTD,Licensed,Special purpose vehicle
PRIME HORIZON HOLDINGS LIMITED,16-09-2024,ROSEMONT PARTNERS CORPORATE SERVICES LIMITED,Licensed,Special purpose vehicle
HEIWA HOLDING LIMITED,16-09-2024,ACCLIME CORPORATE SERVICES LIMITED,Licensed,Special purpose vehicle
AL DHAFRA POWER GENERATION HOLDING COMPANY LIMITED,17-09-2024,VISTRA (MIDDLE EAST) LTD,Licensed,Special purpose vehicle
MAFI AD CONSORTIUM SPV LIMITED,17-09-2024,CLYDE SERVICES LIMITED,Licensed,Special purpose vehicle
GEMA HOLDING LIMITED,17-09-2024,M-HQ LTD,Licensed,Special purpose vehicle
GLOBE INVEST ISLAND HOLDING LTD,17-09-2024,INP IBRAHIM N PARTNERS LEGAL CONSULTANCY LTD,Licensed,Special purpose vehicle
NJ HOLDINGS LIMITED,17-09-2024,CSP GROUP LTD,Licensed,Special purpose vehicle
LDII SPV 3 LTD,17-09-2024,,Licensed,Special purpose vehicle
DIAFA INVESTMENT HOLDING RSC LTD,17-09-2024,ASSISS LTD,Licensed,Special purpose vehicle
CARASTI ANGEL SPV LTD,18-09-2024,ARGENTUM LAW LTD,Licensed,Special purpose vehicle
EMPOWER TRIBE IP HOLDINGS LTD,18-09-2024,ROSEMONT PARTNERS CORPORATE SERVICES LIMITED,Licensed,Special purpose vehicle
VEE TECHNOLOGIES HOLDINGS LIMITED,18-09-2024,M-HQ LTD,Licensed,Special purpose vehicle
RIDGE WOOD SPV LIMITED,18-09-2024,MABA CORPORATE SERVICES LIMITED,Licensed,Special purpose vehicle
OVERSEAS MARINE ONE SPV LTD,18-09-2024,CSP GROUP LTD,Licensed,Special purpose vehicle
CHAINGPT HOLDINGS LIMITED,18-09-2024,CLARA FORMATIONS LIMITED,Licensed,Special purpose vehicle
OVERSEAS MARINE TWO SPV LTD,18-09-2024,CSP GROUP LTD,Licensed,Special purpose vehicle
OVERSEAS MARINE THREE SPV LTD,18-09-2024,CSP GROUP LTD,Licensed,Special purpose vehicle
SOLID START FOUNDATION,18-09-2024,ACCLIME CORPORATE SERVICES LIMITED,Licensed,Foundation
WAHA CAPITAL HOLDING RSC LIMITED,19-09-2024,AL TAMIMI & CO. CORPORATE SERVICES LIMITED,Licensed,Special purpose vehicle
OASIS INVESTMENT HOLDING LTD,19-09-2024,ACCLIME CORPORATE SERVICES LIMITED,Licensed,Special purpose vehicle
818 HOLDING LTD,19-09-2024,ARGENTUM LAW LTD,Licensed,Special purpose vehicle
ELLAS HOLDINGS LIMITED,19-09-2024,CLARA FORMATIONS LIMITED,Licensed,Special purpose vehicle
GENTOO WORLDWIDE HOLDING CO LTD,19-09-2024,EQUIOM CORPORATE SERVICES (MIDDLE EAST) LTD,Licensed,Special purpose vehicle
RENOVAIRE GROUP HOLDING RSC LTD,20-09-2024,CROWE MAK LLP,Licensed,Special purpose vehicle
AMWAJ VENTURE HOLDING RSC LTD,20-09-2024,,Licensed,Special purpose vehicle
BOXIT HOLDING LTD,20-09-2024,PEREGRINE CORPORATE SERVICES LTD,Licensed,Special purpose vehicle
ITECH II HOLDING MIDDLE EAST LTD,20-09-2024,ROSEMONT PARTNERS CORPORATE SERVICES LIMITED,Licensed,Special purpose vehicle
AV ASSETS 1 SPV RSC LTD,23-09-2024,,Licensed,Special purpose vehicle
GA ONE HOLDINGS LIMITED,23-09-2024,AL TAMIMI & CO. CORPORATE SERVICES LIMITED,Licensed,Special purpose vehicle
LLTCI SPV 1 LTD,23-09-2024,,Licensed,Special purpose vehicle
THE CRYSTAL VIEW FOUNDATION,23-09-2024,RAD CORPORATE SERVICES LIMITED,Licensed,Foundation
TORII INVESTMENT HOLDINGS LTD,24-09-2024,ROSEMONT PARTNERS CORPORATE SERVICES LIMITED,Licensed,Special purpose vehicle
UM TECHNOLOGY SPV LIMITED,24-09-2024,M-HQ LTD,Licensed,Special purpose vehicle
TABASHEER ARABIA HOLDING LTD,24-09-2024,CLARA FORMATIONS LIMITED,Licensed,Special purpose vehicle
HIGHLAND HOLDINGS LIMITED,24-09-2024,AL TAMIMI & CO. CORPORATE SERVICES LIMITED,Licensed,Special purpose vehicle
KASSISIEH HOLDING LTD,24-09-2024,AL TAMIMI & CO. CORPORATE SERVICES LIMITED,Licensed,Special purpose vehicle
ARAV PROPERTY HOLDING LTD,24-09-2024,ASSISS LTD,Licensed,Special purpose vehicle
JUPITER77 HOLDING LIMITED,24-09-2024,,Licensed,Special purpose vehicle
SMDF HOLDING LTD,24-09-2024,ASSISS LTD,License cancelled,Special purpose vehicle
THE VALENNA FOUNDATION,24-09-2024,CLARA FORMATIONS LIMITED,Licensed,Foundation
SAVORIUM INVESTMENT HOLDING RSC LTD,25-09-2024,CROWE MAK LLP,Licensed,Special purpose vehicle
VALCRANE ENTERPRISES HOLDING RSC LTD,25-09-2024,CROWE MAK LLP,Licensed,Special purpose vehicle
CALIBRIO INVESTMENT HOLDING RSC LTD,25-09-2024,CROWE MAK LLP,Licensed,Special purpose vehicle
CARIBE ENTERPRISES HOLDING RSC LTD,25-09-2024,CROWE MAK LLP,Licensed,Special purpose vehicle
NARAYAN HOLDINGS LIMITED,25-09-2024,MABA CORPORATE SERVICES LIMITED,Licensed,Special purpose vehicle
MGX IP RSC LTD,26-09-2024,,Licensed,Special purpose vehicle
MGX AI GLOBAL INFRA GP 1 RSC LTD,26-09-2024,,Licensed,Special purpose vehicle
MGX AI REGIONAL INFRA GP 1 RSC LTD,26-09-2024,,Licensed,Special purpose vehicle
MGX AI TECH GP 1 RSC LTD,26-09-2024,,Licensed,Special purpose vehicle
MGX SEMIS GP 1 RSC LTD,26-09-2024,,Licensed,Special purpose vehicle
FLASH INVESTMENT HOLDING 1 RSC LTD,26-09-2024,,Licensed,Special purpose vehicle
FLASH INVESTMENT HOLDING 2 RSC LTD,26-09-2024,,Licensed,Special purpose vehicle
FLASH INVESTMENT HOLDING 3 RSC LTD,26-09-2024,,Licensed,Special purpose vehicle
FLASH INVESTMENT HOLDING 4 RSC LTD,26-09-2024,,Licensed,Special purpose vehicle
ZENITH INVESTMENT HOLDING RSC LTD,26-09-2024,,Licensed,Special purpose vehicle
QAZAQ WIND ENERGY HOLDING RSC LIMITED,26-09-2024,WALKERS PROFESSIONAL SERVICES (MIDDLE EAST) LIMITED,Licensed,Special purpose vehicle
VLETRICK INVESTMENTS HOLDING LTD,26-09-2024,RAD CORPORATE SERVICES LIMITED,Licensed,Special purpose vehicle
BROWNSTONE HOLDINGS LTD,26-09-2024,CLARA FORMATIONS LIMITED,Licensed,Special purpose vehicle
THE UNIVERSE EYE DIGITAL MARKET PLACE HOLDINGS LIMITED,26-09-2024,CLARA FORMATIONS LIMITED,Licensed,Special purpose vehicle
EMCREY HOLDING LIMITED,26-09-2024,AL TAMIMI & CO. CORPORATE SERVICES LIMITED,Licensed,Special purpose vehicle
Q LUXURY LTD,26-09-2024,,Licensed,Special purpose vehicle
NUMENA HOLDINGS LIMITED,26-09-2024,CLARA FORMATIONS LIMITED,Licensed,Special purpose vehicle
FALCON LSEV HOLDINGS LIMITED,26-09-2024,CLARA FORMATIONS LIMITED,Licensed,Special purpose vehicle
ARBINVEST HOLDING LIMITED,26-09-2024,CLARA FORMATIONS LIMITED,Licensed,Special purpose vehicle
OK INVESTMENT HOLDING LIMITED,26-09-2024,STROLLA LLP,Licensed,Special purpose vehicle
LSII (BLOCKER) SPV 3 LTD,26-09-2024,,Licensed,Special purpose vehicle
PHOENIX LIVE HOLDINGS LIMITED,26-09-2024,MABA CORPORATE SERVICES LIMITED,Licensed,Special purpose vehicle
BAHAR HOLDING LIMITED,27-09-2024,,Licensed,Special purpose vehicle
OPERONIX HOLDINGS PVT LTD,27-09-2024,INP IBRAHIM N PARTNERS LEGAL CONSULTANCY LTD,Licensed,Special purpose vehicle
SAFINA FOUNDATION,27-09-2024,ACCLIME CORPORATE SERVICES LIMITED,Licensed,Foundation
SADDLE HOLDING LIMITED,30-09-2024,,Licensed,Special purpose vehicle
JMS INVESTMENTS SPV LIMITED,30-09-2024,JTC CORPORATE SERVICES (DIFC) LIMITED,Licensed,Special purpose vehicle
ESN INVESTMENT HOLDINGS LTD,30-09-2024,INP IBRAHIM N PARTNERS LEGAL CONSULTANCY LTD,Licensed,Special purpose vehicle
RECOM HOLDING LIMITED,30-09-2024,CSP GROUP LTD,Licensed,Special purpose vehicle
REAL CO HOLDINGS LIMITED,30-09-2024,AL TAMIMI & CO. CORPORATE SERVICES LIMITED,Licensed,Special purpose vehicle
FAHIS AUTO SERVICES HOLDING LIMITED,30-09-2024,ACCLIME CORPORATE SERVICES LIMITED,Licensed,Special purpose vehicle
BUSTAN 1 HOLDINGS LIMITED,30-09-2024,WALKERS PROFESSIONAL SERVICES (MIDDLE EAST) LIMITED,Licensed,Special purpose vehicle
SBJ HOLDING LIMITED,30-09-2024,CSP GROUP LTD,Licensed,Special purpose vehicle
OPERONIX INVESTMENTS SPV PVT LTD,30-09-2024,INP IBRAHIM N PARTNERS LEGAL CONSULTANCY LTD,Licensed,Special purpose vehicle
SAIF BIN DARWISH FOUNDATION,30-09-2024,M-HQ LTD,Licensed,Foundation
CEDARBRIDGE HIGH GROWTH FUND III (GP) LIMITED,01-10-2024,,Licensed,Special purpose vehicle
ALJADDAH INVESTMENTS HOLDINGS LIMITED,01-10-2024,CLARA FORMATIONS LIMITED,Licensed,Special purpose vehicle
TERRAX ENVIRONMENTAL HOLDINGS LIMITED,01-10-2024,CLARA FORMATIONS LIMITED,Licensed,Special purpose vehicle
SEABROOK SPV LIMITED,01-10-2024,MABA CORPORATE SERVICES LIMITED,Licensed,Special purpose vehicle
PERRIDON HOLDINGS LIMITED,01-10-2024,ADS INVESTMENT SOLUTIONS LIMITED,Licensed,Special purpose vehicle
VISION HOSPITALITY HOLDINGS LIMITED,01-10-2024,CLARA FORMATIONS LIMITED,Licensed,Special purpose vehicle
RIDGECREST SPV LIMITED,01-10-2024,MABA CORPORATE SERVICES LIMITED,Licensed,Special purpose vehicle
CRESTARC SPV LIMITED,01-10-2024,MABA CORPORATE SERVICES LIMITED,Licensed,Special purpose vehicle
TROYLAA FOUNDATION,01-10-2024,ACCLIME CORPORATE SERVICES LIMITED,Licensed,Foundation
STONE ONE HOLDING RSC LTD,02-10-2024,,Licensed,Special purpose vehicle
DARKCON HOLDINGS LIMITED,02-10-2024,CLARA FORMATIONS LIMITED,Licensed,Special purpose vehicle
PHOENIX 2 HOLDINGS LIMITED,02-10-2024,CLARA FORMATIONS LIMITED,Licensed,Special purpose vehicle
SHOPX HOLDINGS LIMITED,02-10-2024,CLARA FORMATIONS LIMITED,Licensed,Special purpose vehicle
APOLONIA INVESTMENT HOLDINGS LIMITED,02-10-2024,CLARA FORMATIONS LIMITED,Licensed,Special purpose vehicle
HHH HOLDING LIMITED,02-10-2024,CSP GROUP LTD,Licensed,Special purpose vehicle
NOLLA INTERNATIONAL HOLDINGS LIMITED,02-10-2024,STROLLA LLP,Licensed,Special purpose vehicle
CRESTVIEW SPV LIMITED,02-10-2024,MABA CORPORATE SERVICES LIMITED,Licensed,Special purpose vehicle
ARK AGRI INVESTMENTS HOLDING LTD,03-10-2024,ASSISS LTD,Licensed,Special purpose vehicle
APTERA MIDDLE EAST HOLDING LIMITED,03-10-2024,STROLLA LLP,Licensed,Special purpose vehicle
TKANA HOLDINGS LIMITED,03-10-2024,CLARA FORMATIONS LIMITED,Licensed,Special purpose vehicle
GUARDIAN ONE HOLDINGS SPV LTD,03-10-2024,ARGENTUM LAW LTD,Licensed,Special purpose vehicle
SMART CHAIN HOLDING LTD,03-10-2024,CLARA FORMATIONS LIMITED,Licensed,Special purpose vehicle
ELEMENTS EQUITY PARTNERS HOLDINGS LIMITED,03-10-2024,AL TAMIMI & CO. CORPORATE SERVICES LIMITED,Licensed,Special purpose vehicle
XPTO INTERNATIONAL FOUNDATION,03-10-2024,WALKERS PROFESSIONAL SERVICES (MIDDLE EAST) LIMITED,Licensed,Foundation
BENUSA FOUNDATION,03-10-2024,M-HQ LTD,Licensed,Foundation
EMPOWER TRIBE PROPERTY HOLDINGS LTD,04-10-2024,ROSEMONT PARTNERS CORPORATE SERVICES LIMITED,Licensed,Special purpose vehicle
MYRENTAL MIDCO PROP SPV LTD,04-10-2024,TMF GROUP FIDUCIARY SERVICES LIMITED,Licensed,Special purpose vehicle
PRIME HAVEN HOLDINGS LIMITED,04-10-2024,ROSEMONT PARTNERS CORPORATE SERVICES LIMITED,Licensed,Special purpose vehicle
SILQ ISLAMIQ HOLDINGS LTD,04-10-2024,ROSEMONT PARTNERS CORPORATE SERVICES LIMITED,Licensed,Special purpose vehicle
OAKWOOD SPV LIMITED,04-10-2024,MABA CORPORATE SERVICES LIMITED,Licensed,Special purpose vehicle
OQOOD HOLDINGS LIMITED,04-10-2024,CLARA FORMATIONS LIMITED,Licensed,Special purpose vehicle
PHOENIX OASIS HOLDINGS LIMITED,07-10-2024,MABA CORPORATE SERVICES LIMITED,Licensed,Special purpose vehicle
FOOD WORKS ACQUISITION I HOLDING LIMITED,07-10-2024,MAPLES FIDUCIARY SERVICES (MIDDLE EAST) LIMITED,Licensed,Special purpose vehicle
PRIME PROPERTIES 3 HOLDING LIMITED,07-10-2024,AL TAMIMI & CO. CORPORATE SERVICES LIMITED,Licensed,Special purpose vehicle
SARA GROUP HOLDING LIMITED,07-10-2024,WALKERS PROFESSIONAL SERVICES (MIDDLE EAST) LIMITED,Licensed,Special purpose vehicle
FOOD INNOVATION BERRIES FARM RSC LIMITED,08-10-2024,WALKERS PROFESSIONAL SERVICES (MIDDLE EAST) LIMITED,Licensed,Special purpose vehicle
DESERT SNOW HOLDINGS LIMITED,08-10-2024,CLARA FORMATIONS LIMITED,Licensed,Special purpose vehicle
GREENCORP EMAD INVESTMENT HOLDING LIMITED,08-10-2024,JTC CORPORATE SERVICES (DIFC) LIMITED,Licensed,Special purpose vehicle
MIWAVE HOLDINGS LIMITED,08-10-2024,CLARA FORMATIONS LIMITED,Licensed,Special purpose vehicle
TGM HOLDINGS LIMITED,08-10-2024,CLARA FORMATIONS LIMITED,Licensed,Special purpose vehicle
AMANY MIDDLE EAST HOLDINGS LIMITED,08-10-2024,TRIAM CONSULTANCIES PRIVATE LIMITED,Licensed,Special purpose vehicle
SILVER STAR FOUNDATION,08-10-2024,M-HQ LTD,Licensed,Foundation
ADASTRA FOUNDATION,08-10-2024,M-HQ LTD,Licensed,Foundation
PADEL PRO INTERNATIONAL HOLDINGS LIMITED,09-10-2024,CLARA FORMATIONS LIMITED,Licensed,Special purpose vehicle
VEGROW HOLDING LIMITED,09-10-2024,KPI AHLI CHARTERED ACCOUNTANTS,Licensed,Special purpose vehicle
YAS ACRES A034 SPV RSC LTD,09-10-2024,,Licensed,Special purpose vehicle
YAS ACRES A035 SPV RSC LTD,09-10-2024,,Licensed,Special purpose vehicle
YAS ACRES A036 SPV RSC LTD,09-10-2024,,Licensed,Special purpose vehicle
YAS ACRES A037 SPV RSC LTD,09-10-2024,,Licensed,Special purpose vehicle
KINGSHOLM INTERNATIONAL HOLDINGS FOUNDATION,09-10-2024,PRAXISIFM TRUST LIMITED,Licensed,Foundation
INFIBEAM AVENUES ME SPV LIMITED,10-10-2024,CSP GROUP LTD,Licensed,Special purpose vehicle
JW  HOLDING LIMITED,10-10-2024,MOORE JFC LIMITED,Licensed,Special purpose vehicle
SANA COMPANY HOLDING LIMITED,10-10-2024,STROLLA LLP,Licensed,Special purpose vehicle
EL B&T GLOBAL HOLDING LIMITED,10-10-2024,ACCLIME CORPORATE SERVICES LIMITED,Licensed,Special purpose vehicle
PALM 51 SPV LIMITED,10-10-2024,WALKERS PROFESSIONAL SERVICES (MIDDLE EAST) LIMITED,Licensed,Special purpose vehicle
KINGDOM INTERNATIONAL HOLDINGS FOUNDATION,10-10-2024,PRAXISIFM TRUST LIMITED,Licensed,Foundation
ENACTIA SPV LIMITED,11-10-2024,GRIFFIN CORPORATE SERVICES LTD,Licensed,Special purpose vehicle
TAXI FLEET HOLDING LTD,11-10-2024,CSP GROUP LTD,Licensed,Special purpose vehicle
OORI HOLDINGS LIMITED,11-10-2024,CLARA FORMATIONS LIMITED,Licensed,Special purpose vehicle
CEDAR HOLDINGS RSC LIMITED,14-10-2024,,Licensed,Special purpose vehicle
THE BOTTLE STORE HOLDING LIMITED,14-10-2024,M-HQ LTD,Licensed,Special purpose vehicle
BURJEEL SERVICES SPV LTD,14-10-2024,INP IBRAHIM N PARTNERS LEGAL CONSULTANCY LTD,Licensed,Special purpose vehicle
ORA DEVELOPERS INVESTMENT 3 SPV LIMITED,14-10-2024,INTERTRUST (MIDDLE EAST) LTD,Licensed,Special purpose vehicle
EPIIDOSIS ASSET HOLDINGS LIMITED,14-10-2024,CLARA FORMATIONS LIMITED,Licensed,Special purpose vehicle
EPIIDOSIS GLOBAL INVESTMENTS HOLDINGS LIMITED,14-10-2024,CLARA FORMATIONS LIMITED,Licensed,Special purpose vehicle
PHOENIX PULSE HOLDINGS LIMITED,14-10-2024,MABA CORPORATE SERVICES LIMITED,Licensed,Special purpose vehicle
ALBENFER FOUNDATION,14-10-2024,ACCLIME CORPORATE SERVICES LIMITED,Licensed,Foundation
TWO ONE TWO HOLDING RSC LTD,15-10-2024,OCORIAN CORPORATE SERVICES (ME) LIMITED,Licensed,Special purpose vehicle
TWO ONE TWO INVESTMENTS SPV RSC LTD,15-10-2024,OCORIAN CORPORATE SERVICES (ME) LIMITED,Licensed,Special purpose vehicle
TWO ONE TWO PROPERTIES SPV RSC LTD,15-10-2024,OCORIAN CORPORATE SERVICES (ME) LIMITED,Licensed,Special purpose vehicle
H2OTO HOLDING LTD,15-10-2024,IDARAH CORPORATE LIMITED,Licensed,Special purpose vehicle
APOLLO DATA HUB HOLDING LTD,15-10-2024,WALKERS PROFESSIONAL SERVICES (MIDDLE EAST) LIMITED,Licensed,Special purpose vehicle
REPUBLIC 33 SPV LIMITED,15-10-2024,10 LEAVES LIMITED,Licensed,Special purpose vehicle
C WEALTH HOLDINGS LIMITED,15-10-2024,CLARA FORMATIONS LIMITED,Licensed,Special purpose vehicle
PHOENIX APEX HOLDINGS LIMITED,15-10-2024,MABA CORPORATE SERVICES LIMITED,Licensed,Special purpose vehicle
PHOENIX CLOUD HOLDINGS LIMITED,15-10-2024,MABA CORPORATE SERVICES LIMITED,Licensed,Special purpose vehicle
PETRONASH HOLDING SPV LIMITED,15-10-2024,WALKERS PROFESSIONAL SERVICES (MIDDLE EAST) LIMITED,Licensed,Special purpose vehicle
IMPACT NEXUS HOLDINGS LIMITED,15-10-2024,CLARA FORMATIONS LIMITED,Licensed,Special purpose vehicle
GOLD BRICKS SPV LIMITED,15-10-2024,MABA CORPORATE SERVICES LIMITED,Licensed,Special purpose vehicle
LLTCI SPV 2 LTD,15-10-2024,,Licensed,Special purpose vehicle
GREEN ESTATES SPV LIMITED,15-10-2024,MABA CORPORATE SERVICES LIMITED,Licensed,Special purpose vehicle
PARKLAND SPV LIMITED,15-10-2024,MABA CORPORATE SERVICES LIMITED,Licensed,Special purpose vehicle
SILVERARC SPV LIMITED,15-10-2024,MABA CORPORATE SERVICES LIMITED,Licensed,Special purpose vehicle
STONEGATE SPV LIMITED,15-10-2024,MABA CORPORATE SERVICES LIMITED,Licensed,Special purpose vehicle
AC RE INVESTMENT HOLDING LIMITED,15-10-2024,CLARA FORMATIONS LIMITED,Licensed,Special purpose vehicle
HLM HOLDING LIMITED,15-10-2024,ACCLIME CORPORATE SERVICES LIMITED,Licensed,Special purpose vehicle
AHMED BIN DARWISH FOUNDATION,15-10-2024,M-HQ LTD,Licensed,Foundation
1968C SPV RSC LIMITED,16-10-2024,AL TAMIMI & CO. CORPORATE SERVICES LIMITED,Licensed,Special purpose vehicle
1968D SPV RSC LIMITED,16-10-2024,AL TAMIMI & CO. CORPORATE SERVICES LIMITED,Licensed,Special purpose vehicle
PLOTARIUM HOLDING LTD,16-10-2024,WALKERS PROFESSIONAL SERVICES (MIDDLE EAST) LIMITED,Licensed,Special purpose vehicle
MEDES SPV LIMITED,16-10-2024,SOVEREIGN CORPORATE SERVICES ME LIMITED,Licensed,Special purpose vehicle
AETHERIS INVESTMENT HOLDING RSC LTD,16-10-2024,ASSISS LTD,Licensed,Special purpose vehicle
EPIC EDGE HOLDINGS LIMITED,17-10-2024,CLARA FORMATIONS LIMITED,Licensed,Special purpose vehicle
MUBADALA ENERGY (CENTRAL ANDAMAN) RSC LTD,18-10-2024,WALKERS PROFESSIONAL SERVICES (MIDDLE EAST) LIMITED,Licensed,Special purpose vehicle
ACELYA HOLDING LTD,18-10-2024,INP IBRAHIM N PARTNERS LEGAL CONSULTANCY LTD,Licensed,Special purpose vehicle
UNITY MIDDLE EAST HOLDINGS LTD,18-10-2024,CROWE MAK LLP,Licensed,Special purpose vehicle
WELLTREE SPV LTD,18-10-2024,ASSISS LTD,Licensed,Special purpose vehicle
RAMARV HOLDINGS LIMITED,18-10-2024,CROWE MAK LLP,Licensed,Special purpose vehicle
CAMPISE HOLDINGS LIMITED,18-10-2024,AL TAMIMI & CO. CORPORATE SERVICES LIMITED,Licensed,Special purpose vehicle
IRONCLAD IMPACT HOLDINGS LIMITED,18-10-2024,CLARA FORMATIONS LIMITED,Licensed,Special purpose vehicle
ADVANCED DEVELOPMENT WEB3 HOLDING LTD,19-10-2024,ASSISS LTD,Licensed,Special purpose vehicle
PHARMA LOGISTICS HOLDING COMPANY RSC LTD,20-10-2024,WALKERS PROFESSIONAL SERVICES (MIDDLE EAST) LIMITED,Licensed,Special purpose vehicle
COMPASS HOLDCO RSC LTD,21-10-2024,,Licensed,Special purpose vehicle
AZUROS HOLDING LIMITED,21-10-2024,PRAXISIFM TRUST LIMITED,Licensed,Special purpose vehicle
DS16 HOLDINGS LIMITED,21-10-2024,CLARA FORMATIONS LIMITED,Licensed,Special purpose vehicle
ATLANTIC EAGLE DHABI PARTNERS HOLDING LIMITED,21-10-2024,ACCLIME CORPORATE SERVICES LIMITED,Licensed,Special purpose vehicle
PROJECT BEBABEL HOLDINGS LIMITED,21-10-2024,CLARA FORMATIONS LIMITED,Licensed,Special purpose vehicle
PROJECT ENTRECOTE HOLDINGS LIMITED,21-10-2024,CLARA FORMATIONS LIMITED,Licensed,Special purpose vehicle
FORTIS ARBOR HOLDINGS LIMITED,21-10-2024,CLARA FORMATIONS LIMITED,Licensed,Special purpose vehicle
EMK HOLDING LTD,22-10-2024,10 LEAVES LIMITED,Licensed,Special purpose vehicle
WIT HOLDING LIMITED,22-10-2024,CSP GROUP LTD,Licensed,Special purpose vehicle
513 INVEST HOLDING LTD,22-10-2024,SWISS GROUP LEGAL LTD,Licensed,Special purpose vehicle
ASA HOLDINGS LIMITED,22-10-2024,ROSEMONT PARTNERS CORPORATE SERVICES LIMITED,Licensed,Special purpose vehicle
COLOSSUS HOLDING LTD,22-10-2024,ACCLIME CORPORATE SERVICES LIMITED,Licensed,Special purpose vehicle
KASPRO SPV LTD,22-10-2024,OCORIAN CORPORATE SERVICES (ME) LIMITED,Licensed,Special purpose vehicle
PHH SPV LIMITED,22-10-2024,GRIFFIN CORPORATE SERVICES LTD,Licensed,Special purpose vehicle
ELEVEN HOLDINGS LTD,22-10-2024,ARGENTUM LAW LTD,Licensed,Special purpose vehicle
LSII (BLOCKER) SPV 6 LTD,22-10-2024,,Licensed,Special purpose vehicle
AXCO SPV 1 LTD,22-10-2024,,Licensed,Special purpose vehicle
BLUE MONDAY FOUNDATION,22-10-2024,SANCTUARY CORPORATE SERVICES FZ LLC,Licensed,Foundation
RASHED BIN DARWISH FOUNDATION,22-10-2024,M-HQ LTD,Licensed,Foundation
BAGPOINT INTERNATIONAL HOLDINGS LIMITED,23-10-2024,AL TAMIMI & CO. CORPORATE SERVICES LIMITED,Licensed,Special purpose vehicle
ARSPEC HOLDING LTD,23-10-2024,ACCLIME CORPORATE SERVICES LIMITED,Licensed,Special purpose vehicle
SPRINGFIELD HOLDING LTD,23-10-2024,AL TAMIMI & CO. CORPORATE SERVICES LIMITED,Licensed,Special purpose vehicle
K5 VENTURES HOLDINGS LIMITED,23-10-2024,CLARA FORMATIONS LIMITED,Licensed,Special purpose vehicle
GODARA BROTHERS HOLDINGS LIMITED,23-10-2024,SANCTUARY CORPORATE SERVICES FZ LLC,Licensed,Special purpose vehicle
INTERNATIONAL RESURE HOLDING RSC LTD,23-10-2024,CROWE MAK LLP,Licensed,Special purpose vehicle
AX ENGINES HOLDING LIMITED,24-10-2024,STROLLA LLP,Licensed,Special purpose vehicle
ORCHID HOLDING LTD,24-10-2024,AL TAMIMI & CO. CORPORATE SERVICES LIMITED,Licensed,Special purpose vehicle
SKYVIEW HOLDING LTD,24-10-2024,AL TAMIMI & CO. CORPORATE SERVICES LIMITED,Licensed,Special purpose vehicle
INDEPENDENT PICTUREHOUSE INVESTMENT COMPANY (IPIC) INTERNATIONAL HOLDING LTD,24-10-2024,BANKS LEGAL LIMITED,Licensed,Special purpose vehicle
SBK HOLDING LIMITED,24-10-2024,CLARA FORMATIONS LIMITED,Licensed,Special purpose vehicle
HARBOUR INVESTMENT HOLDINGS LIMITED,24-10-2024,CLARA FORMATIONS LIMITED,Licensed,Special purpose vehicle
D3 HOLDINGS PVT LTD,24-10-2024,INP IBRAHIM N PARTNERS LEGAL CONSULTANCY LTD,Licensed,Special purpose vehicle
HUMAID BIN DARWISH FOUNDATION,24-10-2024,M-HQ LTD,Licensed,Foundation
Q MINERALS HOLDINGS RSC LTD,25-10-2024,,Licensed,Special purpose vehicle
Q MINERALS INVESTMENTS RSC LTD,25-10-2024,,Licensed,Special purpose vehicle
NOURAI PALACE SPV LIMITED,25-10-2024,AL TAMIMI & CO. CORPORATE SERVICES LIMITED,Licensed,Special purpose vehicle
GARDENIA WATERFRONT RESIDENCES SPV LIMITED,25-10-2024,AL TAMIMI & CO. CORPORATE SERVICES LIMITED,Licensed,Special purpose vehicle
BONBIRD FRANCHISE SPV LTD,25-10-2024,EQUIOM CORPORATE SERVICES (MIDDLE EAST) LTD,Licensed,Special purpose vehicle
BONBIRD IP SPV LTD,25-10-2024,EQUIOM CORPORATE SERVICES (MIDDLE EAST) LTD,Licensed,Special purpose vehicle
AARNA VISHWA NIVESH HOLDINGS LTD,25-10-2024,10 LEAVES LIMITED,Licensed,Special purpose vehicle
VASIMOS HOLDING LTD,25-10-2024,AL TAMIMI & CO. CORPORATE SERVICES LIMITED,Licensed,Special purpose vehicle
SHAKA RETAIL HOLDINGS LIMITED,26-10-2024,CLARA FORMATIONS LIMITED,Licensed,Special purpose vehicle
AHOY HOLDING INVESTORS LIMITED,26-10-2024,IDARAH CORPORATE LIMITED,Licensed,Special purpose vehicle
NAFES AI HOLDINGS LIMITED,26-10-2024,CLARA FORMATIONS LIMITED,Licensed,Special purpose vehicle
HOWYUM HOLDINGS LIMITED,27-10-2024,CLARA FORMATIONS LIMITED,Licensed,Special purpose vehicle
WDCO CAPITAL HOLDINGS LIMITED,27-10-2024,CLARA FORMATIONS LIMITED,Licensed,Special purpose vehicle
QIRNAS HOLDINGS LIMITED,27-10-2024,CLARA FORMATIONS LIMITED,Licensed,Special purpose vehicle
555 ENERGY HOLDING LIMITED,28-10-2024,MOORE JFC LIMITED,Licensed,Special purpose vehicle
LEVANTER SPV LIMITED,28-10-2024,AL TAMIMI & CO. CORPORATE SERVICES LIMITED,Licensed,Special purpose vehicle
KRIVIA HOLDINGS LIMITED,28-10-2024,CLARA FORMATIONS LIMITED,Licensed,Special purpose vehicle
TDS 2 HOLDINGS LIMITED,28-10-2024,WALKERS PROFESSIONAL SERVICES (MIDDLE EAST) LIMITED,Licensed,Special purpose vehicle
DRESS HOLDINGS LIMITED,28-10-2024,CLARA FORMATIONS LIMITED,Licensed,Special purpose vehicle
SOURCE BOUTIQUE HOMES SPV LIMITED,29-10-2024,AL TAMIMI & CO. CORPORATE SERVICES LIMITED,Licensed,Special purpose vehicle
BKR SPV LIMITED,29-10-2024,AL TAMIMI & CO. CORPORATE SERVICES LIMITED,Licensed,Special purpose vehicle
LIATRIS HOLDING LTD,29-10-2024,AL TAMIMI & CO. CORPORATE SERVICES LIMITED,Licensed,Special purpose vehicle
BLOX HOLDING LIMITED,29-10-2024,KALANTAR BUSINESS LAW GROUP LTD,Licensed,Special purpose vehicle
LLTCI SPV (BLOCKER) 4 LTD,29-10-2024,,Licensed,Special purpose vehicle
FINAN HOLDING LTD,30-10-2024,AL TAMIMI & CO. CORPORATE SERVICES LIMITED,Licensed,Special purpose vehicle
SLICIT HOLDINGS LIMITED,30-10-2024,CLARA FORMATIONS LIMITED,Licensed,Special purpose vehicle
VICTOR LONGEVITY HOLDING COMPANY LTD,30-10-2024,AL TAMIMI & CO. CORPORATE SERVICES LIMITED,Licensed,Special purpose vehicle
PROP ELEMENTS HOLDING LTD,30-10-2024,10 LEAVES LIMITED,Licensed,Special purpose vehicle
EIGHTY ONE HOLDINGS LIMITED,30-10-2024,CLARA FORMATIONS LIMITED,Licensed,Special purpose vehicle
SRQ TAMKEEN XII SPV LTD,30-10-2024,,Licensed,Special purpose vehicle
SRQ TAMKEEN XIII SPV LTD,30-10-2024,,Licensed,Special purpose vehicle
SRQ TAMKEEN PLUS I SPV LTD,30-10-2024,,Licensed,Special purpose vehicle
GENONE HOLDING RSC LTD,30-10-2024,ASSISS LTD,Licensed,Special purpose vehicle
YISWA HOLDING LTD,31-10-2024,PEREGRINE CORPORATE SERVICES LTD,Licensed,Special purpose vehicle
JVLP J SPV LTD,31-10-2024,,Licensed,Special purpose vehicle
JVLP O SPV LTD,31-10-2024,,Licensed,Special purpose vehicle
54 CAPITAL GP HOLDING LTD,31-10-2024,ADS INVESTMENT SOLUTIONS LIMITED,Licensed,Special purpose vehicle
X CAPITAL HOLDINGS LIMITED,31-10-2024,CLARA FORMATIONS LIMITED,Licensed,Special purpose vehicle
PEGASUS HOLDINGS LTD,01-11-2024,ARGENTUM LAW LTD,Licensed,Special purpose vehicle
D3 INVESTMENTS SPV PVT LTD,01-11-2024,INP IBRAHIM N PARTNERS LEGAL CONSULTANCY LTD,Licensed,Special purpose vehicle
ALTERRA ACCELERATION (BLOCKER) SPV LTD,01-11-2024,,Licensed,Special purpose vehicle
MERSAT 10 ASSETS HOLDING RSC LTD,01-11-2024,,Licensed,Special purpose vehicle
COSMOS FOUNDATION,01-11-2024,ROSEMONT PARTNERS CORPORATE SERVICES LIMITED,Licensed,Foundation
RAED FOUNDERS & FRIENDS I GP LTD,04-11-2024,,Licensed,Special purpose vehicle
100UNICORNS GLOBAL FUND GP LIMITED,04-11-2024,,Licensed,Special purpose vehicle
100UNICORNS GLOBAL FUND SLP SPV LTD,04-11-2024,,Licensed,Special purpose vehicle
DUSK ENERGY SPV LTD,04-11-2024,ELNAGGAR & PARTNERS LIMITED,Licensed,Special purpose vehicle
EARTH CARE MANAGEMENT HOLDINGS LTD,04-11-2024,CLARA FORMATIONS LIMITED,Licensed,Special purpose vehicle
ESSEDARIUS HOLDINGS LTD,04-11-2024,ROSEMONT PARTNERS CORPORATE SERVICES LIMITED,Licensed,Special purpose vehicle
DV FOUNDERS HOLDING LTD,04-11-2024,CLARA FORMATIONS LIMITED,Licensed,Special purpose vehicle
BOHEMIA BOUTIQUE HOMES SPV LIMITED,05-11-2024,AL TAMIMI & CO. CORPORATE SERVICES LIMITED,Licensed,Special purpose vehicle
PROJECTYAMAS HOLDINGS LIMITED,05-11-2024,CLARA FORMATIONS LIMITED,Licensed,Special purpose vehicle
GOAFRICA AGRICULTURAL HOLDING LTD,05-11-2024,ASSISS LTD,Licensed,Special purpose vehicle
CLOUDZ HOLDING LTD,05-11-2024,INTERTRUST (MIDDLE EAST) LTD,Licensed,Special purpose vehicle
SRN SPV LIMITED,05-11-2024,EQUIOM CORPORATE SERVICES (MIDDLE EAST) LTD,Licensed,Special purpose vehicle
ENERGYZE HOLDINGS LIMITED,05-11-2024,CLARA FORMATIONS LIMITED,Licensed,Special purpose vehicle
REAL DREAMS HOLDING LTD,06-11-2024,IDARAH CORPORATE LIMITED,Licensed,Special purpose vehicle
ADNAN BOAUSAIBAH HOLDINGS LIMITED,06-11-2024,CROWE MAK LLP,Licensed,Special purpose vehicle
SAPPHIRE GROUP HOLDINGS LIMITED,06-11-2024,ROSEMONT PARTNERS CORPORATE SERVICES LIMITED,Licensed,Special purpose vehicle
WALLABY HOLDINGS LIMITED,06-11-2024,AL TAMIMI & CO. CORPORATE SERVICES LIMITED,Licensed,Special purpose vehicle
0727 HOLDING LIMITED,07-11-2024,ASSISS LTD,Licensed,Special purpose vehicle
VND GLOBAL HOLDINGS SPV LIMITED,07-11-2024,MABA CORPORATE SERVICES LIMITED,Licensed,Special purpose vehicle
SIRIUS INVESTMENT HOLDINGS LIMITED,07-11-2024,CLARA FORMATIONS LIMITED,Licensed,Special purpose vehicle
JUMALAYA HOLDING LTD,10-11-2024,ASSISS LTD,Licensed,Special purpose vehicle
SPRING GROUP HOLDING LIMITED,11-11-2024,CLARA FORMATIONS LIMITED,Licensed,Special purpose vehicle
EVEREST ISLAND HOLDINGS I LIMITED,12-11-2024,MAPLES FIDUCIARY SERVICES (MIDDLE EAST) LIMITED,Licensed,Special purpose vehicle
DENOVO HOLDINGS LIMITED,12-11-2024,CSP GROUP LTD,Licensed,Special purpose vehicle
ABRDN INVESTCORP FADHILI (A) SUSTAINABILITY SPV LTD,12-11-2024,WALKERS PROFESSIONAL SERVICES (MIDDLE EAST) LIMITED,Licensed,Special purpose vehicle
ABRDN INVESTCORP FADHILI (B) SUSTAINABILITY SPV LTD,12-11-2024,WALKERS PROFESSIONAL SERVICES (MIDDLE EAST) LIMITED,Licensed,Special purpose vehicle
MILA APP HOLDINGS LIMITED,12-11-2024,CLARA FORMATIONS LIMITED,Licensed,Special purpose vehicle
POWER PLAY SPORTS HOLDING LIMITED,12-11-2024,STROLLA LLP,Licensed,Special purpose vehicle
CROSSWIND CAPITAL STUDENT HOUSING FUND CARRY FUND I LIMITED,12-11-2024,,Licensed,Special purpose vehicle
NELA HOLDING LTD,12-11-2024,STROLLA LLP,Licensed,Special purpose vehicle
THEEB FOUNDATION,12-11-2024,ASSISS LTD,Licensed,Foundation
CL HOLDINGS LIMITED,13-11-2024,CLARA FORMATIONS LIMITED,Licensed,Special purpose vehicle
ORBITAL HOLDINGS LIMITED,13-11-2024,CLARA FORMATIONS LIMITED,Licensed,Special purpose vehicle
THE ART OF SERENDIPITY HOLDINGS LTD,13-11-2024,WALKERS PROFESSIONAL SERVICES (MIDDLE EAST) LIMITED,Licensed,Special purpose vehicle
SUNNY FOUNDATION,13-11-2024,STROLLA LLP,Licensed,Foundation
MGX AI REGIONAL INFRA 1 RSC LTD,14-11-2024,,Licensed,Special purpose vehicle
MGX SEMIS 1 RSC LTD,14-11-2024,,Licensed,Special purpose vehicle
MGX I STRATEGIC CO-INVEST HOLDING 1 RSC LTD,14-11-2024,,Licensed,Special purpose vehicle
MGX AI REGIONAL INFRA HOLDING 1 RSC LTD,14-11-2024,,Licensed,Special purpose vehicle
MGX AI GLOBAL INFRA 1 RSC LTD,14-11-2024,,Licensed,Special purpose vehicle
MGX AI TECH 1 RSC LTD,14-11-2024,,Licensed,Special purpose vehicle
ALHAZM HOLDING RSC LTD,14-11-2024,ASSISS LTD,Licensed,Special purpose vehicle
APPF DELTA SPV RSC LTD,14-11-2024,,Licensed,Special purpose vehicle
FEBRUARY30 SPV LTD,14-11-2024,AL TAMIMI & CO. CORPORATE SERVICES LIMITED,Licensed,Special purpose vehicle
NAWA HOLDINGS LIMITED,14-11-2024,CLARA FORMATIONS LIMITED,Licensed,Special purpose vehicle
GARATON SYSTEMATIC HOLDINGS LIMITED,14-11-2024,CLARA FORMATIONS LIMITED,Licensed,Special purpose vehicle
NCLUDE INNOVATION EQUITY GP LTD,14-11-2024,APEX CORPORATE SERVICES (ME) LTD,Licensed,Special purpose vehicle
KAMA HOLDING LTD,14-11-2024,10 LEAVES LIMITED,Licensed,Special purpose vehicle
GITA FOUNDATION,14-11-2024,SANCTUARY CORPORATE SERVICES FZ LLC,Licensed,Foundation
GAIA FOUNDATION,14-11-2024,SANCTUARY CORPORATE SERVICES FZ LLC,Licensed,Foundation
SUGEE HOLDINGS LTD,15-11-2024,GRIFFIN CORPORATE SERVICES LTD,Licensed,Special purpose vehicle
TPS HOLDING LIMITED,15-11-2024,,Licensed,Special purpose vehicle
ROCCO VENTURES HOLDINGS LIMITED,15-11-2024,CLARA FORMATIONS LIMITED,Licensed,Special purpose vehicle
B3IS HOLDINGS LTD,15-11-2024,ELNAGGAR & PARTNERS LIMITED,Licensed,Special purpose vehicle
HASHED GLOBAL HOLDINGS LIMITED,18-11-2024,RAD CORPORATE SERVICES LIMITED,Licensed,Special purpose vehicle
PROP FORTY ONE SPV LTD,18-11-2024,10 LEAVES LIMITED,Licensed,Special purpose vehicle
CLEAN LABEL HOLDINGS LIMITED,18-11-2024,M-HQ LTD,Licensed,Special purpose vehicle
DOMARINE HOLDING LIMITED,18-11-2024,CLARA FORMATIONS LIMITED,Licensed,Special purpose vehicle
ARLENE RAVI FOUNDATION,18-11-2024,CLARA FORMATIONS LIMITED,Licensed,Foundation
VORA HOLDINGS RSC LTD,19-11-2024,WALKERS PROFESSIONAL SERVICES (MIDDLE EAST) LIMITED,Licensed,Special purpose vehicle
"JOY GLOBAL GP, LIMITED",19-11-2024,,Licensed,Special purpose vehicle
TEAM NIGMA HOLDING LIMITED,19-11-2024,AL TAMIMI & CO. CORPORATE SERVICES LIMITED,Licensed,Special purpose vehicle
OVER INVESTING HOLDING LTD,19-11-2024,10 LEAVES LIMITED,Licensed,Special purpose vehicle
RMMA HOLDING LIMITED,19-11-2024,STROLLA LLP,Licensed,Special purpose vehicle
MUGHAL HOLDINGS LIMITED,19-11-2024,CLARA FORMATIONS LIMITED,Licensed,Special purpose vehicle
INTELLIGENT FOODS HOLDING COMPANY LIMITED,19-11-2024,JTC CORPORATE SERVICES (DIFC) LIMITED,Licensed,Special purpose vehicle
OSOSS GROUP HOLDINGS LIMITED,19-11-2024,CLARA FORMATIONS LIMITED,Licensed,Special purpose vehicle
NEDA HOLDING RSC LTD,20-11-2024,CROWE MAK LLP,Licensed,Special purpose vehicle
CROSSWIND CAPITAL STUDENT HOUSING FUND I GP LIMITED,20-11-2024,,Licensed,Special purpose vehicle
EAULA HOLDINGS LIMITED,20-11-2024,CLARA FORMATIONS LIMITED,Licensed,Special purpose vehicle
MALAYN OAM SPV LIMITED,20-11-2024,HISTORY LIMITED,Licensed,Special purpose vehicle
MALAYN SWC SPV LIMITED,20-11-2024,HISTORY LIMITED,Licensed,Special purpose vehicle
AIGL HOLDINGS LIMITED,20-11-2024,HISTORY LIMITED,Licensed,Special purpose vehicle
AXONGUARD HOLDING LTD,20-11-2024,WALKERS PROFESSIONAL SERVICES (MIDDLE EAST) LIMITED,Licensed,Special purpose vehicle
SARK FOUNDATION,20-11-2024,SANCTUARY CORPORATE SERVICES FZ LLC,Licensed,Foundation
MAMSHAPALM PK3 SPV RSC LTD,21-11-2024,,Licensed,Special purpose vehicle
ORIGEN ESOP HOLDING RSC LTD,21-11-2024,,Licensed,Special purpose vehicle
MBME HOLDINGS LTD,21-11-2024,J. AWAN & PARTNERS LIMITED,Licensed,Special purpose vehicle
NCLUDE INNOVATION GP LTD,21-11-2024,APEX CORPORATE SERVICES (ME) LTD,Licensed,Special purpose vehicle
HYADES HOLDING LTD,21-11-2024,ASSISS LTD,Licensed,Special purpose vehicle
ANKUR AGGARWAL HOLDINGS LIMITED,21-11-2024,ROSEMONT PARTNERS CORPORATE SERVICES LIMITED,Licensed,Special purpose vehicle
AIM DOMUS HOLDINGS LIMITED,21-11-2024,CLARA FORMATIONS LIMITED,Licensed,Special purpose vehicle
NEHRU HOLDINGS LIMITED,21-11-2024,CLARA FORMATIONS LIMITED,Licensed,Special purpose vehicle
EMR HOLDINGS LIMITED,21-11-2024,CLARA FORMATIONS LIMITED,Licensed,Special purpose vehicle
RATNA HOLDINGS PRIVATE LIMITED,21-11-2024,WALKERS PROFESSIONAL SERVICES (MIDDLE EAST) LIMITED,Licensed,Special purpose vehicle
TIMBER HOLDINGS LIMITED,21-11-2024,CLARA FORMATIONS LIMITED,Licensed,Special purpose vehicle
NIGHT SKY HOLDING LIMITED,21-11-2024,STROLLA LLP,Licensed,Special purpose vehicle
ELANDRA 2 HOLDINGS LIMITED,22-11-2024,CLARA FORMATIONS LIMITED,Licensed,Special purpose vehicle
NUBIA MINING HOLDING LIMITED,22-11-2024,MABA CORPORATE SERVICES LIMITED,Licensed,Special purpose vehicle
WATEEN HOLDINGS LIMITED,22-11-2024,CLARA FORMATIONS LIMITED,Licensed,Special purpose vehicle
AL ASHRAM GROUP SPV LTD,22-11-2024,WALKERS PROFESSIONAL SERVICES (MIDDLE EAST) LIMITED,Licensed,Special purpose vehicle
PEREFILS FOUNDATION,22-11-2024,M-HQ LTD,Licensed,Foundation
NEOPIN DLT FOUNDATION,22-11-2024,AL TAMIMI & CO. CORPORATE SERVICES LIMITED,Licensed,Foundation
AC FOUNDATION,22-11-2024,WALKERS PROFESSIONAL SERVICES (MIDDLE EAST) LIMITED,Licensed,Foundation
EXPLORE HOLDINGS RSC LIMITED,25-11-2024,WALKERS PROFESSIONAL SERVICES (MIDDLE EAST) LIMITED,Licensed,Special purpose vehicle
ERSEEM HOLDINGS RSC LIMITED,25-11-2024,WALKERS PROFESSIONAL SERVICES (MIDDLE EAST) LIMITED,Licensed,Special purpose vehicle
FUMA HOLDINGS LIMITED,25-11-2024,CLARA FORMATIONS LIMITED,Licensed,Special purpose vehicle
PLATRAW HOLDINGS LIMITED,25-11-2024,CLARA FORMATIONS LIMITED,Licensed,Special purpose vehicle
BYND HOSPITALITY SPV LIMITED,25-11-2024,MABA CORPORATE SERVICES LIMITED,License cancelled,Special purpose vehicle
DNB HOLDINGS LIMITED,25-11-2024,COUNSEL SERVICES LIMITED,Licensed,Special purpose vehicle
GADA HOLDINGS LIMITED,25-11-2024,ROSEMONT PARTNERS CORPORATE SERVICES LIMITED,Licensed,Special purpose vehicle
RAFF HOLDINGS LIMITED,25-11-2024,CLARA FORMATIONS LIMITED,Licensed,Special purpose vehicle
FLAVOURS HOLDINGS LIMITED,25-11-2024,CLARA FORMATIONS LIMITED,Licensed,Special purpose vehicle
AC GLOBAL HOLDING LIMITED,25-11-2024,CLARA FORMATIONS LIMITED,Licensed,Special purpose vehicle
HERMITAGE HOLDINGS LIMITED,25-11-2024,MABA CORPORATE SERVICES LIMITED,Licensed,Special purpose vehicle
OAHCBK HOLDING LIMITED,25-11-2024,SANCTUARY CORPORATE SERVICES FZ LLC,Licensed,Special purpose vehicle
AUCAP HOLDINGS LIMITED,25-11-2024,CLARA FORMATIONS LIMITED,Licensed,Special purpose vehicle
B CLUB HOLDING LIMITED,25-11-2024,KALANTAR BUSINESS LAW GROUP LTD,Licensed,Special purpose vehicle
VITAL INVESTMENT HOLDING PVT LTD,25-11-2024,INP IBRAHIM N PARTNERS LEGAL CONSULTANCY LTD,Licensed,Special purpose vehicle
HASHGRAPH VENTURES FUND I GP LTD,26-11-2024,,Licensed,Special purpose vehicle
STERLING ACCOUNTANCY HOLDINGS LTD,26-11-2024,RAD CORPORATE SERVICES LIMITED,Licensed,Special purpose vehicle
LINKTIA INVESTMENT HOLDINGS LIMITED,26-11-2024,CLARA FORMATIONS LIMITED,Licensed,Special purpose vehicle
ANTIKA SPV LTD,26-11-2024,AL TAMIMI & CO. CORPORATE SERVICES LIMITED,Licensed,Special purpose vehicle
BCBMH HOLDING LIMITED,26-11-2024,SANCTUARY CORPORATE SERVICES FZ LLC,Licensed,Special purpose vehicle
GEOSAFE HOLDINGS LIMITED,26-11-2024,CLARA FORMATIONS LIMITED,Licensed,Special purpose vehicle
VERISYS HOLDING LTD,26-11-2024,WALKERS PROFESSIONAL SERVICES (MIDDLE EAST) LIMITED,Licensed,Special purpose vehicle
AURORA PARTNERS HOLDINGS LIMITED,26-11-2024,M-HQ LTD,Licensed,Special purpose vehicle
SUNSHINE FOUNDATION,26-11-2024,ROSEMONT PARTNERS CORPORATE SERVICES LIMITED,Licensed,Foundation
ASPIRE FOUNDATION,26-11-2024,CLARA FORMATIONS LIMITED,Licensed,Foundation
HOPE-WELL FOUNDATION,26-11-2024,CLARA FORMATIONS LIMITED,Licensed,Foundation
KLAIM RECEIVABLE PURCHASE SPV 4 LIMITED,27-11-2024,CLARA FORMATIONS LIMITED,Licensed,Special purpose vehicle
ZAZEN INVESTMENT HOLDINGS LIMITED,27-11-2024,ROSEMONT PARTNERS CORPORATE SERVICES LIMITED,Licensed,Special purpose vehicle
PRIMACY HOLDINGS LIMITED,27-11-2024,CLARA FORMATIONS LIMITED,Licensed,Special purpose vehicle
2M&A INVESTMENT HOLDING LIMITED,27-11-2024,MABA CORPORATE SERVICES LIMITED,Licensed,Special purpose vehicle
BLUEFIVE PARTNERS SPV LTD,27-11-2024,INP IBRAHIM N PARTNERS LEGAL CONSULTANCY LTD,Licensed,Special purpose vehicle
HYPER HOLDCO RSC LIMITED,28-11-2024,,Licensed,Special purpose vehicle
HYPER ISSUERCO SPV RSC LIMITED,28-11-2024,,Licensed,Special purpose vehicle
JULU RAMHAN SPV RSC LTD,28-11-2024,,Licensed,Special purpose vehicle
PRECEDENCE HOLDING LIMITED,28-11-2024,ROSEMONT PARTNERS CORPORATE SERVICES LIMITED,Licensed,Special purpose vehicle
ISBAQ SPV LIMITED,28-11-2024,TMF GROUP FIDUCIARY SERVICES LIMITED,Licensed,Special purpose vehicle
KACIT SPV LTD,28-11-2024,ASSISS LTD,Licensed,Special purpose vehicle
NORDIC GROUP HOLDING MIDDLE EAST LIMITED,28-11-2024,OCORIAN CORPORATE SERVICES (ME) LIMITED,Licensed,Special purpose vehicle
TANAMI CAPITAL HOLDINGS LIMITED,28-11-2024,CLARA FORMATIONS LIMITED,Licensed,Special purpose vehicle
ADH REEM SPV LIMITED,28-11-2024,CSP GROUP LTD,Licensed,Special purpose vehicle
CHIZL HOLDINGS LIMITED,28-11-2024,CLARA FORMATIONS LIMITED,Licensed,Special purpose vehicle
PALM 28 SPV LIMITED,28-11-2024,WALKERS PROFESSIONAL SERVICES (MIDDLE EAST) LIMITED,Licensed,Special purpose vehicle
IRH TECHNOLOGY SPV RSC LTD,29-11-2024,CROWE MAK LLP,Licensed,Special purpose vehicle
TAQANA ENERGY SOLUTIONS HOLDINGS LIMITED,29-11-2024,AL TAMIMI & CO. CORPORATE SERVICES LIMITED,Licensed,Special purpose vehicle
RUNDET HOLDINGS LIMITED,29-11-2024,CLARA FORMATIONS LIMITED,Licensed,Special purpose vehicle
KHARETAH SPV LTD,29-11-2024,ASSISS LTD,Licensed,Special purpose vehicle
ARYAM FOUNDATION,29-11-2024,ASSISS LTD,Licensed,Foundation
ALKHALED FOUNDATION,03-12-2024,10 LEAVES LIMITED,Licensed,Foundation
DGARC TECHNOLOGIES CO SPV LIMITED,04-12-2024,INTERTRUST (MIDDLE EAST) LTD,Licensed,Special purpose vehicle
ARKAN GROUP HOLDING LIMITED,04-12-2024,CLARA FORMATIONS LIMITED,Licensed,Special purpose vehicle
UMBRELLA HOLDING LTD,04-12-2024,ASSISS LTD,Licensed,Special purpose vehicle
HORIZON PARTICIPATION HOLDING LIMITED,04-12-2024,PEREGRINE CORPORATE SERVICES LTD,Licensed,Special purpose vehicle
EFRAIM HOLDINGS LIMITED,05-12-2024,RAD CORPORATE SERVICES LIMITED,Licensed,Special purpose vehicle
COR PRIME ME HOLDINGS LTD,05-12-2024,ASSISS LTD,Licensed,Special purpose vehicle
UMINERS HOLDINGS LIMITED,05-12-2024,CLARA FORMATIONS LIMITED,Licensed,Special purpose vehicle
HOLON HOLDINGS LIMITED,05-12-2024,CSP GROUP LTD,Licensed,Special purpose vehicle
NAIRYAH POWER HOLDING COMPANY LIMITED,05-12-2024,VISTRA (MIDDLE EAST) LTD,Licensed,Special purpose vehicle
RUMAH POWER HOLDING COMPANY LIMITED,05-12-2024,VISTRA (MIDDLE EAST) LTD,Licensed,Special purpose vehicle
TON DLT FOUNDATION,05-12-2024,AZHARI & ASSOCIATES LTD,Licensed,Foundation
DESIGNLAB EXPERIENCE HOLDING LIMITED,06-12-2024,ASSISS LTD,Licensed,Special purpose vehicle
AMWAL ENTERPRISE HOLDINGS LIMITED,09-12-2024,HISTORY LIMITED,Licensed,Special purpose vehicle
INTERNATIONAL SOS INVESTMENT HOLDING LTD,09-12-2024,CSP GROUP LTD,Licensed,Special purpose vehicle
GREENWHEELS HOLDINGS LTD,09-12-2024,ASSISS LTD,Licensed,Special purpose vehicle
NUBARIYA TERMINAL HOLDING LTD,09-12-2024,SWISS GROUP LEGAL LTD,Licensed,Special purpose vehicle
KEYSTONE RESOURCES SPV LIMITED,09-12-2024,SANCTUARY CORPORATE SERVICES FZ LLC,Licensed,Special purpose vehicle
CANAL LUXURY DEVELOPMENT SPV LIMITED,09-12-2024,INP IBRAHIM N PARTNERS LEGAL CONSULTANCY LTD,Licensed,Special purpose vehicle
AL SHARQIA AI HOLDING RSC LIMITED,10-12-2024,,Licensed,Special purpose vehicle
MARTIUS HOLDINGS RSC LIMITED,10-12-2024,WALKERS PROFESSIONAL SERVICES (MIDDLE EAST) LIMITED,Licensed,Special purpose vehicle
G6 INVESTMENTS RSC LTD,10-12-2024,,Licensed,Special purpose vehicle
EMPULSE OPPORTUNITIES SPV LIMITED,10-12-2024,OCORIAN CORPORATE SERVICES (ME) LIMITED,Licensed,Special purpose vehicle
ADALAH HOLDINGS LIMITED,10-12-2024,CLARA FORMATIONS LIMITED,Licensed,Special purpose vehicle
VERDEMAR HOLDING LTD,10-12-2024,SWISS GROUP LEGAL LTD,Licensed,Special purpose vehicle
COREINVEST SPV LIMITED,10-12-2024,SOVEREIGN CORPORATE SERVICES ME LIMITED,Licensed,Special purpose vehicle
CARE INVESTMENT HOLDING PVT LTD,10-12-2024,INP IBRAHIM N PARTNERS LEGAL CONSULTANCY LTD,Licensed,Special purpose vehicle
COLOMBA HOLDINGS SPV LIMITED,10-12-2024,CSP GROUP LTD,Licensed,Special purpose vehicle
UMA HOLDING LIMITED,10-12-2024,MABA CORPORATE SERVICES LIMITED,Licensed,Special purpose vehicle
ALFARAJ FOUNDATION,10-12-2024,10 LEAVES LIMITED,Licensed,Foundation
ORIGEN HOLDING RSC LTD,11-12-2024,,Licensed,Special purpose vehicle
HARISSON HOLDINGS LIMITED,11-12-2024,SOVEREIGN CORPORATE SERVICES ME LIMITED,Licensed,Special purpose vehicle
DEIXIS HOLDING COMPANY LIMITED,11-12-2024,RAD CORPORATE SERVICES LIMITED,Licensed,Special purpose vehicle
BAOBAB ENERGIES HOLDING LIMITED,11-12-2024,SOVEREIGN CORPORATE SERVICES ME LIMITED,Licensed,Special purpose vehicle
ABERRATE HOLDINGS LIMITED,11-12-2024,CSP GROUP LTD,Licensed,Special purpose vehicle
TOKENISE GLOBAL HOLDINGS LIMITED,11-12-2024,HISTORY LIMITED,Licensed,Special purpose vehicle
MOONRISE EQUITY HOLDING LTD,11-12-2024,MABA CORPORATE SERVICES LIMITED,Licensed,Special purpose vehicle
H&B OFFICE ONE HOLDINGS LIMITED,11-12-2024,CLARA FORMATIONS LIMITED,Licensed,Special purpose vehicle
PATEL'S HOLDINGS LIMITED,11-12-2024,ROSEMONT PARTNERS CORPORATE SERVICES LIMITED,Licensed,Special purpose vehicle
BLACK PEAK HOLDING LIMITED,11-12-2024,AL TAMIMI & CO. CORPORATE SERVICES LIMITED,Licensed,Special purpose vehicle
SCN HOLDING LTD,12-12-2024,CLARA FORMATIONS LIMITED,Licensed,Special purpose vehicle
INDUSTRIAL PROPERTIES INVESTMENTS SPV 2 LIMITED,12-12-2024,AL TAMIMI & CO. CORPORATE SERVICES LIMITED,Licensed,Special purpose vehicle
INDUSTRIAL PROPERTIES INVESTMENTS SPV 3 LIMITED,12-12-2024,AL TAMIMI & CO. CORPORATE SERVICES LIMITED,Licensed,Special purpose vehicle
THASSOS FOUNDATION,12-12-2024,CLYDE SERVICES LIMITED,Licensed,Foundation
LANDING HOLDING RSC LIMITED,13-12-2024,,Licensed,Special purpose vehicle
CRESCENDO HOLDING RSC LTD,13-12-2024,STROLLA LLP,Licensed,Special purpose vehicle
ADH JACKPOT SPV LIMITED,13-12-2024,CSP GROUP LTD,Licensed,Special purpose vehicle
ADH INFRA I SPV LIMITED,13-12-2024,CSP GROUP LTD,Licensed,Special purpose vehicle
ATHGADLANG HOLDING LTD,13-12-2024,CSP GROUP LTD,Licensed,Special purpose vehicle
AFRICAN QUEEN HOLDINGS LIMITED,13-12-2024,STROLLA LLP,Licensed,Special purpose vehicle
PANDA PANDA HOLDING LIMITED,13-12-2024,ROSEMONT PARTNERS CORPORATE SERVICES LIMITED,Licensed,Special purpose vehicle
NURA FOUNDATION,13-12-2024,MABA CORPORATE SERVICES LIMITED,Licensed,Foundation
AMT INVESTMENTS RSC LTD,16-12-2024,,Licensed,Special purpose vehicle
HAWTHORN HOLDING LTD,16-12-2024,PEREGRINE CORPORATE SERVICES LTD,Licensed,Special purpose vehicle
RAIZOR HOLDINGS LIMITED,16-12-2024,CLARA FORMATIONS LIMITED,Licensed,Special purpose vehicle
MODON HOLDING SPAIN SPV LTD,16-12-2024,CLARA FORMATIONS LIMITED,Licensed,Special purpose vehicle
MODON HOLDING MASR SPV LTD,16-12-2024,CLARA FORMATIONS LIMITED,Licensed,Special purpose vehicle
MODON HOLDING HOSPITALITY 1 SPV LTD,16-12-2024,CLARA FORMATIONS LIMITED,Licensed,Special purpose vehicle
MASS HOLDINGS LIMITED,16-12-2024,CLARA FORMATIONS LIMITED,Licensed,Special purpose vehicle
PREMIUM NURSERIES HOLDING LIMITED,16-12-2024,WALKERS PROFESSIONAL SERVICES (MIDDLE EAST) LIMITED,Licensed,Special purpose vehicle
PANDA PANDA IP HOLDING LTD,16-12-2024,ROSEMONT PARTNERS CORPORATE SERVICES LIMITED,Licensed,Special purpose vehicle
FOUNDERS CORE HOLDING SPV LIMITED,16-12-2024,CLARA FORMATIONS LIMITED,Licensed,Special purpose vehicle
BLOMAL HOLDINGS LTD,16-12-2024,CLARA FORMATIONS LIMITED,Licensed,Special purpose vehicle
PARMAN HOLDING LIMITED,16-12-2024,MABA CORPORATE SERVICES LIMITED,Licensed,Special purpose vehicle
QUADRAROCK HOLDINGS LIMITED,16-12-2024,MABA CORPORATE SERVICES LIMITED,Licensed,Special purpose vehicle
APEX FOUNDATION,16-12-2024,ELNAGGAR & PARTNERS LIMITED,Licensed,Foundation
ARYAM INVESTMENT 1 SPV RSC LTD,17-12-2024,ASSISS LTD,Licensed,Special purpose vehicle
GAIA AI HOLDING RSC LIMITED,17-12-2024,,Licensed,Special purpose vehicle
HERNDON HOLDING LTD,17-12-2024,AL TAMIMI & CO. CORPORATE SERVICES LIMITED,Licensed,Special purpose vehicle
ASTER HOLDING LTD,17-12-2024,AL TAMIMI & CO. CORPORATE SERVICES LIMITED,Licensed,Special purpose vehicle
GLOBE GETAWAY HOLDING LTD,17-12-2024,CROWE MAK LLP,Licensed,Special purpose vehicle
MODON HOLDING INTERNATIONAL INVESTMENTS SPV LTD,17-12-2024,CLARA FORMATIONS LIMITED,Licensed,Special purpose vehicle
MODON HOLDING UK SPV LTD,17-12-2024,CLARA FORMATIONS LIMITED,Licensed,Special purpose vehicle
THE ONE HOLDINGS LIMITED,17-12-2024,MABA CORPORATE SERVICES LIMITED,Licensed,Special purpose vehicle
VBRIDGE SPV LIMITED,17-12-2024,M-HQ LTD,Licensed,Special purpose vehicle
SARA GROUP FALCON HOLDING LIMITED,17-12-2024,WALKERS PROFESSIONAL SERVICES (MIDDLE EAST) LIMITED,Licensed,Special purpose vehicle
NEXTERA EDUCATION HOLDINGS LIMITED,17-12-2024,CLARA FORMATIONS LIMITED,Licensed,Special purpose vehicle
BALAITOUS FOUNDATION,17-12-2024,ADS INVESTMENT SOLUTIONS LIMITED,Licensed,Foundation
ANAX FOUNDATION,17-12-2024,KPI AHLI CHARTERED ACCOUNTANTS,Licensed,Foundation
JUBAILI GROUP HOLDINGS LIMITED,18-12-2024,CLARA FORMATIONS LIMITED,Licensed,Special purpose vehicle
G&O HOLDING LIMITED,18-12-2024,CSP GROUP LTD,Licensed,Special purpose vehicle
NOSHA HOLDING LIMITED,18-12-2024,MABA CORPORATE SERVICES LIMITED,Licensed,Special purpose vehicle
GIGACAPITAL SPV 1 LTD,18-12-2024,BANKS LEGAL LIMITED,Licensed,Special purpose vehicle
ARMOIR HOLDINGS LIMITED,18-12-2024,CLARA FORMATIONS LIMITED,Licensed,Special purpose vehicle
RANGE ESTATE HOLDINGS LIMITED,18-12-2024,M-HQ LTD,Licensed,Special purpose vehicle
ESS AE HOLDINGS LIMITED,18-12-2024,CLARA FORMATIONS LIMITED,Licensed,Special purpose vehicle
CAVENDISH MAXWELL CMSA HOLDINGS LIMITED,18-12-2024,CLARA FORMATIONS LIMITED,Licensed,Special purpose vehicle
SADIQ.AI HOLDINGS LIMITED,18-12-2024,CLARA FORMATIONS LIMITED,Licensed,Special purpose vehicle
BARRACUDA HOLDINGS LIMITED,18-12-2024,M-HQ LTD,Licensed,Special purpose vehicle
RF COMBINE FOUNDATION,18-12-2024,CROWE MAK LLP,Licensed,Foundation
OLIVEHILL FOUNDATION,18-12-2024,HERITAGE CORPORATE SERVICES LIMITED,Licensed,Foundation
RAKKAD HOLDINGS LIMITED,19-12-2024,CLARA FORMATIONS LIMITED,Licensed,Special purpose vehicle
OMNISERVE HOLDINGS LIMITED,19-12-2024,J. AWAN & PARTNERS LIMITED,Licensed,Special purpose vehicle
VENDE HOLDING LIMITED,19-12-2024,SOVEREIGN CORPORATE SERVICES ME LIMITED,Licensed,Special purpose vehicle
JERA MIDDLE EAST HOLDING COMPANY LIMITED,19-12-2024,VISTRA (MIDDLE EAST) LTD,Licensed,Special purpose vehicle
BMKAM HOLDING COMPANY LTD,20-12-2024,ACCLIME CORPORATE SERVICES LIMITED,Licensed,Special purpose vehicle
ORA DEVELOPERS INVESTMENT 4 SPV LIMITED,20-12-2024,INTERTRUST (MIDDLE EAST) LTD,Licensed,Special purpose vehicle
ENERGAN HOLDING LIMITED,20-12-2024,COUNSEL SERVICES LIMITED,Licensed,Special purpose vehicle
AVENIR HOLDING LIMITED,20-12-2024,MABA CORPORATE SERVICES LIMITED,Licensed,Special purpose vehicle
ELEVANCE BIOTECH GROUP HOLDING LIMITED,23-12-2024,STROLLA LLP,Licensed,Special purpose vehicle
ARMADA DELIVERY SOLUTIONS SPV LIMITED,23-12-2024,MAPLES FIDUCIARY SERVICES (MIDDLE EAST) LIMITED,Licensed,Special purpose vehicle
LEMO HOLDING LTD,24-12-2024,AL TAMIMI & CO. CORPORATE SERVICES LIMITED,Licensed,Special purpose vehicle
ARIZARO LITHIUM HOLDING LIMITED,24-12-2024,MABA CORPORATE SERVICES LIMITED,Licensed,Special purpose vehicle
SAGER HOLDING LIMITED,24-12-2024,STROLLA LLP,Licensed,Special purpose vehicle
NAIRYAH OPERATION AND MAINTENANCE HOLDING COMPANY LIMITED,24-12-2024,VISTRA (MIDDLE EAST) LTD,Licensed,Special purpose vehicle
THE DIGR FOUNDATION,24-12-2024,CLARA FORMATIONS LIMITED,Licensed,Foundation
PHARMALIFE GROUP HOLDING LTD,25-12-2024,10 LEAVES LIMITED,Licensed,Special purpose vehicle
REEM HOSPITAL HOLDCO LIMITED,25-12-2024,INTERTRUST (MIDDLE EAST) LTD,Licensed,Special purpose vehicle
TBO HOLDING LIMITED,25-12-2024,MABA CORPORATE SERVICES LIMITED,Licensed,Special purpose vehicle
RUMAH OPERATION AND MAINTENANCE HOLDING COMPANY LIMITED,25-12-2024,VISTRA (MIDDLE EAST) LTD,Licensed,Special purpose vehicle
HI SPORTS 2 HOLDING RSC LTD,26-12-2024,,Licensed,Special purpose vehicle
NAWA HOLDING GROUP LIMITED,26-12-2024,JTC CORPORATE SERVICES (DIFC) LIMITED,Licensed,Special purpose vehicle
GAIA RETAIL PARTNERS HOLDING LTD,26-12-2024,SOVEREIGN CORPORATE SERVICES ME LIMITED,Licensed,Special purpose vehicle
AJ INVESTMENTS SPV LIMITED,26-12-2024,ELNAGGAR & PARTNERS LIMITED,Licensed,Special purpose vehicle
SENE HOLDINGS LIMITED,27-12-2024,MABA CORPORATE SERVICES LIMITED,Licensed,Special purpose vehicle
LM MARITIME HOLDING LTD,27-12-2024,AL TAMIMI & CO. CORPORATE SERVICES LIMITED,Licensed,Special purpose vehicle
10TENLABS HOLDINGS LIMITED,27-12-2024,CLARA FORMATIONS LIMITED,Licensed,Special purpose vehicle
MODON RAS EL HEKMA FOR DEVELOPMENT 1 SPV LTD,30-12-2024,CLARA FORMATIONS LIMITED,Licensed,Special purpose vehicle
MODON RAS EL HEKMA FOR DEVELOPMENT 2 SPV LTD,30-12-2024,CLARA FORMATIONS LIMITED,Licensed,Special purpose vehicle
TRADELINK SPV LTD,30-12-2024,ASSISS LTD,Licensed,Special purpose vehicle
EVALUER HOLDINGS LTD,30-12-2024,ARGENTUM LAW LTD,Licensed,Special purpose vehicle
OVERSEAS OASIS HOLDING LIMITED,30-12-2024,CSP GROUP LTD,Licensed,Special purpose vehicle
APPOLONIA WORLD HOLDING LTD,30-12-2024,WALKERS PROFESSIONAL SERVICES (MIDDLE EAST) LIMITED,Licensed,Special purpose vehicle
MBABAZI GLOBAL FOUNDATION,30-12-2024,CLARA FORMATIONS LIMITED,Licensed,Foundation
2PZ FOOD HOLDING RSC LTD,31-12-2024,CROWE MAK LLP,Licensed,Special purpose vehicle
LIBRA PROPERTY HOLDING RSC LIMITED,31-12-2024,WALKERS PROFESSIONAL SERVICES (MIDDLE EAST) LIMITED,Licensed,Special purpose vehicle
DUNES LOGISTICS DEVELOPMENT PARTNERS HOLDING RSC LIMITED,31-12-2024,WALKERS PROFESSIONAL SERVICES (MIDDLE EAST) LIMITED,Licensed,Special purpose vehicle
ELITE DEVELOPMENT HOLDING LIMITED,31-12-2024,INTERTRUST (MIDDLE EAST) LTD,Licensed,Special purpose vehicle
GOLDEN BLOCK HOLDING LTD,31-12-2024,10 LEAVES LIMITED,Licensed,Special purpose vehicle
AYA INTERNATIONAL HOLDINGS SPV LTD,31-12-2024,CSP GROUP LTD,Licensed,Special purpose vehicle
ENEVORIA HOLDINGS LIMITED,31-12-2024,AL TAMIMI & CO. CORPORATE SERVICES LIMITED,Licensed,Special purpose vehicle
DISCOVERY HOLDINGS LIMITED,31-12-2024,CLARA FORMATIONS LIMITED,Licensed,Special purpose vehicle
THE NESTINVEST FOUNDATION,31-12-2024,10 LEAVES LIMITED,Licensed,Foundation
GULF ASSETS 1 RSC LTD,02-01-2025,,Licensed,Special purpose vehicle
NOVUS INVESTMENT HOLDINGS LIMITED,02-01-2025,AL TAMIMI & CO. CORPORATE SERVICES LIMITED,Licensed,Special purpose vehicle
SATURNX HOLDINGS LIMITED,02-01-2025,CLARA FORMATIONS LIMITED,Licensed,Special purpose vehicle
NEULINK HOLDINGS LIMITED,02-01-2025,CLARA FORMATIONS LIMITED,Licensed,Special purpose vehicle
SANDBRIDGE FOUNDATION,02-01-2025,ELNAGGAR & PARTNERS LIMITED,Licensed,Foundation
H1 AND PARTNERS HOLDINGS LIMITED,03-01-2025,ELNAGGAR & PARTNERS LIMITED,Licensed,Special purpose vehicle
GRACE CROWN FOUNDATION,03-01-2025,ROSEMONT PARTNERS CORPORATE SERVICES LIMITED,Licensed,Foundation
LATIN AMERICA EDUCATION GROUP HOLDINGS LTD,06-01-2025,WALKERS PROFESSIONAL SERVICES (MIDDLE EAST) LIMITED,Licensed,Special purpose vehicle
FORMA GROUP HOLDING LTD,07-01-2025,AL TAMIMI & CO. CORPORATE SERVICES LIMITED,Licensed,Special purpose vehicle
SILVER 1 HOLDINGS CO LTD,07-01-2025,CSP GROUP LTD,Licensed,Special purpose vehicle
SILVER 2 HOLDINGS CO LTD,07-01-2025,CSP GROUP LTD,Licensed,Special purpose vehicle
PALMRIDGE HOLDINGS CO LTD,07-01-2025,CSP GROUP LTD,Licensed,Special purpose vehicle
AL TAZIR HOLDING LIMITED,07-01-2025,MABA CORPORATE SERVICES LIMITED,Licensed,Special purpose vehicle
RG GLOBAL INVESTMENTS HOLDING LIMITED,07-01-2025,MABA CORPORATE SERVICES LIMITED,Licensed,Special purpose vehicle
ASTAIA HOLDINGS LIMITED,07-01-2025,CLARA FORMATIONS LIMITED,Licensed,Special purpose vehicle
ADNOC MURBAN SUKUK LIMITED,07-01-2025,WALKERS PROFESSIONAL SERVICES (MIDDLE EAST) LIMITED,Licensed,Special purpose vehicle
QUBIT HOLDINGS LIMITED,08-01-2025,CLARA FORMATIONS LIMITED,Licensed,Special purpose vehicle
BONITO INVESTMENT HOLDINGS LIMITED,08-01-2025,COUNSEL SERVICES LIMITED,Licensed,Special purpose vehicle
1P INVESTMENT HOLDINGS LIMITED,08-01-2025,CLARA FORMATIONS LIMITED,Licensed,Special purpose vehicle
COBIA INVESTMENT HOLDINGS LIMITED,08-01-2025,COUNSEL SERVICES LIMITED,Licensed,Special purpose vehicle
ZAZEN REAL ESTATE HOLDINGS LIMITED,08-01-2025,ROSEMONT PARTNERS CORPORATE SERVICES LIMITED,Licensed,Special purpose vehicle
ELEVEN GREEN HOLDINGS LTD,09-01-2025,ARGENTUM LAW LTD,Licensed,Special purpose vehicle
AER GROUP HOLDINGS LTD,09-01-2025,CSP GROUP LTD,Licensed,Special purpose vehicle
REGAL INVESTMENT HOLDING LIMITED,09-01-2025,MABA CORPORATE SERVICES LIMITED,Licensed,Special purpose vehicle
ABYEM HOLDING LTD,09-01-2025,STROLLA LLP,Licensed,Special purpose vehicle
KANFAR HOLDINGS LIMITED,09-01-2025,KALANTAR BUSINESS LAW GROUP LTD,Licensed,Special purpose vehicle
THE ORYX DRINKS COMPANY HOLDING LTD,09-01-2025,CSP GROUP LTD,Licensed,Special purpose vehicle
SUNRISE FOUNDATION,09-01-2025,CSP GROUP LTD,Licensed,Foundation
ARK HOLDING FOUNDATION,09-01-2025,ROSEMONT PARTNERS CORPORATE SERVICES LIMITED,Licensed,Foundation
R2 FOUNDATION,09-01-2025,10 LEAVES LIMITED,Licensed,Foundation
EVE HOLDING RSC LTD,10-01-2025,CROWE MAK LLP,Licensed,Special purpose vehicle
INSIAB HOLDINGS LIMITED,10-01-2025,CLARA FORMATIONS LIMITED,Licensed,Special purpose vehicle
ZERO DOTS INVESTMENT HOLDING LTD,10-01-2025,CROWE MAK LLP,Licensed,Special purpose vehicle
MHG 5 SPV LTD,10-01-2025,CLARA FORMATIONS LIMITED,Licensed,Special purpose vehicle
ZEPHYRUS HOLDING LTD,10-01-2025,KALANTAR BUSINESS LAW GROUP LTD,Licensed,Special purpose vehicle
TSI HOLDING RSC LTD,13-01-2025,,Licensed,Special purpose vehicle
VKD HOLDING LTD,13-01-2025,ARGENTUM LAW LTD,Licensed,Special purpose vehicle
GSS INVESTMENTS HOLDINGS LIMITED,14-01-2025,STROLLA LLP,Licensed,Special purpose vehicle
E& AI HOLDING LIMITED,14-01-2025,WALKERS PROFESSIONAL SERVICES (MIDDLE EAST) LIMITED,Licensed,Special purpose vehicle
MODON ARENA SPV LTD,14-01-2025,CLARA FORMATIONS LIMITED,Licensed,Special purpose vehicle
MODON HOLDING EXPERIENCES SPV LTD,14-01-2025,CLARA FORMATIONS LIMITED,Licensed,Special purpose vehicle
SILVER BULLET HOLDING LIMITED,14-01-2025,MABA CORPORATE SERVICES LIMITED,Licensed,Special purpose vehicle
ONE TWO HOLDING LP1 RSC LTD,15-01-2025,CROWE MAK LLP,Licensed,Special purpose vehicle
REFORM ATHLETICA HOLDING LIMITED,15-01-2025,AL TAMIMI & CO. CORPORATE SERVICES LIMITED,Licensed,Special purpose vehicle
NATURAL VENTURES FUND 1 SLP LIMITED,15-01-2025,,Licensed,Special purpose vehicle
MORAAL DEVELOPMENT FUND GP LTD,15-01-2025,APEX CORPORATE SERVICES (ME) LTD,Licensed,Special purpose vehicle
MORAAL OPPORTUNITIES FUND GP LTD,15-01-2025,APEX CORPORATE SERVICES (ME) LTD,Licensed,Special purpose vehicle
MORAAL PRIVATE EQUITY FUND GP LTD,15-01-2025,APEX CORPORATE SERVICES (ME) LTD,Licensed,Special purpose vehicle
MORAAL REAL ESTATE FUND GP LTD,15-01-2025,APEX CORPORATE SERVICES (ME) LTD,Licensed,Special purpose vehicle
PEGASUS FOUNDATION,15-01-2025,ROSEMONT PARTNERS CORPORATE SERVICES LIMITED,Licensed,Foundation
NESTINVEST SPV LTD,16-01-2025,10 LEAVES LIMITED,Licensed,Special purpose vehicle
EUROCONTROLLI HOLDING LIMITED,16-01-2025,CROWE MAK LLP,Licensed,Special purpose vehicle
CULTIVAET TECHNOLOGIES HOLDINGS LIMITED,16-01-2025,CLARA FORMATIONS LIMITED,Licensed,Special purpose vehicle
YAMM HOLDINGS LIMITED,16-01-2025,CLARA FORMATIONS LIMITED,Licensed,Special purpose vehicle
ETQAN HOLDINGS LIMITED,16-01-2025,CLARA FORMATIONS LIMITED,Licensed,Special purpose vehicle
MKDV FOUNDATION,16-01-2025,SANCTUARY CORPORATE SERVICES FZ LLC,Licensed,Foundation
EXCELERATION TECHNOLOGIES FOUNDATION,16-01-2025,GRIFFIN CORPORATE SERVICES LTD,Licensed,Foundation
R MARINE SPV RSC LTD,20-01-2025,ASSISS LTD,Licensed,Special purpose vehicle
CAMEL SOAP HOLDINGS LIMITED,20-01-2025,CLARA FORMATIONS LIMITED,Licensed,Special purpose vehicle
BAMFORD BUS COMPANY HOLDINGS (MIDDLE EAST) LIMITED,20-01-2025,CSP GROUP LTD,Licensed,Special purpose vehicle
CULLERA CAPITAL HOLDINGS LTD,20-01-2025,ROSEMONT PARTNERS CORPORATE SERVICES LIMITED,Licensed,Special purpose vehicle
LCB GULF HOLDING LIMITED,20-01-2025,,Licensed,Special purpose vehicle
HOLLAT HOLDINGS LIMITED,20-01-2025,CLARA FORMATIONS LIMITED,Licensed,Special purpose vehicle
GLOBE GETAWAY INVESTMENTS HOLDING LTD,20-01-2025,CROWE MAK LLP,Licensed,Special purpose vehicle
PHYS HOLDINGS LIMITED,20-01-2025,CLARA FORMATIONS LIMITED,Licensed,Special purpose vehicle
ALME HOLDING LIMITED,20-01-2025,10 LEAVES LIMITED,Licensed,Special purpose vehicle
MELODICA HOLDING LIMITED,20-01-2025,CLYDE SERVICES LIMITED,Licensed,Special purpose vehicle
TERN HOLDING LIMITED,20-01-2025,CLARA FORMATIONS LIMITED,Licensed,Special purpose vehicle
LUXURY DEVELOPMENT HOLDING LIMITED,20-01-2025,ROSEMONT PARTNERS CORPORATE SERVICES LIMITED,Licensed,Special purpose vehicle
MIDRAR INVESTMENTS HOLDING LIMITED,20-01-2025,STROLLA LLP,Licensed,Special purpose vehicle
LUX HOSPITALITY SPV LTD,21-01-2025,AL TAMIMI & CO. CORPORATE SERVICES LIMITED,Licensed,Special purpose vehicle
GITA HOLDING LIMITED,21-01-2025,SANCTUARY CORPORATE SERVICES FZ LLC,Licensed,Special purpose vehicle
EQUITY STAYS HOLDINGS LIMITED,21-01-2025,CLARA FORMATIONS LIMITED,Licensed,Special purpose vehicle
COPPER DEVELOPMENT HOLDING LIMITED,21-01-2025,SANCTUARY CORPORATE SERVICES FZ LLC,Licensed,Special purpose vehicle
STONEHAVEN GLOBAL HOLDINGS LIMITED,21-01-2025,CLARA FORMATIONS LIMITED,Licensed,Special purpose vehicle
TETRA EDGE SPV LTD,21-01-2025,ROSEMONT PARTNERS CORPORATE SERVICES LIMITED,License cancelled,Special purpose vehicle
RAMA BLANCA SPV RSC LTD,22-01-2025,GRIFFIN CORPORATE SERVICES LTD,Licensed,Special purpose vehicle
TACTICAL COMPUTE HOLDING LIMITED,22-01-2025,CSP GROUP LTD,Licensed,Special purpose vehicle
GLASSPOINT (ME) HOLDINGS LIMITED,22-01-2025,CLARA FORMATIONS LIMITED,Licensed,Special purpose vehicle
PARC FERME HOLDINGS LTD,22-01-2025,AL TAMIMI & CO. CORPORATE SERVICES LIMITED,Licensed,Special purpose vehicle
LOCAL HOLDINGS LIMITED,22-01-2025,CLARA FORMATIONS LIMITED,Licensed,Special purpose vehicle
DEAL DRIVE GLOBAL HOLDINGS LIMITED,22-01-2025,CLARA FORMATIONS LIMITED,Licensed,Special purpose vehicle
PYRAMID 7 HOLDING LTD,22-01-2025,ASSISS LTD,Licensed,Special purpose vehicle
EXCELERATION TECHNOLOGIES SPV LIMITED,22-01-2025,GRIFFIN CORPORATE SERVICES LTD,Licensed,Special purpose vehicle
EILEEN FOUNDATION,22-01-2025,CLARA FORMATIONS LIMITED,Licensed,Foundation
MIDAS HOLDINGS LIMITED,23-01-2025,STROLLA LLP,Licensed,Special purpose vehicle
GAIA HOLDING LIMITED,23-01-2025,SANCTUARY CORPORATE SERVICES FZ LLC,Licensed,Special purpose vehicle
ALPHA CARRY GP SPV LIMITED,23-01-2025,MAPLES FIDUCIARY SERVICES (MIDDLE EAST) LIMITED,Licensed,Special purpose vehicle
25H INVESTMENT HOLDING LTD,23-01-2025,SWISS GROUP LEGAL LTD,Licensed,Special purpose vehicle
EKTHAR CLASS B NUMBER 1 HOLDINGS LIMITED,23-01-2025,CLARA FORMATIONS LIMITED,Licensed,Special purpose vehicle
GRUNERSTAHL HOLDINGS LIMITED,23-01-2025,ADS INVESTMENT SOLUTIONS LIMITED,Licensed,Special purpose vehicle
RUYA HOLDING LIMITED,23-01-2025,M-HQ LTD,Licensed,Special purpose vehicle
RF COMBINE HOLDINGS LTD,23-01-2025,CROWE MAK LLP,Licensed,Special purpose vehicle
CYBERNI HOLDINGS LIMITED,23-01-2025,CLARA FORMATIONS LIMITED,Licensed,Special purpose vehicle
BONITO RESIDENCE HOLDINGS LIMITED,23-01-2025,COUNSEL SERVICES LIMITED,Licensed,Special purpose vehicle
COBIA RESIDENCE HOLDINGS LIMITED,23-01-2025,COUNSEL SERVICES LIMITED,Licensed,Special purpose vehicle
MAKERS GROUP HOLDINGS LIMITED,23-01-2025,AL TAMIMI & CO. CORPORATE SERVICES LIMITED,Licensed,Special purpose vehicle
TARABHAY HOLDINGS LIMITED,23-01-2025,SANCTUARY CORPORATE SERVICES FZ LLC,Licensed,Special purpose vehicle
EVERLASTING FOUNDATION,23-01-2025,CLARA FORMATIONS LIMITED,Licensed,Foundation
JK PROPERTIES SPV LIMITED,24-01-2025,MABA CORPORATE SERVICES LIMITED,Licensed,Special purpose vehicle
BRJ HOLDING LTD,24-01-2025,AL TAMIMI & CO. CORPORATE SERVICES LIMITED,Licensed,Special purpose vehicle
GOGUINEA AGRICULTURAL HOLDING LTD,24-01-2025,ASSISS LTD,Licensed,Special purpose vehicle
NICKL & PARTNERS HOLDINGS LIMITED,24-01-2025,CLARA FORMATIONS LIMITED,Licensed,Special purpose vehicle
COMFI SPV ONE HOLDINGS LIMITED,24-01-2025,CLARA FORMATIONS LIMITED,Licensed,Special purpose vehicle
INFRANOVA HOLDINGS LIMITED,24-01-2025,CLARA FORMATIONS LIMITED,Licensed,Special purpose vehicle
ATTACK HOLDINGS LTD,24-01-2025,INP IBRAHIM N PARTNERS LEGAL CONSULTANCY LTD,Licensed,Special purpose vehicle
INCORPIFY AI HOLDINGS LIMITED,24-01-2025,CLARA FORMATIONS LIMITED,Licensed,Special purpose vehicle
APIC CAPITAL HOLDINGS LTD,24-01-2025,WALKERS PROFESSIONAL SERVICES (MIDDLE EAST) LIMITED,Licensed,Special purpose vehicle
BLACK LINES HOLDINGS LIMITED,27-01-2025,EQUUS CORPORATE LIMITED,Licensed,Special purpose vehicle
PLAAY HOLDING LTD,27-01-2025,MOORE JFC LIMITED,Licensed,Special purpose vehicle
LDII OTS SPV LTD,27-01-2025,,Licensed,Special purpose vehicle
LUNATE GALAXY IV CO-INVEST SPV 1 LTD,27-01-2025,,Licensed,Special purpose vehicle
LFFI SPV 1 LTD,27-01-2025,,Licensed,Special purpose vehicle
LSOI SPV 3 LTD,27-01-2025,,Licensed,Special purpose vehicle
LSII SPV 7 LTD,27-01-2025,,Licensed,Special purpose vehicle
LUMEX FOUNDATION,27-01-2025,ROSEMONT PARTNERS CORPORATE SERVICES LIMITED,Licensed,Foundation
LAZEYNO FOUNDATION,27-01-2025,ROSEMONT PARTNERS CORPORATE SERVICES LIMITED,Licensed,Foundation
ZULEKHA HEALTHCARE HOLDING LIMITED,28-01-2025,CLYDE SERVICES LIMITED,Licensed,Special purpose vehicle
GREENWHEELS ELECTRIC MOBILITY HOLDING LTD,28-01-2025,ASSISS LTD,Licensed,Special purpose vehicle
ETERNA APP SPV LIMITED,28-01-2025,WALKERS PROFESSIONAL SERVICES (MIDDLE EAST) LIMITED,Licensed,Special purpose vehicle
METITO CHEMICAL SOLUTIONS SPV LTD,28-01-2025,WALKERS PROFESSIONAL SERVICES (MIDDLE EAST) LIMITED,Licensed,Special purpose vehicle
OWENTRUM HOLDINGS LIMITED,28-01-2025,ROSEMONT PARTNERS CORPORATE SERVICES LIMITED,Licensed,Special purpose vehicle
ECHELON HOLDINGS LIMITED,28-01-2025,COUNSEL SERVICES LIMITED,Licensed,Special purpose vehicle
IAVNA SPV LIMITED,28-01-2025,SANCTUARY CORPORATE SERVICES FZ LLC,Licensed,Special purpose vehicle
ETERNA LOTUS HOLDING LTD,28-01-2025,AL TAMIMI & CO. CORPORATE SERVICES LIMITED,Licensed,Special purpose vehicle
THE MEHTAR FAMILY FOUNDATION,28-01-2025,SANCTUARY CORPORATE SERVICES FZ LLC,Licensed,Foundation
PLATINUM CORE A 2025 RSC LIMITED,29-01-2025,,Licensed,Special purpose vehicle
QUANTUM AI HOLDINGS RSC LTD,29-01-2025,AL TAMIMI & CO. CORPORATE SERVICES LIMITED,Licensed,Special purpose vehicle
GUARDIAN SPV RSC LTD,29-01-2025,ASSISS LTD,Licensed,Special purpose vehicle
PLATINUM CARNATION B 2025 RSC LIMITED,29-01-2025,,Licensed,Special purpose vehicle
ZGOUNDER INTERNATIONAL HOLDING SPV LTD,29-01-2025,CSP GROUP LTD,Licensed,Special purpose vehicle
BOUMADINE INTERNATIONAL HOLDING SPV LTD,29-01-2025,CSP GROUP LTD,Licensed,Special purpose vehicle
AMIZMIZ INTERNATIONAL HOLDING SPV LTD,29-01-2025,CSP GROUP LTD,Licensed,Special purpose vehicle
TAG CAP HOLDINGS LIMITED,29-01-2025,MABA CORPORATE SERVICES LIMITED,Licensed,Special purpose vehicle
KCAL HOLDINGS LIMITED,29-01-2025,CSP GROUP LTD,Licensed,Special purpose vehicle
GLOBEMATRIX HOLDINGS LIMITED,29-01-2025,MABA CORPORATE SERVICES LIMITED,Licensed,Special purpose vehicle
BAJRAN HOLDING SPV LIMITED,29-01-2025,AL TAMIMI & CO. CORPORATE SERVICES LIMITED,Licensed,Special purpose vehicle
FORMULAE PRESCOTT HOLDINGS LIMITED,29-01-2025,ROSEMONT PARTNERS CORPORATE SERVICES LIMITED,Licensed,Special purpose vehicle
SRS FOUNDATION,29-01-2025,SANCTUARY CORPORATE SERVICES FZ LLC,Licensed,Foundation
LEGACY BM FOUNDATION,29-01-2025,ROSEMONT PARTNERS CORPORATE SERVICES LIMITED,Licensed,Foundation
STF5 LOCAL INVESTMENT HOLDINGS  LIMITED,30-01-2025,VISTRA (MIDDLE EAST) LTD,Licensed,Special purpose vehicle
STF5 CARE HOLDINGS LIMITED,30-01-2025,VISTRA (MIDDLE EAST) LTD,Licensed,Special purpose vehicle
AYA INTERNATIONAL DEVELOPMENT HOLDINGS SPV LTD,30-01-2025,CSP GROUP LTD,Licensed,Special purpose vehicle
AYC PARTNERS SPV LTD,30-01-2025,WALKERS PROFESSIONAL SERVICES (MIDDLE EAST) LIMITED,Licensed,Special purpose vehicle
TAHARRUK SPV LIMITED,30-01-2025,HISTORY LIMITED,Licensed,Special purpose vehicle
ETERNA PHOENIX HOLDINGS LTD,30-01-2025,ROSEMONT PARTNERS CORPORATE SERVICES LIMITED,Licensed,Special purpose vehicle
40GV HOLDINGS LIMITED,30-01-2025,MOORE JFC LIMITED,Licensed,Special purpose vehicle
LUNATE AWCF CARRY SPV LTD,30-01-2025,,Licensed,Special purpose vehicle
NRS FOUNDATION,30-01-2025,SANCTUARY CORPORATE SERVICES FZ LLC,Licensed,Foundation
ALTERRA TRC SPV 1 LIMITED,31-01-2025,,Licensed,Special purpose vehicle
STACKTECH HOLDINGS LIMITED,03-02-2025,CLARA FORMATIONS LIMITED,Licensed,Special purpose vehicle
STRATAPHY HOLDINGS LIMITED,03-02-2025,CLARA FORMATIONS LIMITED,Licensed,Special purpose vehicle
DUNO HOLDINGS LIMITED,03-02-2025,CSP GROUP LTD,Licensed,Special purpose vehicle
BERKLEY SQUARE FINANCE  HOLDING LIMITED,03-02-2025,CSP GROUP LTD,Licensed,Special purpose vehicle
SMITH AND CO HOLDINGS LTD,03-02-2025,ROSEMONT PARTNERS CORPORATE SERVICES LIMITED,Licensed,Special purpose vehicle
DUNE ASSETS HOLDING RSC LTD,03-02-2025,,Licensed,Special purpose vehicle
DUNE ENTERPRISES HOLDING RSC LTD,03-02-2025,,Licensed,Special purpose vehicle
MV INVEST HOLDINGS LIMITED,04-02-2025,CLARA FORMATIONS LIMITED,Licensed,Special purpose vehicle
NEONEXUS HOLDINGS LIMITED,04-02-2025,MABA CORPORATE SERVICES LIMITED,Licensed,Special purpose vehicle
VILLIVARU HOLDINGS LTD,04-02-2025,AL TAMIMI & CO. CORPORATE SERVICES LIMITED,Licensed,Special purpose vehicle
PROPWAY HOLDINGS LIMITED,04-02-2025,CLARA FORMATIONS LIMITED,Licensed,Special purpose vehicle
RN CAPITAL HOLDING RSC LTD,05-02-2025,AL TAMIMI & CO. CORPORATE SERVICES LIMITED,Licensed,Special purpose vehicle
LINKTIA PARTNERS HOLDINGS LIMITED,05-02-2025,CLARA FORMATIONS LIMITED,Licensed,Special purpose vehicle
BLUESKY HOLDINGS LTD,05-02-2025,AL TAMIMI & CO. CORPORATE SERVICES LIMITED,Licensed,Special purpose vehicle
TETAMAN HOLDINGS LIMITED,05-02-2025,CLARA FORMATIONS LIMITED,Licensed,Special purpose vehicle
DFZ VILLA SPV LIMITED,05-02-2025,SANCTUARY CORPORATE SERVICES FZ LLC,Licensed,Special purpose vehicle
SBT FOUNDATION,05-02-2025,MABA CORPORATE SERVICES LIMITED,Licensed,Foundation
NINE SQUARES HOLDING LTD,06-02-2025,CROWE MAK LLP,Licensed,Special purpose vehicle
"EIG METIF GP, LTD",06-02-2025,APEX CORPORATE SERVICES (ME) LTD,Licensed,Special purpose vehicle
MASDAR EGYPT SOLAR HOLDINGS RSC LIMITED,07-02-2025,WALKERS PROFESSIONAL SERVICES (MIDDLE EAST) LIMITED,Licensed,Special purpose vehicle
KAVA HOLDINGS LIMITED,07-02-2025,MABA CORPORATE SERVICES LIMITED,Licensed,Special purpose vehicle
TRANIO SPV LTD,07-02-2025,GRANT THORNTON AUDIT AND ACCOUNTING LIMITED,Licensed,Special purpose vehicle
HBIL FOUNDATION,07-02-2025,SANCTUARY CORPORATE SERVICES FZ LLC,Licensed,Foundation
RESPONSIBLE AI FUTURE FOUNDATION,07-02-2025,CSP GROUP LTD,Licensed,Foundation
AGB HOLDING RSC LTD,10-02-2025,ASSISS LTD,Licensed,Special purpose vehicle
NOMU HOLDING LIMITED,10-02-2025,ELNAGGAR & PARTNERS LIMITED,Licensed,Special purpose vehicle
VIRTUAL REALITY SOLUTIONS HOLDING LIMITED,10-02-2025,KALANTAR BUSINESS LAW GROUP LTD,Licensed,Special purpose vehicle
WUILT HOLDINGS LIMITED,10-02-2025,CLARA FORMATIONS LIMITED,Licensed,Special purpose vehicle
RIFD SPV LIMITED,10-02-2025,IDARAH CORPORATE LIMITED,Licensed,Special purpose vehicle
INFOSYSTA HOLDING LTD,10-02-2025,IDARAH CORPORATE LIMITED,Licensed,Special purpose vehicle
G. G. DIGITAL CORP SPV LTD,10-02-2025,GRIFFIN CORPORATE SERVICES LTD,Licensed,Special purpose vehicle
JAAZ HOLDINGS LIMITED,10-02-2025,CLARA FORMATIONS LIMITED,Licensed,Special purpose vehicle
MORAAL MULTI ASSET (MMA) PERFORMANCE GP LTD,10-02-2025,APEX CORPORATE SERVICES (ME) LTD,Licensed,Special purpose vehicle
VILLIVARU OPCO HOLDING LTD,10-02-2025,AL TAMIMI & CO. CORPORATE SERVICES LIMITED,Licensed,Special purpose vehicle
VILLIVARU HOLDING PROPCO LIMITED,10-02-2025,AL TAMIMI & CO. CORPORATE SERVICES LIMITED,Licensed,Special purpose vehicle
SKY PALACES ASSET HOLDINGS LIMITED,10-02-2025,COUNSEL SERVICES LIMITED,Licensed,Special purpose vehicle
DJT HOLDING LIMITED,10-02-2025,JTC CORPORATE SERVICES (DIFC) LIMITED,Licensed,Special purpose vehicle
WITTIFY.AI TECHNOLOGIES HOLDINGS LIMITED,10-02-2025,CLARA FORMATIONS LIMITED,Licensed,Special purpose vehicle
LEAJLAK LOGISTICS HOLDINGS LIMITED,10-02-2025,CLARA FORMATIONS LIMITED,Licensed,Special purpose vehicle
RANGE REALTY HOLDINGS LIMITED,10-02-2025,M-HQ LTD,Licensed,Special purpose vehicle
YASRA SPV LIMITED,10-02-2025,CSP GROUP LTD,Licensed,Special purpose vehicle
ALMIN HOLDINGS LIMITED,10-02-2025,CLARA FORMATIONS LIMITED,Licensed,Special purpose vehicle
ALMER HOLDINGS LIMITED,10-02-2025,CLARA FORMATIONS LIMITED,Licensed,Special purpose vehicle
NETOS HOLDINGS LIMITED,10-02-2025,CLARA FORMATIONS LIMITED,License cancelled,Special purpose vehicle
OPENSTEM HOLDINGS LIMITED,10-02-2025,CLARA FORMATIONS LIMITED,Licensed,Special purpose vehicle
HANDROLL SPV LTD,10-02-2025,AL TAMIMI & CO. CORPORATE SERVICES LIMITED,Licensed,Special purpose vehicle
AUGUST FOUNDATION,10-02-2025,ROSEMONT PARTNERS CORPORATE SERVICES LIMITED,Licensed,Foundation
TOPTALLA HOLDINGS LIMITED,11-02-2025,CLARA FORMATIONS LIMITED,Licensed,Special purpose vehicle
EDITA INVESTMENTS HOLDING LTD,11-02-2025,WALKERS PROFESSIONAL SERVICES (MIDDLE EAST) LIMITED,Licensed,Special purpose vehicle
ASSURETECH HOLDINGS LIMITED,11-02-2025,CLARA FORMATIONS LIMITED,Licensed,Special purpose vehicle
NEAM HOLDINGS LIMITED,11-02-2025,CLARA FORMATIONS LIMITED,Licensed,Special purpose vehicle
BLUEFIVE PRIVATE MARKETS SPV LTD,11-02-2025,,Licensed,Special purpose vehicle
AXSO SPV 1 LTD,11-02-2025,,Licensed,Special purpose vehicle
DUNE 1 ASSETS HOLDING RSC LTD,11-02-2025,,Licensed,Special purpose vehicle
DUNE 2 ASSETS HOLDING RSC LTD,11-02-2025,,Licensed,Special purpose vehicle
AL HAMBRA FOUNDATION,11-02-2025,SANCTUARY CORPORATE SERVICES FZ LLC,Licensed,Foundation
NVEST FOUNDATION,11-02-2025,M-HQ LTD,Licensed,Foundation
BOLT HOLDINGS RSC LIMITED,12-02-2025,WALKERS PROFESSIONAL SERVICES (MIDDLE EAST) LIMITED,Licensed,Special purpose vehicle
TOWER HOLDINGS RSC LIMITED,12-02-2025,WALKERS PROFESSIONAL SERVICES (MIDDLE EAST) LIMITED,Licensed,Special purpose vehicle
FAS RENEWABLES SINO-VENTURES SPV LTD,12-02-2025,EQUIOM CORPORATE SERVICES (MIDDLE EAST) LTD,Licensed,Special purpose vehicle
GEMCORP SUB HOLDINGS LIMITED,12-02-2025,SOVEREIGN CORPORATE SERVICES ME LIMITED,Licensed,Special purpose vehicle
PAWDY NEIGHBORS ON THE BOULEVARD SPV LTD,12-02-2025,SOVEREIGN CORPORATE SERVICES ME LIMITED,Licensed,Special purpose vehicle
INTENT PROPERTIES HOLDING LIMITED,12-02-2025,STROLLA LLP,Licensed,Special purpose vehicle
KASHIA SPV LIMITED,12-02-2025,ROSEMONT PARTNERS CORPORATE SERVICES LIMITED,Licensed,Special purpose vehicle
TABREED SUKUK PROGRAMME LIMITED,12-02-2025,WALKERS PROFESSIONAL SERVICES (MIDDLE EAST) LIMITED,Licensed,Special purpose vehicle
AL KHAILI GLOBAL HOLDING LIMITED,12-02-2025,STROLLA LLP,Licensed,Special purpose vehicle
TRANIO REAL ESTATE HOLDINGS LTD,12-02-2025,GRANT THORNTON AUDIT AND ACCOUNTING LIMITED,Licensed,Special purpose vehicle
ALQATTAN HOLDING LTD,12-02-2025,PEREGRINE CORPORATE SERVICES LTD,Licensed,Special purpose vehicle
GLOW OPPORTUNITIES ONE HOLDING LIMITED,12-02-2025,JTC CORPORATE SERVICES (DIFC) LIMITED,Licensed,Special purpose vehicle
SGSI SPV LIMITED,12-02-2025,HISTORY LIMITED,Licensed,Special purpose vehicle
VISIONARY HORIZONS FOUNDATION,12-02-2025,M-HQ LTD,Licensed,Foundation
FUTURE IMPACT FOUNDATION,12-02-2025,M-HQ LTD,Licensed,Foundation
SOL ESTRELLA FOUNDATION,12-02-2025,CLARA FORMATIONS LIMITED,Licensed,Foundation
CUBE ASSET HOLDING RSC LIMITED,13-02-2025,,Licensed,Special purpose vehicle
SUNRISE HOLDINGS LIMITED,13-02-2025,CSP GROUP LTD,Licensed,Special purpose vehicle
UNITS HOLDINGS LIMITED,13-02-2025,CLARA FORMATIONS LIMITED,Licensed,Special purpose vehicle
PRIME REEM 151 SPV LIMITED,13-02-2025,,Licensed,Special purpose vehicle
KASHIA IP HOLDING LIMITED,13-02-2025,ROSEMONT PARTNERS CORPORATE SERVICES LIMITED,Licensed,Special purpose vehicle
GOLD ERA HOLDINGS LTD,13-02-2025,CROWE MAK LLP,Licensed,Special purpose vehicle
OREHC HOLDING LIMITED,13-02-2025,MABA CORPORATE SERVICES LIMITED,Licensed,Special purpose vehicle
ALEPHYA IV SPV LIMITED,14-02-2025,EQUIOM CORPORATE SERVICES (MIDDLE EAST) LTD,Licensed,Special purpose vehicle
OCEANICA HOLDINGS LTD,14-02-2025,INP IBRAHIM N PARTNERS LEGAL CONSULTANCY LTD,Licensed,Special purpose vehicle
BURJ SUMMIT SPV LTD,14-02-2025,ARGENTUM LAW LTD,Licensed,Special purpose vehicle
TNS HOLDINGS LTD,14-02-2025,ASSISS LTD,Licensed,Special purpose vehicle
MCLENZ SPV LTD,17-02-2025,IDARAH CORPORATE LIMITED,Licensed,Special purpose vehicle
ALGHANIM DIAL TONE HOLDING LIMITED,17-02-2025,WALKERS PROFESSIONAL SERVICES (MIDDLE EAST) LIMITED,Licensed,Special purpose vehicle
NAQA HOLDING LTD,17-02-2025,ACCLIME CORPORATE SERVICES LIMITED,Licensed,Special purpose vehicle
VISTA YG HOLDING COMPANY LIMITED,17-02-2025,ACCLIME CORPORATE SERVICES LIMITED,Licensed,Special purpose vehicle
NAAR SOCIAL COMMERCE HOLDING LIMITED,17-02-2025,STROLLA LLP,Licensed,Special purpose vehicle
SA ORION HOLDINGS LIMITED,17-02-2025,KALANTAR BUSINESS LAW GROUP LTD,Licensed,Special purpose vehicle
MPG ME SPV LIMITED,17-02-2025,CSP GROUP LTD,Licensed,Special purpose vehicle
PENROSE HOLDING LIMITED,17-02-2025,CLARA FORMATIONS LIMITED,Licensed,Special purpose vehicle
21 HOLDING LTD,17-02-2025,SWISS GROUP LEGAL LTD,Licensed,Special purpose vehicle
AMPP HOLDINGS LIMITED,18-02-2025,MABA CORPORATE SERVICES LIMITED,Licensed,Special purpose vehicle
COLADA HOLDINGS LIMITED,18-02-2025,CLARA FORMATIONS LIMITED,Licensed,Special purpose vehicle
PROP RE HOLDING LIMITED,18-02-2025,10 LEAVES LIMITED,Licensed,Special purpose vehicle
VENUS ONE HOLDING LIMITED,18-02-2025,JTC CORPORATE SERVICES (DIFC) LIMITED,Licensed,Special purpose vehicle
ALQF HOLDING LTD,18-02-2025,PEREGRINE CORPORATE SERVICES LTD,Licensed,Special purpose vehicle
NASS FOUNDATION,18-02-2025,M-HQ LTD,Licensed,Foundation
VITRUVIAN HOLDINGS LTD,19-02-2025,,Licensed,Special purpose vehicle
CQN HOLDINGS LIMITED,19-02-2025,CLARA FORMATIONS LIMITED,Licensed,Special purpose vehicle
MYQUBATOR HOLDING LIMITED,19-02-2025,GRANT THORNTON AUDIT AND ACCOUNTING LIMITED,Licensed,Special purpose vehicle
TWO72 HOLDINGS LIMITED,19-02-2025,CLARA FORMATIONS LIMITED,Licensed,Special purpose vehicle
ROMANOS HOLDING LIMITED,19-02-2025,SOVEREIGN CORPORATE SERVICES ME LIMITED,Licensed,Special purpose vehicle
CHROMA HOLDINGS LIMITED,19-02-2025,CLARA FORMATIONS LIMITED,Licensed,Special purpose vehicle
HEALSGOOD HOLDINGS LIMITED,19-02-2025,CSP GROUP LTD,Licensed,Special purpose vehicle
QIYADA HOLDINGS LTD,19-02-2025,AL TAMIMI & CO. CORPORATE SERVICES LIMITED,Licensed,Special purpose vehicle
TNS HOSPITALITY HOLDINGS LTD,19-02-2025,ASSISS LTD,Licensed,Special purpose vehicle
ISSAMAR HOLDING LIMITED,20-02-2025,ACCLIME CORPORATE SERVICES LIMITED,Licensed,Special purpose vehicle
CRUST HOLDING LIMITED,20-02-2025,WALKERS PROFESSIONAL SERVICES (MIDDLE EAST) LIMITED,Licensed,Special purpose vehicle
LAMASTE SPV LIMITED,21-02-2025,CSP GROUP LTD,Licensed,Special purpose vehicle
SPORSHIP HOLDINGS LIMITED,21-02-2025,CLARA FORMATIONS LIMITED,Licensed,Special purpose vehicle
LEGACY INVESTMENTS HOLDING LIMITED,21-02-2025,MABA CORPORATE SERVICES LIMITED,Licensed,Special purpose vehicle
KREIN HOLDINGS LIMITED,21-02-2025,CSP GROUP LTD,Licensed,Special purpose vehicle
O&F SOUTH 8 SPV LIMITED,21-02-2025,AL TAMIMI & CO. CORPORATE SERVICES LIMITED,Licensed,Special purpose vehicle
KHAZNA DATA CENTER 414 HOLDINGS LIMITED,21-02-2025,,Licensed,Special purpose vehicle
TRANIO 2 SPV LTD,21-02-2025,GRANT THORNTON AUDIT AND ACCOUNTING LIMITED,Licensed,Special purpose vehicle
TRANIO 3 SPV LTD,21-02-2025,GRANT THORNTON AUDIT AND ACCOUNTING LIMITED,Licensed,Special purpose vehicle
NUDGEV HOLDINGS LIMITED,21-02-2025,CLARA FORMATIONS LIMITED,License cancelled,Special purpose vehicle
SHIELDWORKZ HOLDING LIMITED,21-02-2025,CROWE MAK LLP,Licensed,Special purpose vehicle
THAKAAMED HOLDINGS LIMITED,24-02-2025,CLARA FORMATIONS LIMITED,Licensed,Special purpose vehicle
PUG SPV LIMITED,24-02-2025,CSP GROUP LTD,Licensed,Special purpose vehicle
INNOVATIVE BUSINESS COMPANY HOLDINGS LIMITED,24-02-2025,SANCTUARY CORPORATE SERVICES FZ LLC,Licensed,Special purpose vehicle
THE YEOMANRY HOLDINGS LIMITED,24-02-2025,CSP GROUP LTD,Licensed,Special purpose vehicle
TRUKKER GLOBAL MIDCO HOLDINGS LIMITED,24-02-2025,CLARA FORMATIONS LIMITED,Licensed,Special purpose vehicle
SELVALA HOLDING LIMITED,25-02-2025,RAD CORPORATE SERVICES LIMITED,Licensed,Special purpose vehicle
DHABA KITCHEN HOLDING LIMITED,25-02-2025,CSP GROUP LTD,Licensed,Special purpose vehicle
SPORT INVEST GROUP HOLDING LTD,25-02-2025,CLARA FORMATIONS LIMITED,Licensed,Special purpose vehicle
ENCOR MIDDLE EAST HOLDINGS LIMITED,25-02-2025,CLARA FORMATIONS LIMITED,Licensed,Special purpose vehicle
TICK IT HOLDINGS LIMITED,25-02-2025,CLARA FORMATIONS LIMITED,Licensed,Special purpose vehicle
WESHARE HOLDINGS LTD,25-02-2025,ROSEMONT PARTNERS CORPORATE SERVICES LIMITED,Licensed,Special purpose vehicle
SRI SC HOLDING LIMITED,25-02-2025,CLARA FORMATIONS LIMITED,Licensed,Special purpose vehicle
AXDI SPV 1 LTD,25-02-2025,,Licensed,Special purpose vehicle
NAUTILUS POLARIS HOLDING LTD,25-02-2025,AL TAMIMI & CO. CORPORATE SERVICES LIMITED,Licensed,Special purpose vehicle
RA SUMMIT FOUNDATION,25-02-2025,CLARA FORMATIONS LIMITED,License cancelled,Foundation
NAMMOS GROUP HOLDING LIMITED,26-02-2025,AL TAMIMI & CO. CORPORATE SERVICES LIMITED,Licensed,Special purpose vehicle
PLANTERS GROUP HOLDING LTD,26-02-2025,CSP GROUP LTD,Licensed,Special purpose vehicle
BSK COMPANY SPV LIMITED,26-02-2025,MAPLES FIDUCIARY SERVICES (MIDDLE EAST) LIMITED,Licensed,Special purpose vehicle
STACKS HOLDINGS LIMITED,26-02-2025,CLARA FORMATIONS LIMITED,Licensed,Special purpose vehicle
FIGO & ZEITOON HOSPITALITY GROUP HOLDINGS LTD,26-02-2025,ROSEMONT PARTNERS CORPORATE SERVICES LIMITED,Licensed,Special purpose vehicle
BRIGHT PREMIER HOLDING LIMITED,26-02-2025,RAD CORPORATE SERVICES LIMITED,Licensed,Special purpose vehicle
IRTH DEVELOPMENT HOLDING LIMITED,26-02-2025,RAD CORPORATE SERVICES LIMITED,Licensed,Special purpose vehicle
DB GROUP HOLDINGS LIMITED,26-02-2025,CLARA FORMATIONS LIMITED,Licensed,Special purpose vehicle
PARAVAULT HOLDING LTD,26-02-2025,WALKERS PROFESSIONAL SERVICES (MIDDLE EAST) LIMITED,Licensed,Special purpose vehicle
MISSION FOUNDATION,26-02-2025,GRIFFIN CORPORATE SERVICES LTD,Licensed,Foundation
KEYLINK PROPERTIES SPV LIMITED,27-02-2025,MABA CORPORATE SERVICES LIMITED,Licensed,Special purpose vehicle
CAPSTONE SPV LIMITED,27-02-2025,MABA CORPORATE SERVICES LIMITED,Licensed,Special purpose vehicle
REGAL ESTATES SPV LIMITED,27-02-2025,MABA CORPORATE SERVICES LIMITED,Licensed,Special purpose vehicle
WATEER HOLDINGS LTD,27-02-2025,CLARA FORMATIONS LIMITED,Licensed,Special purpose vehicle
ROYALE INVESTMENTS PLUS SPV LIMITED,27-02-2025,STROLLA LLP,Licensed,Special purpose vehicle
ROYALE INVESTMENTS SPV LIMITED,27-02-2025,STROLLA LLP,Licensed,Special purpose vehicle
SBT FALCON HOLDINGS LIMITED,27-02-2025,MABA CORPORATE SERVICES LIMITED,Licensed,Special purpose vehicle
REEF ASSETS HOLDING LIMITED,27-02-2025,,Licensed,Special purpose vehicle
SHRIMP HOLDING LIMITED,27-02-2025,WALKERS PROFESSIONAL SERVICES (MIDDLE EAST) LIMITED,Licensed,Special purpose vehicle
STACKS ASIA DLT FOUNDATION,27-02-2025,IDARAH CORPORATE LIMITED,Licensed,Foundation
THE ALBERT JONES FOUNDATION,27-02-2025,AL TAMIMI & CO. CORPORATE SERVICES LIMITED,Licensed,Foundation
PALLOTI HOLDING LIMITED,28-02-2025,ROSEMONT PARTNERS CORPORATE SERVICES LIMITED,Licensed,Special purpose vehicle
EILEEN HOLDINGS LIMITED,28-02-2025,CLARA FORMATIONS LIMITED,Licensed,Special purpose vehicle
HUSHDAY HOLDING LIMITED,28-02-2025,ARGENTUM LAW LTD,Licensed,Special purpose vehicle
PEAQ HOLDINGS LTD,28-02-2025,EQUUS CORPORATE LIMITED,Licensed,Special purpose vehicle
NOVEMBER HOLDINGS LIMITED,28-02-2025,ROSEMONT PARTNERS CORPORATE SERVICES LIMITED,Licensed,Special purpose vehicle
EAST & WEST PROPERTIES 1 SPV LIMITED,28-02-2025,CLYDE SERVICES LIMITED,Licensed,Special purpose vehicle
ROVERA HOLDINGS LIMITED,03-03-2025,CLARA FORMATIONS LIMITED,Licensed,Special purpose vehicle
THE K HOLDING LTD,03-03-2025,RAD CORPORATE SERVICES LIMITED,Licensed,Special purpose vehicle
POLLY TECHNOLOGIES HOLDINGS LIMITED,03-03-2025,CLARA FORMATIONS LIMITED,Licensed,Special purpose vehicle
AXDI LDII SPV 1 LTD,03-03-2025,,Licensed,Special purpose vehicle
RSM FOUNDATION,03-03-2025,M-HQ LTD,Licensed,Foundation
CURTIS PROTECTOR SERVICES FOUNDATION,03-03-2025,M-HQ LTD,Licensed,Foundation
ORVION HOLDING RSC LTD,04-03-2025,CROWE MAK LLP,Licensed,Special purpose vehicle
STRATOS HOLDING RSC LTD,04-03-2025,CROWE MAK LLP,Licensed,Special purpose vehicle
MANZIL HEALTHCARE HOLDING LIMITED,04-03-2025,CLARA FORMATIONS LIMITED,Licensed,Special purpose vehicle
BSK1 SPV LIMITED,04-03-2025,MAPLES FIDUCIARY SERVICES (MIDDLE EAST) LIMITED,Licensed,Special purpose vehicle
BSK2 SPV LIMITED,04-03-2025,MAPLES FIDUCIARY SERVICES (MIDDLE EAST) LIMITED,Licensed,Special purpose vehicle
THE ASAHI SHIMBUN MIDDLE EAST HOLDINGS LIMITED,04-03-2025,CLARA FORMATIONS LIMITED,Licensed,Special purpose vehicle
LABOUR HOLDING LIMITED,04-03-2025,ROSEMONT PARTNERS CORPORATE SERVICES LIMITED,Licensed,Special purpose vehicle
GARAGE-HERO HOLDINGS LIMITED,04-03-2025,CLARA FORMATIONS LIMITED,Licensed,Special purpose vehicle
RIZE HEIGHTS SPV LTD,04-03-2025,WALKERS PROFESSIONAL SERVICES (MIDDLE EAST) LIMITED,Licensed,Special purpose vehicle
TRIANGLE INVESTMENTS HOLDING LIMITED,04-03-2025,ACCLIME CORPORATE SERVICES LIMITED,Licensed,Special purpose vehicle
KRISHA FOUNDATION,04-03-2025,SANCTUARY CORPORATE SERVICES FZ LLC,Licensed,Foundation
AKKODIS MIDDLE EAST HOLDINGS LIMITED,05-03-2025,CLARA FORMATIONS LIMITED,Licensed,Special purpose vehicle
ABM HOLDING LTD,05-03-2025,ASSISS LTD,Licensed,Special purpose vehicle
PRONOVUS FOUNDATION,05-03-2025,RAD CORPORATE SERVICES LIMITED,Licensed,Foundation
CENTRAL GROUP HOLDING LIMITED,06-03-2025,ROSEMONT PARTNERS CORPORATE SERVICES LIMITED,Licensed,Special purpose vehicle
TAMEER HOLDING LIMITED,06-03-2025,ACCLIME CORPORATE SERVICES LIMITED,Licensed,Special purpose vehicle
MRE PROPCO HOLDING LTD,06-03-2025,APEX CORPORATE SERVICES (ME) LTD,Licensed,Special purpose vehicle
SPETTRO HOLDINGS LIMITED,06-03-2025,CLARA FORMATIONS LIMITED,Licensed,Special purpose vehicle
SIGMA SQUARE ALPHA HOLDING LTD,06-03-2025,SWISS GROUP LEGAL LTD,Licensed,Special purpose vehicle
SIGMA SQUARE BETA HOLDING LTD,06-03-2025,SWISS GROUP LEGAL LTD,Licensed,Special purpose vehicle
ROSCAR HOLDINGS LIMITED,06-03-2025,CLARA FORMATIONS LIMITED,Licensed,Special purpose vehicle
OCEANE INVEST HOLDING LTD,06-03-2025,MABA CORPORATE SERVICES LIMITED,Licensed,Special purpose vehicle
QAHWA HOLDINGS LIMITED,06-03-2025,CLARA FORMATIONS LIMITED,Licensed,Special purpose vehicle
VINJULA SPV LIMITED,06-03-2025,SANCTUARY CORPORATE SERVICES FZ LLC,Licensed,Special purpose vehicle
LIN FOUNDATION,06-03-2025,ROSEMONT PARTNERS CORPORATE SERVICES LIMITED,Licensed,Foundation
DAINEX FOUNDATION,06-03-2025,ROSEMONT PARTNERS CORPORATE SERVICES LIMITED,Licensed,Foundation
CAMA FOUNDATION,06-03-2025,AL TAMIMI & CO. CORPORATE SERVICES LIMITED,Licensed,Foundation
GLENY MIDDLE EAST SPV LIMITED,07-03-2025,SWISS GROUP LEGAL LTD,Licensed,Special purpose vehicle
OME HOLDINGS LTD,07-03-2025,CSP GROUP LTD,Licensed,Special purpose vehicle
CREST HOLDINGS LIMITED,07-03-2025,CLARA FORMATIONS LIMITED,Licensed,Special purpose vehicle
ADBX HOLDINGS LIMITED,07-03-2025,CLARA FORMATIONS LIMITED,Licensed,Special purpose vehicle
DALIO AD FOUNDATION,07-03-2025,,Licensed,Foundation
GRANDEUR HOTEL HOLDING LTD,10-03-2025,MOORE JFC LIMITED,Licensed,Special purpose vehicle
CNS HOLDING LTD,10-03-2025,WALKERS PROFESSIONAL SERVICES (MIDDLE EAST) LIMITED,Licensed,Special purpose vehicle
BATEEL GROUP HOLDING LTD,10-03-2025,SWISS GROUP LEGAL LTD,Licensed,Special purpose vehicle
BUSINESS CATALYST VENTURE HOLDINGS LIMITED,10-03-2025,CLARA FORMATIONS LIMITED,Licensed,Special purpose vehicle
IF VENTURES HOLDINGS LIMITED,10-03-2025,CLARA FORMATIONS LIMITED,Licensed,Special purpose vehicle
NAKAMA ESTATE SPV LIMITED,10-03-2025,SOVEREIGN CORPORATE SERVICES ME LIMITED,Licensed,Special purpose vehicle
QINQUE HOLDINGS LIMITED,10-03-2025,CSP GROUP LTD,Licensed,Special purpose vehicle
PELICAN INVESTMENTS HOLDINGS LIMITED,10-03-2025,CLARA FORMATIONS LIMITED,Licensed,Special purpose vehicle
GYA HOLDINGS LIMITED,10-03-2025,ACCLIME CORPORATE SERVICES LIMITED,Licensed,Special purpose vehicle
ESSENTIAL BRIDGE HOLDING LTD,10-03-2025,WALKERS PROFESSIONAL SERVICES (MIDDLE EAST) LIMITED,Licensed,Special purpose vehicle
MARWAN SAHMARANI FOUNDATION,10-03-2025,ASSISS LTD,Licensed,Foundation
DAN FOUNDATION,10-03-2025,AMICORP ADVISORY LIMITED,Licensed,Foundation
GULF ASSETS 3 RSC LTD,11-03-2025,,Licensed,Special purpose vehicle
GULF ASSETS 2 RSC LTD,11-03-2025,,Licensed,Special purpose vehicle
TWO POINT ZERO HOLDING RSC LIMITED,11-03-2025,CROWE MAK LLP,Licensed,Special purpose vehicle
BFS HOLDING SPV LIMITED,11-03-2025,TMF GROUP FIDUCIARY SERVICES LIMITED,Licensed,Special purpose vehicle
APEX GROUP HOLDING SPV LTD,11-03-2025,ELNAGGAR & PARTNERS LIMITED,Licensed,Special purpose vehicle
URMITEJ HOLDINGS LTD,11-03-2025,CROWE MAK LLP,Licensed,Special purpose vehicle
SENTINEL EQUITY PARTNERS HOLDINGS LIMITED,11-03-2025,CLARA FORMATIONS LIMITED,Licensed,Special purpose vehicle
AAA GLOBAL HOLDINGS LIMITED,11-03-2025,CLARA FORMATIONS LIMITED,Licensed,Special purpose vehicle
ZAZEN PROJECT FIRST INVESTMENT SPV LIMITED,11-03-2025,ROSEMONT PARTNERS CORPORATE SERVICES LIMITED,Licensed,Special purpose vehicle
8 HOLDINGS INVESTMENTS LIMITED,11-03-2025,WALKERS PROFESSIONAL SERVICES (MIDDLE EAST) LIMITED,Licensed,Special purpose vehicle
SHIGA DIGITAL HOLDINGS LIMITED,11-03-2025,CLARA FORMATIONS LIMITED,Licensed,Special purpose vehicle
MIC CAPITAL MANAGEMENT 93 RSC LTD,12-03-2025,WALKERS PROFESSIONAL SERVICES (MIDDLE EAST) LIMITED,Licensed,Special purpose vehicle
AL GHURAB INVESTMENTS RSC LIMITED,12-03-2025,,Licensed,Special purpose vehicle
RTE CARE SERVICES & INVESTMENTS SPV LTD,12-03-2025,CSP GROUP LTD,Licensed,Special purpose vehicle
CHELSEA COMPLEX CARE HOLDING LIMITED,12-03-2025,CSP GROUP LTD,Licensed,Special purpose vehicle
ITALFOOD HOLDING LIMITED,12-03-2025,AL TAMIMI & CO. CORPORATE SERVICES LIMITED,Licensed,Special purpose vehicle
MOTS HOLDINGS LIMITED,12-03-2025,CLARA FORMATIONS LIMITED,Licensed,Special purpose vehicle
ZUESILLA HOLDING LIMITED,12-03-2025,J. AWAN & PARTNERS LIMITED,Licensed,Special purpose vehicle
MEDAD HEALTHCARE HOLDING LIMITED,12-03-2025,AL TAMIMI & CO. CORPORATE SERVICES LIMITED,Licensed,Special purpose vehicle
SOLID TRAST HOLDING LIMITED,12-03-2025,ASSISS LTD,Licensed,Special purpose vehicle
THE CIRCLE FOUNDATION,12-03-2025,ROSEMONT PARTNERS CORPORATE SERVICES LIMITED,Licensed,Foundation
PIP HOLDINGS LIMITED,13-03-2025,CSP GROUP LTD,Licensed,Special purpose vehicle
ADAMAS TOPCO HOLDING LTD,13-03-2025,INTERTRUST (MIDDLE EAST) LTD,Licensed,Special purpose vehicle
NURTURE FERTILITY HOLDINGS LIMITED,13-03-2025,MABA CORPORATE SERVICES LIMITED,Licensed,Special purpose vehicle
POLONEST HOLDINGS LTD,13-03-2025,ROSEMONT PARTNERS CORPORATE SERVICES LIMITED,Licensed,Special purpose vehicle
BYTE & BLOOM HOLDING LIMITED,13-03-2025,TMF GROUP FIDUCIARY SERVICES LIMITED,Licensed,Special purpose vehicle
JAMING HOLDING LTD,14-03-2025,10 LEAVES LIMITED,Licensed,Special purpose vehicle
ELYSIAN TALES HOLDINGS LIMITED,14-03-2025,CLARA FORMATIONS LIMITED,Licensed,Special purpose vehicle
ABACUS FOUNDATION,14-03-2025,ROSEMONT PARTNERS CORPORATE SERVICES LIMITED,Licensed,Foundation
HELIKA HOLDING LTD,17-03-2025,10 LEAVES LIMITED,Licensed,Special purpose vehicle
ADG SENTARA HOLDINGS LIMITED,17-03-2025,ROSEMONT PARTNERS CORPORATE SERVICES LIMITED,Licensed,Special purpose vehicle
TRRULIV EARTH HOLDING LIMITED,17-03-2025,ROSEMONT PARTNERS CORPORATE SERVICES LIMITED,Licensed,Special purpose vehicle
JOURLO HOLDINGS LIMITED,17-03-2025,CLARA FORMATIONS LIMITED,Licensed,Special purpose vehicle
LIGHT ENERGY HOLDINGS SPV LIMITED,17-03-2025,HISTORY LIMITED,Licensed,Special purpose vehicle
DWS HOLDING RSC LTD,18-03-2025,,Licensed,Special purpose vehicle
PROP SPACE HOLDING LIMITED,18-03-2025,ELNAGGAR & PARTNERS LIMITED,Licensed,Special purpose vehicle
ZIYA OVERSEAS HOLDINGS LIMITED,18-03-2025,ROSEMONT PARTNERS CORPORATE SERVICES LIMITED,Licensed,Special purpose vehicle
GEMS MENASA SPV LIMITED,18-03-2025,MAPLES FIDUCIARY SERVICES (MIDDLE EAST) LIMITED,Licensed,Special purpose vehicle
SARI INTERNATIONAL HOLDING LTD,18-03-2025,AL TAMIMI & CO. CORPORATE SERVICES LIMITED,Licensed,Special purpose vehicle
EQUITYPRO HOLDING LTD,18-03-2025,ELNAGGAR & PARTNERS LIMITED,Licensed,Special purpose vehicle
PANGLOBAL INVESTMENTS HOLDINGS LIMITED,18-03-2025,ROSEMONT PARTNERS CORPORATE SERVICES LIMITED,Licensed,Special purpose vehicle
MISSION HOLDING LIMITED,18-03-2025,GRIFFIN CORPORATE SERVICES LTD,Licensed,Special purpose vehicle
CURTIS PROTECTOR SERVICES HOLDING LIMITED,18-03-2025,M-HQ LTD,Licensed,Special purpose vehicle
ALDAR BTR HOLDING 1 LIMITED,18-03-2025,SOVEREIGN CORPORATE SERVICES ME LIMITED,Licensed,Special purpose vehicle
MARS HOLDING LIMITED,18-03-2025,ROSEMONT PARTNERS CORPORATE SERVICES LIMITED,Licensed,Special purpose vehicle
VERIDAS FOUNDATION,18-03-2025,CLARA FORMATIONS LIMITED,Licensed,Foundation
KARASUL FOUNDATION,18-03-2025,ROSEMONT PARTNERS CORPORATE SERVICES LIMITED,Licensed,Foundation
1971 HOLDING RSC LIMITED,19-03-2025,WALKERS PROFESSIONAL SERVICES (MIDDLE EAST) LIMITED,Licensed,Special purpose vehicle
1971A HOLDING RSC LIMITED,19-03-2025,WALKERS PROFESSIONAL SERVICES (MIDDLE EAST) LIMITED,Licensed,Special purpose vehicle
PEN HOLDINGS RSC LIMITED,19-03-2025,WALKERS PROFESSIONAL SERVICES (MIDDLE EAST) LIMITED,Licensed,Special purpose vehicle
AL TAMIMI & COMPANY HOLDING LIMITED,19-03-2025,AL TAMIMI & CO. CORPORATE SERVICES LIMITED,Licensed,Special purpose vehicle
82 INVESTMENT HOLDINGS LIMITED,19-03-2025,CLARA FORMATIONS LIMITED,Licensed,Special purpose vehicle
FEZLEE HOLDINGS LIMITED,19-03-2025,CLARA FORMATIONS LIMITED,Licensed,Special purpose vehicle
NOOA GCC HOLDINGS LIMITED,19-03-2025,M-HQ LTD,Licensed,Special purpose vehicle
REF HOLDINGS LIMITED,19-03-2025,CLYDE SERVICES LIMITED,Licensed,Special purpose vehicle
BUSET FOUNDATION,19-03-2025,PRAXISIFM TRUST LIMITED,Licensed,Foundation
SAKALAVA WEAVER FOUNDATION,19-03-2025,CSP GROUP LTD,Licensed,Foundation
MASDAR JORDAN HOLDINGS RSC LIMITED,20-03-2025,WALKERS PROFESSIONAL SERVICES (MIDDLE EAST) LIMITED,Licensed,Special purpose vehicle
NUTRALIS HOLDINGS LIMITED,20-03-2025,CLARA FORMATIONS LIMITED,Licensed,Special purpose vehicle
AMWAJ HOLDINGS LIMITED,20-03-2025,CLARA FORMATIONS LIMITED,Licensed,Special purpose vehicle
PINACEAE HOLDINGS LTD,20-03-2025,AL TAMIMI & CO. CORPORATE SERVICES LIMITED,Licensed,Special purpose vehicle
ADAMAS BIDCO HOLDING LTD,20-03-2025,INTERTRUST (MIDDLE EAST) LTD,Licensed,Special purpose vehicle
SOUK HIS HOLDINGS LIMITED,20-03-2025,CSP GROUP LTD,Licensed,Special purpose vehicle
B&S HOLDING LTD,20-03-2025,ROSEMONT PARTNERS CORPORATE SERVICES LIMITED,Licensed,Special purpose vehicle
RUNE BALI HOLDINGS LIMITED,20-03-2025,CLARA FORMATIONS LIMITED,Licensed,Special purpose vehicle
ISAWA FOUNDATION,20-03-2025,CSP GROUP LTD,Licensed,Foundation
ADG ALTRIQA HOLDINGS LIMITED,21-03-2025,ROSEMONT PARTNERS CORPORATE SERVICES LIMITED,Licensed,Special purpose vehicle
AI GROUP HOLDINGS LIMITED,21-03-2025,INP IBRAHIM N PARTNERS LEGAL CONSULTANCY LTD,Licensed,Special purpose vehicle
CADMUS HOLDINGS LIMITED,21-03-2025,CLARA FORMATIONS LIMITED,Licensed,Special purpose vehicle
ULTRATECHFOOD HOLDINGS LTD,21-03-2025,CLARA FORMATIONS LIMITED,Licensed,Special purpose vehicle
VIPIRIS FOUNDATION,21-03-2025,ACCLIME CORPORATE SERVICES LIMITED,Licensed,Foundation
AL MAYA INVESTMENTS RSC LIMITED,24-03-2025,,Licensed,Special purpose vehicle
AL LULU INVESTMENTS RSC LIMITED,24-03-2025,,Licensed,Special purpose vehicle
PEAK CORP HOLDINGS LTD,24-03-2025,BANKS LEGAL LIMITED,Licensed,Special purpose vehicle
TAU GP SPV LIMITED,24-03-2025,HISTORY LIMITED,Licensed,Special purpose vehicle
FALCON 8 HOLDINGS LIMITED,24-03-2025,CLARA FORMATIONS LIMITED,Licensed,Special purpose vehicle
OLO ALMAARIF HOLDINGS LIMITED,25-03-2025,CLARA FORMATIONS LIMITED,Licensed,Special purpose vehicle
VERTUS INVESTMENTS HOLDINGS LIMITED,25-03-2025,CLARA FORMATIONS LIMITED,Licensed,Special purpose vehicle
SYBAJET GROUP HOLDINGS LIMITED,25-03-2025,CLARA FORMATIONS LIMITED,Licensed,Special purpose vehicle
​AGGARWAL FAMILY FOUNDATION,25-03-2025,CLARA FORMATIONS LIMITED,Licensed,Foundation
MIC INDUSTRIAL INVESTMENTS 4 RSC LTD,26-03-2025,WALKERS PROFESSIONAL SERVICES (MIDDLE EAST) LIMITED,Licensed,Special purpose vehicle
MIC INDUSTRIAL INVESTMENTS 3 RSC LTD,26-03-2025,WALKERS PROFESSIONAL SERVICES (MIDDLE EAST) LIMITED,Licensed,Special purpose vehicle
ZILLA HOLDING LTD,26-03-2025,SWISS GROUP LEGAL LTD,Licensed,Special purpose vehicle
LUMINA BUSINESS HOLDINGS LIMITED,26-03-2025,COUNSEL SERVICES LIMITED,Licensed,Special purpose vehicle
SHORELINE VIEWS INVESTMENTS HOLDINGS LIMITED,26-03-2025,COUNSEL SERVICES LIMITED,Licensed,Special purpose vehicle
COASTLINE VIEWS INVESTMENTS HOLDINGS LIMITED,26-03-2025,COUNSEL SERVICES LIMITED,Licensed,Special purpose vehicle
EZE INVESTMENTS HOLDINGS LIMITED,26-03-2025,COUNSEL SERVICES LIMITED,Licensed,Special purpose vehicle
ISLANDS INVESTMENTS HOLDINGS LIMITED,26-03-2025,COUNSEL SERVICES LIMITED,Licensed,Special purpose vehicle
GSOLARIC ENERGY HOLDING LTD,26-03-2025,10 LEAVES LIMITED,Licensed,Special purpose vehicle
INVOICEMATE HOLDING CO LIMITED,26-03-2025,CLARA FORMATIONS LIMITED,Licensed,Special purpose vehicle
EAGLE HILLS DEVELOPMENT HOLDINGS LIMITED,26-03-2025,ACCLIME CORPORATE SERVICES LIMITED,Licensed,Special purpose vehicle
MKH GROUP HOLDINGS LTD,26-03-2025,WALKERS PROFESSIONAL SERVICES (MIDDLE EAST) LIMITED,Licensed,Special purpose vehicle
GRAMERCY PARK SPV RSC LTD,27-03-2025,OCORIAN CORPORATE SERVICES (ME) LIMITED,Licensed,Special purpose vehicle
AL JAWAHER INVESTMENTS RSC LIMITED,27-03-2025,,Licensed,Special purpose vehicle
REMORA HOLDINGS LIMITED,27-03-2025,CLARA FORMATIONS LIMITED,Licensed,Special purpose vehicle
ANAMCARA FUND II GP LTD,27-03-2025,CLARA FORMATIONS LIMITED,Licensed,Special purpose vehicle
MOSADAD HOLDINGS LIMITED,27-03-2025,CLARA FORMATIONS LIMITED,Licensed,Special purpose vehicle
EAGLE HILLS REAL ESTATE HOLDINGS LIMITED,27-03-2025,ACCLIME CORPORATE SERVICES LIMITED,Licensed,Special purpose vehicle
AL AIN FOUNDATION,27-03-2025,CLARA FORMATIONS LIMITED,Licensed,Foundation
AURORA PROPERTIES HOLDINGS LIMITED,28-03-2025,CLARA FORMATIONS LIMITED,Licensed,Special purpose vehicle
ALB PRIVATE FOUNDATION,28-03-2025,KALANTAR BUSINESS LAW GROUP LTD,Licensed,Foundation
K&T FOUNDATION,28-03-2025,ROSEMONT PARTNERS CORPORATE SERVICES LIMITED,Licensed,Foundation
AVENIRIS INVESTMENT HOLDING RSC LTD,02-04-2025,ASSISS LTD,Licensed,Special purpose vehicle
NUZUL HOLDINGS LIMITED,02-04-2025,CLARA FORMATIONS LIMITED,Licensed,Special purpose vehicle
EGROBOTS HOLDINGS LIMITED,02-04-2025,CLARA FORMATIONS LIMITED,Licensed,Special purpose vehicle
EVERCREST HOLDING LIMITED,02-04-2025,SANCTUARY CORPORATE SERVICES FZ LLC,Licensed,Special purpose vehicle
STOCKHOLD SPV LTD,02-04-2025,ELNAGGAR & PARTNERS LIMITED,Licensed,Special purpose vehicle
ESTAIE HOLDINGS LIMITED,02-04-2025,CLARA FORMATIONS LIMITED,Licensed,Special purpose vehicle
PALM HILLS DEVELOPMENTS HOLDING LIMITED,02-04-2025,OCORIAN CORPORATE SERVICES (ME) LIMITED,Licensed,Special purpose vehicle
KIRTANLAL GROUP HOLDINGS LIMITED,02-04-2025,ROSEMONT PARTNERS CORPORATE SERVICES LIMITED,Licensed,Special purpose vehicle
EXO TECHNOLOGIES HOLDINGS LIMITED,02-04-2025,CLARA FORMATIONS LIMITED,Licensed,Special purpose vehicle
BUNAT NINJA HOLDINGS LIMITED,02-04-2025,CLARA FORMATIONS LIMITED,Licensed,Special purpose vehicle
USIM HOLDING LTD,02-04-2025,WALKERS PROFESSIONAL SERVICES (MIDDLE EAST) LIMITED,Licensed,Special purpose vehicle
OBEROI FAMILY FOUNDATION,02-04-2025,CLARA FORMATIONS LIMITED,Licensed,Foundation
NNS MENA HOLDINGS RSC LTD,03-04-2025,AL TAMIMI & CO. CORPORATE SERVICES LIMITED,Licensed,Special purpose vehicle
PLATINUM SALVIA B 2025 RSC LIMITED,03-04-2025,,Licensed,Special purpose vehicle
PLATINUM INVICTUS B 2025 RSC LIMITED,03-04-2025,,Licensed,Special purpose vehicle
GC CREDIT INVESTOR II LIMITED,03-04-2025,,Licensed,Special purpose vehicle
GC CREDIT INVESTOR LIMITED,03-04-2025,,Licensed,Special purpose vehicle
GULF CAPITAL JV SPV LTD,03-04-2025,,Licensed,Special purpose vehicle
HOLKA HOLDING LTD,03-04-2025,PRAXISIFM TRUST LIMITED,Licensed,Special purpose vehicle
NAUTREX HOLDING COMPANY LTD,03-04-2025,ACCLIME CORPORATE SERVICES LIMITED,Licensed,Special purpose vehicle
AMEL INTERNET HOLDINGS LIMITED,03-04-2025,CLARA FORMATIONS LIMITED,Licensed,Special purpose vehicle
MUMAWIL HOLDINGS LIMITED,03-04-2025,CLARA FORMATIONS LIMITED,Licensed,Special purpose vehicle
GENOR HOLDINGS LIMITED,03-04-2025,CLARA FORMATIONS LIMITED,Licensed,Special purpose vehicle
EBEN HOLDING LIMITED,03-04-2025,KALANTAR BUSINESS LAW GROUP LTD,Licensed,Special purpose vehicle
LIQUIDHECTARE HOLDING LTD,03-04-2025,10 LEAVES LIMITED,Licensed,Special purpose vehicle
AIM HOSPITALITY HOLDINGS LIMITED,03-04-2025,CLARA FORMATIONS LIMITED,Licensed,Special purpose vehicle
SAFANAD MIDDLE EAST TOPCO HOLDINGS LIMITED,03-04-2025,IQ EQ MIDDLE EAST SERVICES LIMITED,Licensed,Special purpose vehicle
WELFARE MINING HOLDING LIMITED,03-04-2025,10 LEAVES LIMITED,Licensed,Special purpose vehicle
ASSNTURE HOLDINGS LIMITED,03-04-2025,CLARA FORMATIONS LIMITED,Licensed,Special purpose vehicle
MUMTAZ SUKUK LIMITED,03-04-2025,WALKERS PROFESSIONAL SERVICES (MIDDLE EAST) LIMITED,Licensed,Special purpose vehicle
CODE ALPHA HOLDING LIMITED,03-04-2025,GRIFFIN CORPORATE SERVICES LTD,Licensed,Special purpose vehicle
BAYLAND PRESERVE HOLDING LTD,03-04-2025,GRIFFIN CORPORATE SERVICES LTD,Licensed,Special purpose vehicle
OMNIYAT RE HOLDINGS LIMITED,03-04-2025,COUNSEL SERVICES LIMITED,Licensed,Special purpose vehicle
THE J1 FOUNDATION,03-04-2025,M-HQ LTD,Licensed,Foundation
SA PRIVATE FOUNDATION,03-04-2025,KALANTAR BUSINESS LAW GROUP LTD,Licensed,Foundation
KK FOUNDATION,03-04-2025,ROSEMONT PARTNERS CORPORATE SERVICES LIMITED,Licensed,Foundation
SAHJANAND FAMILY FOUNDATION,03-04-2025,CLARA FORMATIONS LIMITED,Licensed,Foundation
LUMORA INVESTMENTS RSC LTD,04-04-2025,,Licensed,Special purpose vehicle
ADQ SEEDCO RSC LTD,04-04-2025,,Licensed,Special purpose vehicle
DESTINY INVESTMENTS RSC LTD,04-04-2025,,Licensed,Special purpose vehicle
DOMAINE DES ARTISTES HOLDINGS LIMITED,04-04-2025,CLARA FORMATIONS LIMITED,Licensed,Special purpose vehicle
RAYYAHTECH HOLDINGS LIMITED,04-04-2025,CLARA FORMATIONS LIMITED,Licensed,Special purpose vehicle
YASHAA GENERAL PARTNERS SPV LIMITED,04-04-2025,,Licensed,Special purpose vehicle
RADIANT SOULS SPV LTD,04-04-2025,10 LEAVES LIMITED,Licensed,Special purpose vehicle
GIGACAPITAL SPV LTD,04-04-2025,BANKS LEGAL LIMITED,Licensed,Special purpose vehicle
ROOM8 SPV LTD,04-04-2025,SANCTUARY CORPORATE SERVICES FZ LLC,Licensed,Special purpose vehicle
TA’ZIZ UTILITIES HOLDING COMPANY LIMITED,04-04-2025,VISTRA (MIDDLE EAST) LTD,Licensed,Special purpose vehicle
EDE & RAVENSCROFT MIDDLE EAST HOLDINGS LIMITED,04-04-2025,WALKERS PROFESSIONAL SERVICES (MIDDLE EAST) LIMITED,Licensed,Special purpose vehicle
PARANORMAL HOLDINGS LIMITED,04-04-2025,CLARA FORMATIONS LIMITED,Licensed,Special purpose vehicle
VVD PROPERTIES HOLDING LIMITED,04-04-2025,MABA CORPORATE SERVICES LIMITED,Licensed,Special purpose vehicle
MC MANAGEMENT 30 RSC LTD,07-04-2025,MAPLES FIDUCIARY SERVICES (MIDDLE EAST) LIMITED,Licensed,Special purpose vehicle
MC MANAGEMENT 29 RSC LTD,07-04-2025,MAPLES FIDUCIARY SERVICES (MIDDLE EAST) LIMITED,Licensed,Special purpose vehicle
PIXELS WORLD HOLDING LTD,07-04-2025,CLYDE SERVICES LIMITED,Licensed,Special purpose vehicle
VOLUME INVESTMENT HOLDINGS LTD,07-04-2025,AL TAMIMI & CO. CORPORATE SERVICES LIMITED,Licensed,Special purpose vehicle
FPJ HOLDINGS LIMITED,07-04-2025,CLARA FORMATIONS LIMITED,Licensed,Special purpose vehicle
MADAD HOLDINGS LIMITED,07-04-2025,CLARA FORMATIONS LIMITED,Licensed,Special purpose vehicle
H4 TECHNOLOGIES HOLDINGS LIMITED,07-04-2025,WALKERS PROFESSIONAL SERVICES (MIDDLE EAST) LIMITED,Licensed,Special purpose vehicle
RIMAL HOLDING RSC LTD,07-04-2025,,Licensed,Special purpose vehicle
GRAVITY HOLDING RSC LTD,07-04-2025,,Licensed,Special purpose vehicle
JIWAN FOUNDATION,07-04-2025,AL TAMIMI & CO. CORPORATE SERVICES LIMITED,Licensed,Foundation
SYLNDR HOLDINGS LIMITED,08-04-2025,CLARA FORMATIONS LIMITED,Licensed,Special purpose vehicle
AURORA COMMUNICATIONS HOLDINGS LIMITED,08-04-2025,CLARA FORMATIONS LIMITED,Licensed,Special purpose vehicle
SKY TIGER HOLDINGS LIMITED,08-04-2025,CLARA FORMATIONS LIMITED,Licensed,Special purpose vehicle
VELOCITY HOLDINGS (MIDDLE EAST) LTD,08-04-2025,CLARA FORMATIONS LIMITED,Licensed,Special purpose vehicle
LYNNC HOLDINGS LIMITED,08-04-2025,CLARA FORMATIONS LIMITED,Licensed,Special purpose vehicle
ALA GROUP HOLDINGS LTD,08-04-2025,ROSEMONT PARTNERS CORPORATE SERVICES LIMITED,Licensed,Special purpose vehicle
ATLAS GLOBAL INVESTMENT HOLDING LIMITED,08-04-2025,MABA CORPORATE SERVICES LIMITED,Licensed,Special purpose vehicle
FOLIUM HOLDINGS LIMITED,08-04-2025,10 LEAVES LIMITED,Licensed,Special purpose vehicle
PROFIT HOLDINGS SPV LIMITED,08-04-2025,HISTORY LIMITED,Licensed,Special purpose vehicle
GC LP LIMITED,09-04-2025,,Licensed,Special purpose vehicle
GLOBAL HEALTH INVESTMENTS HOLDINGS LIMITED,09-04-2025,M-HQ LTD,Licensed,Special purpose vehicle
H7X HOLDING LIMITED,09-04-2025,CROWE MAK LLP,Licensed,Special purpose vehicle
WAREED.AI HOLDINGS LIMITED,09-04-2025,CLARA FORMATIONS LIMITED,Licensed,Special purpose vehicle
FS SPV LIMITED,09-04-2025,HISTORY LIMITED,Licensed,Special purpose vehicle
ADNOC TURKMENISTAN RSC LIMITED,10-04-2025,,Licensed,Special purpose vehicle
GAIA SPV HOLDING RSC LIMITED,10-04-2025,WALKERS PROFESSIONAL SERVICES (MIDDLE EAST) LIMITED,Licensed,Special purpose vehicle
YOUVITAL HOLDING LIMITED,10-04-2025,KPI AHLI CHARTERED ACCOUNTANTS,Licensed,Special purpose vehicle
WAZEN HOLDINGS LIMITED,10-04-2025,ACCLIME CORPORATE SERVICES LIMITED,Licensed,Special purpose vehicle
VORTEX HOLDINGS LTD,10-04-2025,APEX CORPORATE SERVICES (ME) LTD,Licensed,Special purpose vehicle
LIFESTYLE BEVERAGE GROUP SPV LIMITED,10-04-2025,SWISS GROUP LEGAL LTD,Licensed,Special purpose vehicle
BEYOND DIVERSIFIED HOLDINGS LIMITED,10-04-2025,COUNSEL SERVICES LIMITED,Licensed,Special purpose vehicle
RXG HOLDING LIMITED,10-04-2025,CROWE MAK LLP,Licensed,Special purpose vehicle
SYSMATAC HOLDINGS LIMITED,10-04-2025,CLARA FORMATIONS LIMITED,Licensed,Special purpose vehicle
AVIGNON RESIDENCES HOLDINGS LIMITED,10-04-2025,COUNSEL SERVICES LIMITED,Licensed,Special purpose vehicle
THE NANO COMPANY HOLDINGS LTD,10-04-2025,CLARA FORMATIONS LIMITED,Licensed,Special purpose vehicle
TRUCIAL CRAFT HOLDINGS LIMITED,10-04-2025,CLARA FORMATIONS LIMITED,Licensed,Special purpose vehicle
SAFANAD HEALTHCARE MIDDLE EAST HOLDING LIMITED,10-04-2025,IQ EQ MIDDLE EAST SERVICES LIMITED,Licensed,Special purpose vehicle
QUANTUM INVESTMENT HOLDINGS LIMITED,10-04-2025,SANCTUARY CORPORATE SERVICES FZ LLC,Licensed,Special purpose vehicle
HALAPOP HOLDINGS LIMITED,10-04-2025,CLARA FORMATIONS LIMITED,Licensed,Special purpose vehicle
LILLEN RESIDENCES HOLDINGS LIMITED,10-04-2025,COUNSEL SERVICES LIMITED,Licensed,Special purpose vehicle
SEVEN SEAS HOLDINGS LIMITED,10-04-2025,GRANT THORNTON AUDIT AND ACCOUNTING LIMITED,Licensed,Special purpose vehicle
JOLAN HOLDING LIMITED,11-04-2025,CROWE MAK LLP,Licensed,Special purpose vehicle
VESPERA INVESTMENT HOLDINGS LIMITED,11-04-2025,COUNSEL SERVICES LIMITED,Licensed,Special purpose vehicle
DORADO INVESTMENT HOLDINGS LIMITED,13-04-2025,COUNSEL SERVICES LIMITED,Licensed,Special purpose vehicle
CHIMPE 1 ALPHA SPV RSC LTD,14-04-2025,CROWE MAK LLP,Licensed,Special purpose vehicle
CHIMPE 1 BETA SPV RSC LTD,14-04-2025,CROWE MAK LLP,Licensed,Special purpose vehicle
CHIMPE 1 GAMMA SPV RSC LTD,14-04-2025,CROWE MAK LLP,Licensed,Special purpose vehicle
PLATINUM ORBIT A 2025 RSC LIMITED,14-04-2025,,Licensed,Special purpose vehicle
CARBON FIRST HOLDING LIMITED,14-04-2025,MABA CORPORATE SERVICES LIMITED,Licensed,Special purpose vehicle
LUNATE AZES SPV LTD,14-04-2025,,Licensed,Special purpose vehicle
LUNATE AZBL SPV LTD,14-04-2025,,Licensed,Special purpose vehicle
ELEVEN 23 HOLDINGS LIMITED,14-04-2025,CLARA FORMATIONS LIMITED,Licensed,Special purpose vehicle
BG INVEST HOLDINGS  LIMITED,14-04-2025,CSP GROUP LTD,Licensed,Special purpose vehicle
KARM GROUP HOLDING LIMITED,14-04-2025,10 LEAVES LIMITED,Licensed,Special purpose vehicle
TRUSSPOINT HOLDINGS LTD,14-04-2025,J. AWAN & PARTNERS LIMITED,Licensed,Special purpose vehicle
BLOCK DIGITAL ASSET HOLDINGS LIMITED,14-04-2025,ARGENTUM LAW LTD,Licensed,Special purpose vehicle
KS FOUNDATION,14-04-2025,CLARA FORMATIONS LIMITED,Licensed,Foundation
SYMBOL 8 FOUNDATION,14-04-2025,MABA CORPORATE SERVICES LIMITED,Licensed,Foundation
PRANAM FOUNDATION,14-04-2025,JTC CORPORATE SERVICES (DIFC) LIMITED,Licensed,Foundation
GRIDORA HOLDING RSC LIMITED,15-04-2025,CROWE MAK LLP,Licensed,Special purpose vehicle
GSIQ GLOBAL HOLDING LIMITED,15-04-2025,ROSEMONT PARTNERS CORPORATE SERVICES LIMITED,Licensed,Special purpose vehicle
THG TABBAA GROUP HOLDINGS LIMITED,15-04-2025,CLARA FORMATIONS LIMITED,Licensed,Special purpose vehicle
SMART PROPERTY INVESTMENTS HOLDINGS LTD,15-04-2025,ROSEMONT PARTNERS CORPORATE SERVICES LIMITED,Licensed,Special purpose vehicle
CRIMSON VILLE SPV LIMITED,15-04-2025,MABA CORPORATE SERVICES LIMITED,Licensed,Special purpose vehicle
OPAL OASIS SPV LIMITED,15-04-2025,MABA CORPORATE SERVICES LIMITED,Licensed,Special purpose vehicle
PACIFIC PINE SPV LIMITED,15-04-2025,MABA CORPORATE SERVICES LIMITED,Licensed,Special purpose vehicle
ODA HOLDINGS LIMITED,15-04-2025,ROSEMONT PARTNERS CORPORATE SERVICES LIMITED,Licensed,Special purpose vehicle
SAFANAD EDUCATION MIDDLE EAST HOLDING LIMITED,15-04-2025,IQ EQ MIDDLE EAST SERVICES LIMITED,Licensed,Special purpose vehicle
DEEM HOLDING LIMITED,15-04-2025,AL TAMIMI & CO. CORPORATE SERVICES LIMITED,Licensed,Special purpose vehicle
FJJ HOLDING LTD,15-04-2025,STROLLA LLP,Licensed,Special purpose vehicle
SAFANAD INDUSTRIALS MIDDLE EAST HOLDING LIMITED,15-04-2025,IQ EQ MIDDLE EAST SERVICES LIMITED,Licensed,Special purpose vehicle
COMPANY A HOLDINGS LIMITED,15-04-2025,CLARA FORMATIONS LIMITED,Licensed,Special purpose vehicle
NUTRINEST HOLDINGS LIMITED,15-04-2025,MOORE JFC LIMITED,Licensed,Special purpose vehicle
VANTAGEBRIDGE PARTNERS HOLDINGS LIMITED,15-04-2025,M-HQ LTD,Licensed,Special purpose vehicle
DONAERI INVESTMENT SPV RSC LTD,16-04-2025,ASSISS LTD,Licensed,Special purpose vehicle
MANAV ENERGY HOLDING LIMITED,16-04-2025,10 LEAVES LIMITED,Licensed,Special purpose vehicle
JUBAILI GROUP LAT HOLDINGS LIMITED,16-04-2025,CLARA FORMATIONS LIMITED,Licensed,Special purpose vehicle
DONAERI O&G LTD,16-04-2025,ASSISS LTD,Licensed,Special purpose vehicle
CFI AM HOLDING LTD,16-04-2025,COUNSEL SERVICES LIMITED,Licensed,Special purpose vehicle
SMITH & PARTNERS HOLDINGS LIMITED,16-04-2025,KALANTAR BUSINESS LAW GROUP LTD,Licensed,Special purpose vehicle
CYRA INVESTMENT HOLDING RSC LTD,17-04-2025,KPI AHLI CHARTERED ACCOUNTANTS,Licensed,Special purpose vehicle
DONAERI FOODSTUFF SPV RSC LTD,17-04-2025,ASSISS LTD,Licensed,Special purpose vehicle
AL SHARQIA INVESTMENT RSC LTD,17-04-2025,,Licensed,Special purpose vehicle
SIRAJ HOLDING RSC LTD,17-04-2025,,Licensed,Special purpose vehicle
ROYAL ASSCHER DIAMOND INVESTMENT HOLDING LIMITED,17-04-2025,SOVEREIGN CORPORATE SERVICES ME LIMITED,Licensed,Special purpose vehicle
PALM HILLS NORTH JUBAIL HOLDING LIMITED,17-04-2025,OCORIAN CORPORATE SERVICES (ME) LIMITED,Licensed,Special purpose vehicle
PHOENIX HOLDINGS LIMITED,17-04-2025,ELNAGGAR & PARTNERS LIMITED,Licensed,Special purpose vehicle
ATHEAL HOLDINGS LIMITED,17-04-2025,CLARA FORMATIONS LIMITED,Licensed,Special purpose vehicle
HMH FOUNDATION,17-04-2025,RAD CORPORATE SERVICES LIMITED,Licensed,Foundation
OASIS II INVESTMENT HOLDING LIMITED,18-04-2025,ACCLIME CORPORATE SERVICES LIMITED,Licensed,Special purpose vehicle
AXIGHT PARTNERS EIP (GP) SPV LTD,18-04-2025,,Licensed,Special purpose vehicle
LUNATE OTS 1 SPV LTD,18-04-2025,,Licensed,Special purpose vehicle
CHAULIN ESTATES FOUNDATION,18-04-2025,CLARA FORMATIONS LIMITED,Licensed,Foundation
ABDA FOUNDATION,18-04-2025,M-HQ LTD,Licensed,Foundation
DAIRA HOLDING LTD,21-04-2025,IDARAH CORPORATE LIMITED,Licensed,Special purpose vehicle
NV HOLDINGS LIMITED,21-04-2025,CSP GROUP LTD,Licensed,Special purpose vehicle
NEO LOGTECH HOLDINGS LIMITED,21-04-2025,CLARA FORMATIONS LIMITED,Licensed,Special purpose vehicle
YELLOWFIN VENTURE FUND I GP LTD,21-04-2025,10 LEAVES LIMITED,Licensed,Special purpose vehicle
MJK SPV LTD,21-04-2025,MABA CORPORATE SERVICES LIMITED,Licensed,Special purpose vehicle
IMPERIAL ONE HOLDING LIMITED,21-04-2025,,Licensed,Special purpose vehicle
IMPERIAL TWO HOLDING LIMITED,21-04-2025,,Licensed,Special purpose vehicle
Q COIN LTD,21-04-2025,,Licensed,Special purpose vehicle
INNOVATION FOUNDATION,21-04-2025,CSP GROUP LTD,Licensed,Foundation
ORION BLUE FOUNDATION,21-04-2025,ROSEMONT PARTNERS CORPORATE SERVICES LIMITED,Licensed,Foundation
ALPHABETA TRITOS SPV LIMITED,22-04-2025,AL TAMIMI & CO. CORPORATE SERVICES LIMITED,Licensed,Special purpose vehicle
NADOME HOLDING LIMITED,22-04-2025,MABA CORPORATE SERVICES LIMITED,Licensed,Special purpose vehicle
ENERGLOBIX HOLDINGS LIMITED,22-04-2025,CLARA FORMATIONS LIMITED,Licensed,Special purpose vehicle
PURE HEALTH CAPITAL GREECE 1 SPV LTD,22-04-2025,WALKERS PROFESSIONAL SERVICES (MIDDLE EAST) LIMITED,Licensed,Special purpose vehicle
ESS TECH HOLDINGS LIMITED,22-04-2025,CLARA FORMATIONS LIMITED,Licensed,Special purpose vehicle
LUNATE OTS 2 SPV LTD,22-04-2025,,Licensed,Special purpose vehicle
ACL HOLDING RSC LTD,23-04-2025,OCORIAN CORPORATE SERVICES (ME) LIMITED,Licensed,Special purpose vehicle
SEVEN HOUSE HOLDING LIMITED,23-04-2025,KPI AHLI CHARTERED ACCOUNTANTS,Licensed,Special purpose vehicle
OUT LOOK HOLDINGS LIMITED,24-04-2025,,Licensed,Special purpose vehicle
AMOS GLOBAL HOLDINGS LTD,24-04-2025,CSP GROUP LTD,Licensed,Special purpose vehicle
MOUNT KILIMANJARO HOLDINGS LIMITED,24-04-2025,VISTRA (MIDDLE EAST) LTD,Licensed,Special purpose vehicle
COCREATE GLOBAL HOLDINGS LIMITED,24-04-2025,MOORE JFC LIMITED,Licensed,Special purpose vehicle
THEMIS DEVELOPMENTS SPV LIMITED,24-04-2025,AL TAMIMI & CO. CORPORATE SERVICES LIMITED,Licensed,Special purpose vehicle
KCH HOLDING COMPANY LIMITED,24-04-2025,WALKERS PROFESSIONAL SERVICES (MIDDLE EAST) LIMITED,Licensed,Special purpose vehicle
ELEVATE HOSPITALITY HOLDINGS LTD,24-04-2025,WALKERS PROFESSIONAL SERVICES (MIDDLE EAST) LIMITED,Licensed,Special purpose vehicle
OM FOUNDATION,24-04-2025,KPI AHLI CHARTERED ACCOUNTANTS,Licensed,Foundation
TLT1 INVESTMENT SPV RSC LTD,25-04-2025,CROWE MAK LLP,Licensed,Special purpose vehicle
GIGACAPITAL GS SPV LTD,25-04-2025,BANKS LEGAL LIMITED,Licensed,Special purpose vehicle
OPYMA HOLDINGS LIMITED,25-04-2025,M-HQ LTD,Licensed,Special purpose vehicle
KAIROS POWER HOLDING LTD,27-04-2025,ELNAGGAR & PARTNERS LIMITED,Licensed,Special purpose vehicle
VELA ENERGY HOLDING LTD,27-04-2025,ELNAGGAR & PARTNERS LIMITED,Licensed,Special purpose vehicle
ATM WEALTH FOUNDATION,27-04-2025,MABA CORPORATE SERVICES LIMITED,Licensed,Foundation
ADVANCED HOLDING COMPANY LIMITED,28-04-2025,WALKERS PROFESSIONAL SERVICES (MIDDLE EAST) LIMITED,Licensed,Special purpose vehicle
TECHNICAL GLASS AND ALUMINIUM SPV LIMITED,28-04-2025,ACCLIME CORPORATE SERVICES LIMITED,Licensed,Special purpose vehicle
LQDX HOLDINGS LTD,28-04-2025,M-HQ LTD,Licensed,Special purpose vehicle
NOUR NOUF HOLDINGS LIMITED,28-04-2025,IQ EQ MIDDLE EAST SERVICES LIMITED,Licensed,Special purpose vehicle
NEOVATE HOLDINGS LIMITED,28-04-2025,CLARA FORMATIONS LIMITED,Licensed,Special purpose vehicle
D1 HOLDINGS LIMITED,28-04-2025,SOVEREIGN CORPORATE SERVICES ME LIMITED,Licensed,Special purpose vehicle
VEDANTA HOLDINGS LIMITED,28-04-2025,SANCTUARY CORPORATE SERVICES FZ LLC,Licensed,Special purpose vehicle
FINEXITY SPV HOLDINGS LIMITED,28-04-2025,CLARA FORMATIONS LIMITED,Licensed,Special purpose vehicle
INFINITY HOLDINGS SPV LIMITED,28-04-2025,MABA CORPORATE SERVICES LIMITED,Licensed,Special purpose vehicle
HALE HOLDING RSC LTD,28-04-2025,,Licensed,Special purpose vehicle
LAGOONS HOLDING RSC LTD,28-04-2025,,Licensed,Special purpose vehicle
RAMHAN ONE HOLDING RSC LTD,28-04-2025,,Licensed,Special purpose vehicle
SAADIYAT BEACH HOLDING RSC LTD,28-04-2025,,Licensed,Special purpose vehicle
ZEPHRON HOLDING FOUNDATION,28-04-2025,ELNAGGAR & PARTNERS LIMITED,Licensed,Foundation
ASJN FOUNDATION,28-04-2025,PRAXISIFM TRUST LIMITED,Licensed,Foundation
MWM GROUP HOLDINGS LIMITED,29-04-2025,CSP GROUP LTD,Licensed,Special purpose vehicle
EAST & WEST PROPERTIES 2 SPV LIMITED,29-04-2025,CLYDE SERVICES LIMITED,Licensed,Special purpose vehicle
EAST & WEST PROPERTIES 3 SPV LIMITED,29-04-2025,CLYDE SERVICES LIMITED,Licensed,Special purpose vehicle
JACOBS MEDIA HOLDINGS LIMITED,29-04-2025,COUNSEL SERVICES LIMITED,Licensed,Special purpose vehicle
BITWYRE GLOBAL HOLDINGS LIMITED,29-04-2025,CLARA FORMATIONS LIMITED,Licensed,Special purpose vehicle
KRISHNA INVESTMENT HOLDINGS LIMITED,29-04-2025,CLARA FORMATIONS LIMITED,Licensed,Special purpose vehicle
42'74' HOLDING LIMITED,29-04-2025,HISTORY LIMITED,Licensed,Special purpose vehicle
FARUKI FOUNDATION,29-04-2025,10 LEAVES LIMITED,Licensed,Foundation
CELESTIAL FOUNDATION,29-04-2025,10 LEAVES LIMITED,Licensed,Foundation
MODERN GLOBAL HOTEL SUPPLIES HOLDING LTD,30-04-2025,10 LEAVES LIMITED,Licensed,Special purpose vehicle
CORALIS INVESTMENTS HOLDINGS LIMITED,30-04-2025,COUNSEL SERVICES LIMITED,Licensed,Special purpose vehicle
MARIS INVESTMENTS HOLDINGS LIMITED,30-04-2025,COUNSEL SERVICES LIMITED,Licensed,Special purpose vehicle
NEMAX 102 HOLDINGS LIMITED,30-04-2025,CLARA FORMATIONS LIMITED,Licensed,Special purpose vehicle
LUNATE HOLDING OTS 1 SPV LTD,30-04-2025,,Licensed,Special purpose vehicle
LUNATE HOLDING OTS 2 SPV LTD,30-04-2025,,Licensed,Special purpose vehicle
ENEO HOLDING LIMITED,30-04-2025,HISTORY LIMITED,Licensed,Special purpose vehicle
SSS FOUNDATION,30-04-2025,KPI AHLI CHARTERED ACCOUNTANTS,Licensed,Foundation
INTERNATRADE DEVELOPMENT HOLDING COMPANY LIMITED,01-05-2025,CLARA FORMATIONS LIMITED,Licensed,Special purpose vehicle
TALENT STAR HOLDING LTD,01-05-2025,ACCLIME CORPORATE SERVICES LIMITED,Licensed,Special purpose vehicle
RECORDS MARINE IP HOLDINGS LTD,01-05-2025,ROSEMONT PARTNERS CORPORATE SERVICES LIMITED,Licensed,Special purpose vehicle
NEMAX 101 HOLDING LTD,01-05-2025,ROSEMONT PARTNERS CORPORATE SERVICES LIMITED,Licensed,Special purpose vehicle
ABEER STRATEGIC HOLDING LIMITED,01-05-2025,MABA CORPORATE SERVICES LIMITED,Licensed,Special purpose vehicle
CERES DIGITAL HOLDING LIMITED,01-05-2025,MABA CORPORATE SERVICES LIMITED,Licensed,Special purpose vehicle
BLUEREEF HOLDINGS LIMITED,01-05-2025,INP IBRAHIM N PARTNERS LEGAL CONSULTANCY LTD,Licensed,Special purpose vehicle
APEX STRATEGIC HOLDING LIMITED,01-05-2025,MABA CORPORATE SERVICES LIMITED,Licensed,Special purpose vehicle
STC FOUNDATION,01-05-2025,ASSISS LTD,Licensed,Foundation
TRITON I GPGP SPV LTD,02-05-2025,WALKERS PROFESSIONAL SERVICES (MIDDLE EAST) LIMITED,Licensed,Special purpose vehicle
CLYMB AI HOLDINGS LIMITED,02-05-2025,CLARA FORMATIONS LIMITED,Licensed,Special purpose vehicle
BLOCKPEER HOLDINGS LIMITED,02-05-2025,CLARA FORMATIONS LIMITED,Licensed,Special purpose vehicle
DORADO RESIDENCE HOLDINGS LIMITED,02-05-2025,COUNSEL SERVICES LIMITED,Licensed,Special purpose vehicle
VESPERA RESIDENCE HOLDINGS LIMITED,02-05-2025,COUNSEL SERVICES LIMITED,Licensed,Special purpose vehicle
ASHTA VENTURE HOLDINGS LIMITED,02-05-2025,CLARA FORMATIONS LIMITED,Licensed,Special purpose vehicle
WATERSTONE HOLDING SPV LTD,02-05-2025,ELNAGGAR & PARTNERS LIMITED,Licensed,Special purpose vehicle
DELTA FUTURE GP LIMITED,02-05-2025,,Licensed,Special purpose vehicle
HAMMAD AL HARAZEEN HOLDINGS LIMITED,02-05-2025,CLYDE SERVICES LIMITED,Licensed,Special purpose vehicle
DISRUPT CAPITAL SPV LTD,02-05-2025,WALKERS PROFESSIONAL SERVICES (MIDDLE EAST) LIMITED,Licensed,Special purpose vehicle
DISRUPT CAPITAL W3 SPV LTD,02-05-2025,WALKERS PROFESSIONAL SERVICES (MIDDLE EAST) LIMITED,Licensed,Special purpose vehicle
DISRUPT VENTURE BUILDER SPV LTD,02-05-2025,WALKERS PROFESSIONAL SERVICES (MIDDLE EAST) LIMITED,Licensed,Special purpose vehicle
LAYSUN HOLDING LIMITED,05-05-2025,CSP GROUP LTD,Licensed,Special purpose vehicle
MORCHID HOLDING LIMITED,05-05-2025,EQUUS CORPORATE LIMITED,Licensed,Special purpose vehicle
JANUS DIGITAL GLOBAL HOLDING LIMITED,05-05-2025,CLARA FORMATIONS LIMITED,Licensed,Special purpose vehicle
LUMINA INVESTMENTS HOLDINGS LIMITED,05-05-2025,COUNSEL SERVICES LIMITED,Licensed,Special purpose vehicle
VELORA INVESTMENTS HOLDINGS LIMITED,05-05-2025,COUNSEL SERVICES LIMITED,Licensed,Special purpose vehicle
CROSSWIND CAPITAL SELF STORAGE FUND I GP LIMITED,05-05-2025,,Licensed,Special purpose vehicle
CROSSWIND CAPITAL SELF STORAGE FUND CARRY FUND I LIMITED,05-05-2025,,Licensed,Special purpose vehicle
OWS MENA HOLDINGS LTD,05-05-2025,AL TAMIMI & CO. CORPORATE SERVICES LIMITED,Licensed,Special purpose vehicle
SOLIS HOLDING RSC LTD,05-05-2025,ACCLIME CORPORATE SERVICES LIMITED,Licensed,Special purpose vehicle
THE INFINITY FOUNDATION,05-05-2025,ROSEMONT PARTNERS CORPORATE SERVICES LIMITED,Licensed,Foundation
THE ARK FOUNDATION,05-05-2025,ROSEMONT PARTNERS CORPORATE SERVICES LIMITED,Licensed,Foundation
THE ONYX FOUNDATION,05-05-2025,ROSEMONT PARTNERS CORPORATE SERVICES LIMITED,Licensed,Foundation
INTEGRITY FOUNDATION,05-05-2025,ROSEMONT PARTNERS CORPORATE SERVICES LIMITED,Licensed,Foundation
ARDENZA INVESTMENTS RSC LTD,06-05-2025,,Licensed,Special purpose vehicle
PROKORE ONE HOLDINGS LTD,06-05-2025,CROWE MAK LLP,Licensed,Special purpose vehicle
KAIROS ENGINEERING SOLUTIONS HOLDING LTD,06-05-2025,ELNAGGAR & PARTNERS LIMITED,Licensed,Special purpose vehicle
ONETEN INVESTMENTS HOLDING LIMITED,06-05-2025,J. AWAN & PARTNERS LIMITED,Licensed,Special purpose vehicle
NUAFEEDS SPV HOLDINGS LTD,06-05-2025,MOORE JFC LIMITED,Licensed,Special purpose vehicle
LUNARA INVESTMENTS HOLDINGS LIMITED,06-05-2025,COUNSEL SERVICES LIMITED,Licensed,Special purpose vehicle
ACQUARA HOLDING LIMITED,07-05-2025,MOORE JFC LIMITED,Licensed,Special purpose vehicle
RLJ HOLDING LTD,07-05-2025,ASSISS LTD,Licensed,Special purpose vehicle
ONETEN HOLDINGS LIMITED,07-05-2025,J. AWAN & PARTNERS LIMITED,Licensed,Special purpose vehicle
RIVERSIDE HOLDING SPV LIMITED,07-05-2025,HISTORY LIMITED,Licensed,Special purpose vehicle
E POINT ZERO EUR HOLDING RSC LTD,08-05-2025,CROWE MAK LLP,Licensed,Special purpose vehicle
GRX HEALTHCARE HOLDINGS LTD,08-05-2025,SANCTUARY CORPORATE SERVICES FZ LLC,Licensed,Special purpose vehicle
PHOTON HOLDING LIMITED,08-05-2025,EQUUS CORPORATE LIMITED,Licensed,Special purpose vehicle
WOOHOO HOLDING LTD,08-05-2025,EQUUS CORPORATE LIMITED,Licensed,Special purpose vehicle
GENTWO HOLDING RSC LTD,08-05-2025,ASSISS LTD,Licensed,Special purpose vehicle
KAPOOR WEALTH PARTNERS HOLDING COMPANY LIMITED,09-05-2025,CLARA FORMATIONS LIMITED,Licensed,Special purpose vehicle
SAAS BLUE HOLDING LTD,09-05-2025,ASSISS LTD,Licensed,Special purpose vehicle
SEMNANI FOUNDATION,09-05-2025,CROWE MAK LLP,Licensed,Foundation
ADHDS ENTERPRISE HOLDINGS RSC LTD,12-05-2025,,Licensed,Special purpose vehicle
EDGEN HOLDINGS LIMITED,12-05-2025,M-HQ LTD,Licensed,Special purpose vehicle
FERLOW GROUP HOLDINGS LIMITED,12-05-2025,CLARA FORMATIONS LIMITED,Licensed,Special purpose vehicle
MAMABELLA HOLDING LTD,12-05-2025,EQUUS CORPORATE LIMITED,Licensed,Special purpose vehicle
INTERNET DIGITAL HOLDINGS LIMITED,12-05-2025,GRIFFIN CORPORATE SERVICES LTD,Licensed,Special purpose vehicle
OAKWOOD HOLDINGS LIMITED,12-05-2025,MABA CORPORATE SERVICES LIMITED,Licensed,Special purpose vehicle
WUSOOM ASSETS 2 HOLDING RSC LTD,12-05-2025,,Licensed,Special purpose vehicle
THE ROEBUCK FOUNDATION,12-05-2025,RAD CORPORATE SERVICES LIMITED,Licensed,Foundation
ARYAM INVESTMENT 2 SPV RSC LTD,13-05-2025,ASSISS LTD,Licensed,Special purpose vehicle
AUREFIDE INVESTMENT HOLDING RSC LTD,13-05-2025,CROWE MAK LLP,Licensed,Special purpose vehicle
ARGAN GLOBAL SPV 1 LTD,13-05-2025,,Licensed,Special purpose vehicle
AL MARYAH PROPERTIES 6 SPV LTD,13-05-2025,CLARA FORMATIONS LIMITED,Licensed,Special purpose vehicle
AL MARYAH PROPERTIES 8 SPV LTD,13-05-2025,CLARA FORMATIONS LIMITED,Licensed,Special purpose vehicle
AL MARYAH PROPERTIES 9 SPV LTD,13-05-2025,CLARA FORMATIONS LIMITED,Licensed,Special purpose vehicle
FALCON BEVERAGES HOLDINGS LIMITED,13-05-2025,CLARA FORMATIONS LIMITED,Licensed,Special purpose vehicle
E POINT ZERO BKN HOLDING RSC LTD,14-05-2025,CROWE MAK LLP,Licensed,Special purpose vehicle
MONVAREX HOLDING RSC LTD,14-05-2025,CROWE MAK LLP,Licensed,Special purpose vehicle
ODDEATS HOLDINGS LIMITED,14-05-2025,CLARA FORMATIONS LIMITED,Licensed,Special purpose vehicle
ZYLO HOLDINGS LIMITED,14-05-2025,CLARA FORMATIONS LIMITED,Licensed,Special purpose vehicle
PLUG & GO HOLDINGS LIMITED,14-05-2025,CLARA FORMATIONS LIMITED,Licensed,Special purpose vehicle
VERDANT HOLDINGS LIMITED,14-05-2025,CLARA FORMATIONS LIMITED,Licensed,Special purpose vehicle
SMI HOLDING LIMITED,14-05-2025,MABA CORPORATE SERVICES LIMITED,Licensed,Special purpose vehicle
WGM HOLDINGS LIMITED,14-05-2025,CLARA FORMATIONS LIMITED,Licensed,Special purpose vehicle
FMI SPV LIMITED,14-05-2025,HISTORY LIMITED,Licensed,Special purpose vehicle
GROVE HOLDING RSC LTD,14-05-2025,,Licensed,Special purpose vehicle
PLATINUM REVERE HOLDINGS B 2002 RSC LIMITED,15-05-2025,,Licensed,Special purpose vehicle
MONVAREX ENERGY HOLDING RSC LTD,15-05-2025,CROWE MAK LLP,Licensed,Special purpose vehicle
MONVAREX BATTERY HOLDING RSC LTD,15-05-2025,CROWE MAK LLP,Licensed,Special purpose vehicle
MONVAREX NUCLEAR HOLDING RSC LTD,15-05-2025,CROWE MAK LLP,Licensed,Special purpose vehicle
MONVAREX ALUMINIUM HOLDING RSC LTD,15-05-2025,CROWE MAK LLP,Licensed,Special purpose vehicle
MONVAREX TRANSMISSION HOLDING RSC LTD,15-05-2025,CROWE MAK LLP,Licensed,Special purpose vehicle
MONVAREX REAL ESTATE HOLDING RSC LTD,15-05-2025,CROWE MAK LLP,Licensed,Special purpose vehicle
ALSHAJARA SUSTAINABLE SOLUTIONS HOLDING LIMITED,15-05-2025,CSP GROUP LTD,Licensed,Special purpose vehicle
HOUSE OF OLIBANUM SPV LIMITED,15-05-2025,HISTORY LIMITED,Licensed,Special purpose vehicle
AHSAN FOUNDATION,15-05-2025,10 LEAVES LIMITED,Licensed,Foundation
MONVAREX PROPERTIES SPV RSC LTD,16-05-2025,CROWE MAK LLP,Licensed,Special purpose vehicle
MONVAREX DEVELOPMENTS SPV RSC LTD,16-05-2025,CROWE MAK LLP,Licensed,Special purpose vehicle
LULU ALTERNATIVE INVESTMENTS HOLDINGS LTD,16-05-2025,10 LEAVES LIMITED,Licensed,Special purpose vehicle
NXT71 INVESTMENT SPV RSC LTD,17-05-2025,ASSISS LTD,Licensed,Special purpose vehicle
ELLINGTON PROPERTIES DEVELOPMENT SPV LIMITED,19-05-2025,MABA CORPORATE SERVICES LIMITED,Licensed,Special purpose vehicle
PILLARSTONE HOLDINGS LTD,19-05-2025,ADS INVESTMENT SOLUTIONS LIMITED,Licensed,Special purpose vehicle
MRA TECH HOLDING LTD,19-05-2025,CLARA FORMATIONS LIMITED,Licensed,Special purpose vehicle
CGMF HOLDINGS LIMITED,19-05-2025,CLARA FORMATIONS LIMITED,Licensed,Special purpose vehicle
DISTY HOLDINGS LIMITED,19-05-2025,CLARA FORMATIONS LIMITED,Licensed,Special purpose vehicle
SPARK INVESTMENTS RSC LTD,20-05-2025,,Licensed,Special purpose vehicle
EVARION INVESTMENT HOLDING RSC LTD,20-05-2025,CROWE MAK LLP,Licensed,Special purpose vehicle
FATAM INVESTMENT HOLDING LIMITED,20-05-2025,J. AWAN & PARTNERS LIMITED,Licensed,Special purpose vehicle
BLACKSPRINT HOLDING LIMITED,20-05-2025,MABA CORPORATE SERVICES LIMITED,Licensed,Special purpose vehicle
MEGNAS HOLDING LIMITED,20-05-2025,,Licensed,Special purpose vehicle
AYERS ROCK HOLDING LIMITED,20-05-2025,SANCTUARY CORPORATE SERVICES FZ LLC,Licensed,Special purpose vehicle
BHOMES CENTRAL HOLDINGS LIMITED,20-05-2025,CLARA FORMATIONS LIMITED,Licensed,Special purpose vehicle
IQUNA RAWDH HOLDING LIMITED,20-05-2025,CROWE MAK LLP,Licensed,Special purpose vehicle
LLTCI SPV 8 LTD,20-05-2025,,Licensed,Special purpose vehicle
SOLOMON ONE SPV LTD,20-05-2025,MABA CORPORATE SERVICES LIMITED,Licensed,Special purpose vehicle
OBBZ HOLDING LTD,20-05-2025,CLARA FORMATIONS LIMITED,Licensed,Special purpose vehicle
LANOZEY FOUNDATION,20-05-2025,ROSEMONT PARTNERS CORPORATE SERVICES LIMITED,Licensed,Foundation
TATEMA FOUNDATION,20-05-2025,10 LEAVES LIMITED,Licensed,Foundation
ARITHA FOUNDATION,20-05-2025,ROSEMONT PARTNERS CORPORATE SERVICES LIMITED,Licensed,Foundation
BEVARABIA HOLDING LIMITED,21-05-2025,CROWE MAK LLP,Licensed,Special purpose vehicle
TATWEER HOLDING LIMITED,21-05-2025,ELNAGGAR & PARTNERS LIMITED,Licensed,Special purpose vehicle
ROOM8 COMMUNITY HOLDING LIMITED,21-05-2025,ACCLIME CORPORATE SERVICES LIMITED,Licensed,Special purpose vehicle
ORKI HOLDINGS LIMITED,21-05-2025,CLARA FORMATIONS LIMITED,Licensed,Special purpose vehicle
TAF FOUNDATION,21-05-2025,M-HQ LTD,Licensed,Foundation
THE NEW AGON FOUNDATION,21-05-2025,AL TAMIMI & CO. CORPORATE SERVICES LIMITED,Licensed,Foundation
STC HOLDING RSC LTD,22-05-2025,ASSISS LTD,Licensed,Special purpose vehicle
REX INVEST HOLDING LTD,22-05-2025,ELNAGGAR & PARTNERS LIMITED,Licensed,Special purpose vehicle
OBEROI FAMILY HOLDINGS LIMITED,22-05-2025,CLARA FORMATIONS LIMITED,Licensed,Special purpose vehicle
NOOR HOLDING LIMITED,22-05-2025,CROWE MAK LLP,Licensed,Special purpose vehicle
DIVERSIFIED VENTURE HOLDING SPV LIMITED,22-05-2025,CLYDE SERVICES LIMITED,Licensed,Special purpose vehicle
D ONE HOLDING LIMITED,22-05-2025,CROWE MAK LLP,Licensed,Special purpose vehicle
CLASSY GAMES STUDIOS HOLDINGS LIMITED,22-05-2025,CLARA FORMATIONS LIMITED,Licensed,Special purpose vehicle
LBCP HOLDINGS LIMITED,22-05-2025,CLARA FORMATIONS LIMITED,Licensed,Special purpose vehicle
STRATEGIC TRANSPORT HOLDING LTD,22-05-2025,STROLLA LLP,Licensed,Special purpose vehicle
JOY DAPP SPV LTD,22-05-2025,ELNAGGAR & PARTNERS LIMITED,Licensed,Special purpose vehicle
ACLB HOLDING RSC LTD,23-05-2025,OCORIAN CORPORATE SERVICES (ME) LIMITED,Licensed,Special purpose vehicle
HALBRIDGE HOLDING RSC LTD,23-05-2025,ASSISS LTD,Licensed,Special purpose vehicle
FERA DUNE HOLDING RSC LTD,23-05-2025,ASSISS LTD,Licensed,Special purpose vehicle
PRESIGHT SHOROOQ FUND I GP LTD,23-05-2025,CLARA FORMATIONS LIMITED,Licensed,Special purpose vehicle
AV MC SPV LIMITED,23-05-2025,AL TAMIMI & CO. CORPORATE SERVICES LIMITED,Licensed,Special purpose vehicle
CARMELYDE HOLDING LTD,23-05-2025,PRAXISIFM TRUST LIMITED,Licensed,Special purpose vehicle
Q PARTNERS HOLDING LIMITED,23-05-2025,ACCLIME CORPORATE SERVICES LIMITED,Licensed,Special purpose vehicle
ND INVESTMENTS HOLDING LIMITED,23-05-2025,STROLLA LLP,Licensed,Special purpose vehicle
GENESIS SPV LIMITED,23-05-2025,MABA CORPORATE SERVICES LIMITED,Licensed,Special purpose vehicle
AL WASMI HOLDING LIMITED,23-05-2025,CLYDE SERVICES LIMITED,Licensed,Special purpose vehicle
NURVIA HOLDING LIMITED,23-05-2025,MABA CORPORATE SERVICES LIMITED,Licensed,Special purpose vehicle
NOLVIA HOLDINGS LIMITED,23-05-2025,AL TAMIMI & CO. CORPORATE SERVICES LIMITED,Licensed,Special purpose vehicle
LINCOMB FOUNDATION,23-05-2025,SANCTUARY CORPORATE SERVICES FZ LLC,Licensed,Foundation
BAMBUYU HOLDINGS LIMITED,26-05-2025,CLARA FORMATIONS LIMITED,Licensed,Special purpose vehicle
AL LAMA HOLDING LIMITED,26-05-2025,EQUUS CORPORATE LIMITED,Licensed,Special purpose vehicle
MONTRA INVESTMENT HOLDING LIMITED,26-05-2025,AL TAMIMI & CO. CORPORATE SERVICES LIMITED,Licensed,Special purpose vehicle
TAU CARRY GP SPV LTD,26-05-2025,HISTORY LIMITED,Licensed,Special purpose vehicle
UNBOUNDED HOLDINGS LIMITED,26-05-2025,CLARA FORMATIONS LIMITED,Licensed,Special purpose vehicle
APPAREL FMCG HOLDINGS LIMITED,26-05-2025,10 LEAVES LIMITED,Licensed,Special purpose vehicle
THE WILD GROUP PARTNERS HOLDINGS LIMITED,26-05-2025,CLARA FORMATIONS LIMITED,Licensed,Special purpose vehicle
LAETUS LABORUM FOUNDATION,26-05-2025,ROSEMONT PARTNERS CORPORATE SERVICES LIMITED,Licensed,Foundation
GAITH HOLDING RSC LTD,27-05-2025,,Licensed,Special purpose vehicle
UNILABS MIDDLE EAST HOLDING LTD,27-05-2025,CSP GROUP LTD,Licensed,Special purpose vehicle
ULA GP LIMITED,27-05-2025,,Licensed,Special purpose vehicle
D3 CAPITOL SPV LIMITED,27-05-2025,CLYDE SERVICES LIMITED,Licensed,Special purpose vehicle
PJA 1 CAPITOL SPV LIMITED,27-05-2025,CLYDE SERVICES LIMITED,Licensed,Special purpose vehicle
PJA 2 CAPITOL SPV LIMITED,27-05-2025,CLYDE SERVICES LIMITED,Licensed,Special purpose vehicle
BLUE HORIZON SPV LTD,27-05-2025,ELNAGGAR & PARTNERS LIMITED,Licensed,Special purpose vehicle
EAGLE AI LABS HOLDING LIMITED,27-05-2025,COUNSEL SERVICES LIMITED,Licensed,Special purpose vehicle
ZHL HOLDING LIMITED,27-05-2025,CLARA FORMATIONS LIMITED,Licensed,Special purpose vehicle
SAWT HOLDINGS LIMITED,27-05-2025,CLARA FORMATIONS LIMITED,Licensed,Special purpose vehicle
NIPG HOLDINGS LIMITED,27-05-2025,STROLLA LLP,Licensed,Special purpose vehicle
MMP FAMILY FOUNDATION,27-05-2025,SANCTUARY CORPORATE SERVICES FZ LLC,Licensed,Foundation
DS WOUHRA FAMILY FOUNDATION,27-05-2025,SANCTUARY CORPORATE SERVICES FZ LLC,Licensed,Foundation
TRANIO 4 SPV LTD,28-05-2025,GRANT THORNTON AUDIT AND ACCOUNTING LIMITED,Licensed,Special purpose vehicle
AQUACANS HOLDINGS LIMITED,28-05-2025,ROSEMONT PARTNERS CORPORATE SERVICES LIMITED,Licensed,Special purpose vehicle
OYLZ TERMINALS HOLDINGS LIMITED,28-05-2025,CLARA FORMATIONS LIMITED,Licensed,Special purpose vehicle
REDKEEP HOLDING LTD,28-05-2025,AL TAMIMI & CO. CORPORATE SERVICES LIMITED,Licensed,Special purpose vehicle
MSBD HOLDING LIMITED,28-05-2025,CLYDE SERVICES LIMITED,Licensed,Special purpose vehicle
AURANGE HOLDINGS LIMITED,28-05-2025,EQUUS CORPORATE LIMITED,Licensed,Special purpose vehicle
SHOPPING GATE HOLDINGS LIMITED,28-05-2025,WALKERS PROFESSIONAL SERVICES (MIDDLE EAST) LIMITED,Licensed,Special purpose vehicle
BLUE OCEAN FOUNDATION,28-05-2025,10 LEAVES LIMITED,Licensed,Foundation
ASTON GRANGE FOUNDATION,28-05-2025,SANCTUARY CORPORATE SERVICES FZ LLC,Licensed,Foundation
DITYAH INVESTMENT HOLDING LIMITED,29-05-2025,IDARAH CORPORATE LIMITED,Licensed,Special purpose vehicle
VICTORY SPV LIMITED,29-05-2025,CSP GROUP LTD,Licensed,Special purpose vehicle
FUTURATE HOLDING LTD,29-05-2025,IDARAH CORPORATE LIMITED,Licensed,Special purpose vehicle
BOUBYAN VENTURES HOLDING LTD,29-05-2025,STROLLA LLP,Licensed,Special purpose vehicle
ZENITH GLOBAL HOLDINGS LIMITED,29-05-2025,INTERTRUST (MIDDLE EAST) LTD,Licensed,Special purpose vehicle
PLAN B SPV LIMITED,29-05-2025,SOVEREIGN CORPORATE SERVICES ME LIMITED,Licensed,Special purpose vehicle
TGAC HOLDING SPV LIMITED,29-05-2025,ACCLIME CORPORATE SERVICES LIMITED,Licensed,Special purpose vehicle
RIQ HOLDING RSC LTD,30-05-2025,CROWE MAK LLP,Licensed,Special purpose vehicle
ISKANDAR (HOLDINGS) COMPANY LTD,30-05-2025,ROSEMONT PARTNERS CORPORATE SERVICES LIMITED,Licensed,Special purpose vehicle
TARA SPV LIMITED,02-06-2025,SOVEREIGN CORPORATE SERVICES ME LIMITED,Licensed,Special purpose vehicle
DP CLEANTECH PROPERTY HOLDINGS LTD,02-06-2025,ROSEMONT PARTNERS CORPORATE SERVICES LIMITED,Licensed,Special purpose vehicle
ISOLUTION HOLDING LTD,02-06-2025,SOVEREIGN CORPORATE SERVICES ME LIMITED,Licensed,Special purpose vehicle
MAWARID IP HOLDING LIMITED,02-06-2025,ASSISS LTD,Licensed,Special purpose vehicle
WIDEBOT ANGELS SPV HOLDING LTD,02-06-2025,CLARA FORMATIONS LIMITED,Licensed,Special purpose vehicle
BUSET ASSET HOLDING GP LTD,02-06-2025,APEX CORPORATE SERVICES (ME) LTD,Licensed,Special purpose vehicle
WARD FOUNDATION,02-06-2025,GRANT THORNTON AUDIT AND ACCOUNTING LIMITED,Licensed,Foundation
B&M PAVEL FAMILY FOUNDATION,02-06-2025,ROSEMONT PARTNERS CORPORATE SERVICES LIMITED,Licensed,Foundation
GAMEIN HOLDINGS LIMITED,03-06-2025,CLARA FORMATIONS LIMITED,Licensed,Special purpose vehicle
RAM HOLDING LTD,03-06-2025,PRAXISIFM TRUST LIMITED,Licensed,Special purpose vehicle
HYENA HON HOLDINGS LIMITED,03-06-2025,CLARA FORMATIONS LIMITED,Licensed,Special purpose vehicle
AAM PROPERTIES HOLDING LIMITED,03-06-2025,ASSISS LTD,Licensed,Special purpose vehicle
BLUE WATERS SPV LIMITED,03-06-2025,ASSISS LTD,Licensed,Special purpose vehicle
SHEBA JOY HOLDINGS LIMITED,03-06-2025,CLARA FORMATIONS LIMITED,Licensed,Special purpose vehicle
STORM LANTERN HOLDING LIMITED,03-06-2025,SANCTUARY CORPORATE SERVICES FZ LLC,Licensed,Special purpose vehicle
MERGERSPLUS MIDDLE EAST HOLDING LIMITED,03-06-2025,HISTORY LIMITED,Licensed,Special purpose vehicle
STRINGZ HOLDING RSC LTD,04-06-2025,ASSISS LTD,Licensed,Special purpose vehicle
THEEN HOLDING RSC LTD,04-06-2025,ASSISS LTD,Licensed,Special purpose vehicle
UQOUD HOLDINGS LIMITED,04-06-2025,CLARA FORMATIONS LIMITED,Licensed,Special purpose vehicle
AUTOMECH GROUP HOLDING LIMITED,04-06-2025,CSP GROUP LTD,Licensed,Special purpose vehicle
SYNERGY INVESTMENT HOLDINGS LIMITED,04-06-2025,CLARA FORMATIONS LIMITED,Licensed,Special purpose vehicle
ATTICUS HOLDINGS LIMITED,04-06-2025,CLARA FORMATIONS LIMITED,Licensed,Special purpose vehicle
POSEIDON 2 HOLDINGS LIMITED,04-06-2025,APEX CORPORATE SERVICES (ME) LTD,Licensed,Special purpose vehicle
BEYOND MAJESTIC HOLDINGS LTD,04-06-2025,ASSISS LTD,Licensed,Special purpose vehicle
BUNAT PETROAPP HOLDINGS LIMITED,04-06-2025,CLARA FORMATIONS LIMITED,Licensed,Special purpose vehicle
NORTH SIDE HOLDINGS LIMITED,04-06-2025,COUNSEL SERVICES LIMITED,Licensed,Special purpose vehicle
SPARK EDUCATION HOLDING LIMITED,04-06-2025,IQ EQ MIDDLE EAST SERVICES LIMITED,Licensed,Special purpose vehicle
REDKEEP PROPERTIES HOLDING LIMITED,04-06-2025,AL TAMIMI & CO. CORPORATE SERVICES LIMITED,Licensed,Special purpose vehicle
REDKEEP INVESTMENTS HOLDING LIMITED,04-06-2025,AL TAMIMI & CO. CORPORATE SERVICES LIMITED,Licensed,Special purpose vehicle
IMM ENTERPRISES HOLDINGS LTD,04-06-2025,EQUUS CORPORATE LIMITED,Licensed,Special purpose vehicle
HMH HOLDING LTD,04-06-2025,RAD CORPORATE SERVICES LIMITED,Licensed,Special purpose vehicle
ADVANCIA HOLDING LIMITED,04-06-2025,ASSISS LTD,Licensed,Special purpose vehicle
AION NAVARA FOUNDATION,04-06-2025,CLARA FORMATIONS LIMITED,Licensed,Foundation
TRTL HEALTH INTERNATIONAL HEALTH AND SCIENCES TECHNOLOGY SPV LTD,07-06-2025,WALKERS PROFESSIONAL SERVICES (MIDDLE EAST) LIMITED,Licensed,Special purpose vehicle
NASQ HOLDING LTD,09-06-2025,INTERTRUST (MIDDLE EAST) LTD,Licensed,Special purpose vehicle
ARK TECH HOLDINGS LTD,09-06-2025,SANCTUARY CORPORATE SERVICES FZ LLC,Licensed,Special purpose vehicle
PRIMEX SPV LIMITED,09-06-2025,HISTORY LIMITED,Licensed,Special purpose vehicle
SW HOLDINGS SPV LTD,09-06-2025,ELNAGGAR & PARTNERS LIMITED,Licensed,Special purpose vehicle
"EDEN MIDDLE EAST HOLDINGS, LTD",09-06-2025,WALKERS PROFESSIONAL SERVICES (MIDDLE EAST) LIMITED,Licensed,Special purpose vehicle
BRICKBUY HOLDINGS LIMITED,09-06-2025,CLARA FORMATIONS LIMITED,Licensed,Special purpose vehicle
MZN HOLDING LTD,09-06-2025,STROLLA LLP,Licensed,Special purpose vehicle
APOLLO FOUNDATION,09-06-2025,RAD CORPORATE SERVICES LIMITED,Licensed,Foundation
NORTH STAR FOUNDATION,09-06-2025,10 LEAVES LIMITED,Licensed,Foundation
XSQUARE HOLDINGS LIMITED,10-06-2025,CLARA FORMATIONS LIMITED,Licensed,Special purpose vehicle
BRAU HOLDINGS LIMITED,10-06-2025,CLARA FORMATIONS LIMITED,Licensed,Special purpose vehicle
FC HOLDINGS LIMITED,10-06-2025,GRANT THORNTON AUDIT AND ACCOUNTING LIMITED,Licensed,Special purpose vehicle
SOUK NLCS HOLDINGS LIMITED,10-06-2025,CSP GROUP LTD,Licensed,Special purpose vehicle
SENECA HOLDINGS LTD,10-06-2025,ADS INVESTMENT SOLUTIONS LIMITED,Licensed,Special purpose vehicle
QUINTOREAL HOLDING LIMITED,10-06-2025,EQUUS CORPORATE LIMITED,Licensed,Special purpose vehicle
TRIBE TECHNOLOGY HOLDINGS LIMITED,10-06-2025,CLARA FORMATIONS LIMITED,Licensed,Special purpose vehicle
RYADAH HOLDINGS LTD,11-06-2025,CLARA FORMATIONS LIMITED,Licensed,Special purpose vehicle
QUARTET HOLDINGS LIMITED,11-06-2025,CLARA FORMATIONS LIMITED,Licensed,Special purpose vehicle
CLARITAS HOLDING LIMITED,11-06-2025,RAD CORPORATE SERVICES LIMITED,Licensed,Special purpose vehicle
THORIUM HOLDINGS LIMITED,11-06-2025,COUNSEL SERVICES LIMITED,Licensed,Special purpose vehicle
ARIA BALI HOLDINGS LIMITED,11-06-2025,CLARA FORMATIONS LIMITED,Licensed,Special purpose vehicle
URBANEO HOLDINGS LTD,11-06-2025,EQUUS CORPORATE LIMITED,Licensed,Special purpose vehicle
WEALTHFACE HOLDINGS LIMITED,11-06-2025,HISTORY LIMITED,Licensed,Special purpose vehicle
STARKENBERG FOUNDATION,11-06-2025,ACCLIME CORPORATE SERVICES LIMITED,Licensed,Foundation
DOUBLE EXPERIENCES SPV LTD,12-06-2025,AL TAMIMI & CO. CORPORATE SERVICES LIMITED,Licensed,Special purpose vehicle
SFM INVESTMENTS HOLDING LTD,12-06-2025,ASSISS LTD,Licensed,Special purpose vehicle
RODEO DEVELOPERS HOLDING LIMITED,13-06-2025,OCORIAN CORPORATE SERVICES (ME) LIMITED,Licensed,Special purpose vehicle
SAVANNAH PARTNERS HOLDING LIMITED,13-06-2025,OCORIAN CORPORATE SERVICES (ME) LIMITED,Licensed,Special purpose vehicle
WISAL GROUP HOLDING LTD,13-06-2025,CLARA FORMATIONS LIMITED,Licensed,Special purpose vehicle
IPNATION HOLDINGS LIMITED,13-06-2025,CLARA FORMATIONS LIMITED,Licensed,Special purpose vehicle
BUZZBUSY HOLDING LIMITED,13-06-2025,MABA CORPORATE SERVICES LIMITED,Licensed,Special purpose vehicle
ARCTIC HOLDCO SPV LTD,13-06-2025,WALKERS PROFESSIONAL SERVICES (MIDDLE EAST) LIMITED,Licensed,Special purpose vehicle
ARCTIC BIDCO SPV LTD,13-06-2025,WALKERS PROFESSIONAL SERVICES (MIDDLE EAST) LIMITED,Licensed,Special purpose vehicle
JUPITER HOLDINGS LIMITED,13-06-2025,RAD CORPORATE SERVICES LIMITED,Licensed,Special purpose vehicle
GHAF VET HOLDINGS LIMITED,13-06-2025,STROLLA LLP,Licensed,Special purpose vehicle
REEMAL SPV LIMITED,13-06-2025,STROLLA LLP,Licensed,Special purpose vehicle
DUJA HOLDING RSC LTD,13-06-2025,ACCLIME CORPORATE SERVICES LIMITED,Licensed,Special purpose vehicle
THE DHARMA FOUNDATION,13-06-2025,RAD CORPORATE SERVICES LIMITED,Licensed,Foundation
G. HOST HOLDING LIMITED,16-06-2025,CSP GROUP LTD,Licensed,Special purpose vehicle
MAGRABI HOLDCO 1 SPV LTD,16-06-2025,AL TAMIMI & CO. CORPORATE SERVICES LIMITED,Licensed,Special purpose vehicle
ORYX KRAFT MILL HOLDING LIMITED,16-06-2025,CLARA FORMATIONS LIMITED,Licensed,Special purpose vehicle
HAJ ARAFA HOLDING LIMITED,16-06-2025,GRIFFIN CORPORATE SERVICES LTD,Licensed,Special purpose vehicle
H. HOLDING FOUNDATION,16-06-2025,ACCLIME CORPORATE SERVICES LIMITED,Licensed,Foundation
PLATINUM KITE D 2025 RSC LIMITED,17-06-2025,,Licensed,Special purpose vehicle
CENTRO SYN HOLDINGS LTD,17-06-2025,ASSISS LTD,Licensed,Special purpose vehicle
ALUVAI HOLDINGS LIMITED,17-06-2025,CLARA FORMATIONS LIMITED,Licensed,Special purpose vehicle
DAFLUFFS GAMES HOLDINGS LIMITED,18-06-2025,CLARA FORMATIONS LIMITED,Licensed,Special purpose vehicle
TAU CAPITAL HOLDING LTD,18-06-2025,,Licensed,Special purpose vehicle
VISHAL HOLDING LIMITED,18-06-2025,SOVEREIGN CORPORATE SERVICES ME LIMITED,Licensed,Special purpose vehicle
O&F MC SPV LIMITED,18-06-2025,AL TAMIMI & CO. CORPORATE SERVICES LIMITED,Licensed,Special purpose vehicle
GIGACAPITAL FP SPV LTD,18-06-2025,BANKS LEGAL LIMITED,Licensed,Special purpose vehicle
PROWELL HOLDING LTD,19-06-2025,GRANT THORNTON AUDIT AND ACCOUNTING LIMITED,Licensed,Special purpose vehicle
NEW AGON PROJECT FAY HOLDING LTD,19-06-2025,AL TAMIMI & CO. CORPORATE SERVICES LIMITED,Licensed,Special purpose vehicle
NEW AGON THEMIS HOLDING LTD,19-06-2025,AL TAMIMI & CO. CORPORATE SERVICES LIMITED,Licensed,Special purpose vehicle
NEW AGON GLOBAL PARTNERS HOLDING LTD,19-06-2025,AL TAMIMI & CO. CORPORATE SERVICES LIMITED,Licensed,Special purpose vehicle
MESO HOLDING LIMITED,19-06-2025,MABA CORPORATE SERVICES LIMITED,Licensed,Special purpose vehicle
RISE77 HOLDING LIMITED,19-06-2025,,Licensed,Special purpose vehicle
BLACKSEEDS HOLDINGS LTD,20-06-2025,MABA CORPORATE SERVICES LIMITED,Licensed,Special purpose vehicle
MAGRABI HOLDCO 2 SPV LTD,20-06-2025,AL TAMIMI & CO. CORPORATE SERVICES LIMITED,Licensed,Special purpose vehicle
SOAR SPV LIMITED,20-06-2025,CLARA FORMATIONS LIMITED,Licensed,Special purpose vehicle
PULLSTREAM HOLDINGS LIMITED,20-06-2025,CLARA FORMATIONS LIMITED,Licensed,Special purpose vehicle
AMP ARTISTS HOLDINGS LIMITED,20-06-2025,CLARA FORMATIONS LIMITED,Licensed,Special purpose vehicle
LTC HOLDINGS LIMITED,20-06-2025,CLARA FORMATIONS LIMITED,Licensed,Special purpose vehicle
ASJN DB HOLDINGS LTD,20-06-2025,PRAXISIFM TRUST LIMITED,Licensed,Special purpose vehicle
FALCON CLEAR HOLDINGS LIMITED,20-06-2025,CLARA FORMATIONS LIMITED,Licensed,Special purpose vehicle
RIMAL ASSETS HOLDING RSC LTD,20-06-2025,,Licensed,Special purpose vehicle
GRAVITY ASSETS HOLDING RSC LTD,20-06-2025,,Licensed,Special purpose vehicle
DUNE 3 ASSETS HOLDING RSC LTD,20-06-2025,,Licensed,Special purpose vehicle
DUNE 4 ASSETS HOLDING RSC LTD,20-06-2025,,Licensed,Special purpose vehicle
DUNE 5 ASSETS HOLDING RSC LTD,20-06-2025,,Licensed,Special purpose vehicle
DUNE 7 ASSETS HOLDING RSC LTD,20-06-2025,,Licensed,Special purpose vehicle
DUNE 6 ASSETS HOLDING RSC LTD,20-06-2025,,Licensed,Special purpose vehicle
DUNE 8 ASSETS HOLDING RSC LTD,20-06-2025,,Licensed,Special purpose vehicle
DAR AL FAN HOLDING RSC LTD,23-06-2025,ASSISS LTD,Licensed,Special purpose vehicle
INVESTNXT HOLDING LIMITED,23-06-2025,10 LEAVES LIMITED,Licensed,Special purpose vehicle
AGILE SOLUTIONS HOLDING LTD,23-06-2025,CLARA FORMATIONS LIMITED,Licensed,Special purpose vehicle
MIDDLE EAST TUBULAR SERVICES HOLDINGS LIMITED,23-06-2025,CLYDE SERVICES LIMITED,Licensed,Special purpose vehicle
VITALIS INVESTMENTS SPV LTD,23-06-2025,SANCTUARY CORPORATE SERVICES FZ LLC,Licensed,Special purpose vehicle
AXSO SPV 2 LTD,23-06-2025,,Licensed,Special purpose vehicle
AXSO SPV 3 LTD,23-06-2025,,Licensed,Special purpose vehicle
WILLIE A&K FOUNDATION,23-06-2025,RAD CORPORATE SERVICES LIMITED,Licensed,Foundation
TRIMAXX FOUNDATION,23-06-2025,EQUUS CORPORATE LIMITED,Licensed,Foundation
SOAR CAPITAL HOLDINGS LIMITED,24-06-2025,CLARA FORMATIONS LIMITED,Licensed,Special purpose vehicle
HUMAN IN KIND HOLDING LTD,24-06-2025,ROSEMONT PARTNERS CORPORATE SERVICES LIMITED,Licensed,Special purpose vehicle
HUNIC HOLDING LTD,24-06-2025,RAD CORPORATE SERVICES LIMITED,Licensed,Special purpose vehicle
AB846 INVESTMENTS SPV LTD,24-06-2025,SANCTUARY CORPORATE SERVICES FZ LLC,Licensed,Special purpose vehicle
DOCKTOUR HOLDING PVT LTD,24-06-2025,INP IBRAHIM N PARTNERS LEGAL CONSULTANCY LTD,Licensed,Special purpose vehicle
AFUQ HOLDING LTD,24-06-2025,STROLLA LLP,Licensed,Special purpose vehicle
ZEROTWO DC SPV LTD,24-06-2025,,Licensed,Special purpose vehicle
TRINOVIA FOUNDATION,24-06-2025,GRIFFIN CORPORATE SERVICES LTD,Licensed,Foundation
MASDAR OMAN HOLDINGS RSC LIMITED,25-06-2025,WALKERS PROFESSIONAL SERVICES (MIDDLE EAST) LIMITED,Licensed,Special purpose vehicle
OMNES HOLDINGS LTD,25-06-2025,CLARA FORMATIONS LIMITED,Licensed,Special purpose vehicle
BASATNE SPV LTD,25-06-2025,CLARA FORMATIONS LIMITED,Licensed,Special purpose vehicle
TWINSEAS HOLDINGS LTD,25-06-2025,10 LEAVES LIMITED,Licensed,Special purpose vehicle
VISION CONVERT HOLDINGS LIMITED,25-06-2025,CLARA FORMATIONS LIMITED,Licensed,Special purpose vehicle
FPJ PROPERTY HOLDINGS LIMITED,25-06-2025,CLARA FORMATIONS LIMITED,Licensed,Special purpose vehicle
Z24 HOLDINGS LIMITED,25-06-2025,CLARA FORMATIONS LIMITED,Licensed,Special purpose vehicle
WASSATATECH HOLDINGS LIMITED,25-06-2025,CLARA FORMATIONS LIMITED,Licensed,Special purpose vehicle
NURITION HOLDINGS LIMITED,25-06-2025,CLARA FORMATIONS LIMITED,Licensed,Special purpose vehicle
SAK HOLDINGS LIMITED,25-06-2025,ROSEMONT PARTNERS CORPORATE SERVICES LIMITED,Licensed,Special purpose vehicle
AI AT CORE HOLDINGS LIMITED,25-06-2025,CLARA FORMATIONS LIMITED,Licensed,Special purpose vehicle
LANDEL SPV 1 LTD,26-06-2025,GRANT THORNTON AUDIT AND ACCOUNTING LIMITED,Licensed,Special purpose vehicle
CRYPTSYNC GROUP HOLDING LTD,26-06-2025,CROWE MAK LLP,Licensed,Special purpose vehicle
GLOBAL GOLD FALCON HOLDING LIMITED,26-06-2025,ROSEMONT PARTNERS CORPORATE SERVICES LIMITED,Licensed,Special purpose vehicle
T-CUP HOLDING LTD,26-06-2025,ASSISS LTD,Licensed,Special purpose vehicle
BRIZON HOLDING LTD,26-06-2025,ASSISS LTD,Licensed,Special purpose vehicle
NOVIS TERRA HOLDINGS LIMITED,26-06-2025,MABA CORPORATE SERVICES LIMITED,Licensed,Special purpose vehicle
GENIE HOLDINGS LTD,26-06-2025,SOVEREIGN CORPORATE SERVICES ME LIMITED,Licensed,Special purpose vehicle
FLOAD HOLDINGS LIMITED,26-06-2025,CLARA FORMATIONS LIMITED,Licensed,Special purpose vehicle
FPC HOLDING 4 RSC LIMITED,26-06-2025,,Licensed,Special purpose vehicle
KSE CENTRAL FOUNDATION,26-06-2025,CLARA FORMATIONS LIMITED,Licensed,Foundation
LYD FOUNDATION,26-06-2025,ASSISS LTD,Licensed,Foundation
SHAJARAT ALKHAWARIZMIAT HOLDING LTD,30-06-2025,WALKERS PROFESSIONAL SERVICES (MIDDLE EAST) LIMITED,Licensed,Special purpose vehicle
AEMITI HOLDINGS LIMITED,30-06-2025,ROSEMONT PARTNERS CORPORATE SERVICES LIMITED,Licensed,Special purpose vehicle
AFM HOLDING LIMITED,30-06-2025,CROWE MAK LLP,Licensed,Special purpose vehicle
BUBBLEBRO HOLDINGS LIMITED,30-06-2025,CLARA FORMATIONS LIMITED,Licensed,Special purpose vehicle
REMI HOLDING LIMITED,30-06-2025,MABA CORPORATE SERVICES LIMITED,Licensed,Special purpose vehicle
TINGE HOLDING LIMITED,30-06-2025,EQUUS CORPORATE LIMITED,Licensed,Special purpose vehicle
AL OMRAN HOLDINGS FOUNDATION,30-06-2025,AL TAMIMI & CO. CORPORATE SERVICES LIMITED,Licensed,Foundation
UNIFRUTTI INVESTMENTS LIMITED,02-07-2025,CSP GROUP LTD,Licensed,Special purpose vehicle
VRC HOLDINGS LIMITED,02-07-2025,CLARA FORMATIONS LIMITED,Licensed,Special purpose vehicle
EAGLE HILLS INVESTMENT HOLDINGS LIMITED,02-07-2025,ACCLIME CORPORATE SERVICES LIMITED,Licensed,Special purpose vehicle
GET UPFRONT HOLDING LTD,02-07-2025,SOVEREIGN CORPORATE SERVICES ME LIMITED,Licensed,Special purpose vehicle
QARRIB HOLDINGS LIMITED,02-07-2025,CLARA FORMATIONS LIMITED,Licensed,Special purpose vehicle
SERVICE INNOVATION HOLDINGS LIMITED,02-07-2025,CLARA FORMATIONS LIMITED,Licensed,Special purpose vehicle
MOHTAWA HOLDINGS LIMITED,02-07-2025,CLARA FORMATIONS LIMITED,Licensed,Special purpose vehicle
VEPPY HOLDINGS LIMITED,03-07-2025,CLARA FORMATIONS LIMITED,Licensed,Special purpose vehicle
NIMSDAI GLOBAL HOLDINGS LTD,03-07-2025,SOVEREIGN CORPORATE SERVICES ME LIMITED,Licensed,Special purpose vehicle
LIABIFY HOLDING LIMITED,03-07-2025,CLARA FORMATIONS LIMITED,Licensed,Special purpose vehicle
BELIEVER MEATS SPV LTD,03-07-2025,BANKS LEGAL LIMITED,Licensed,Special purpose vehicle
MAR LAND HOLDINGS LTD,03-07-2025,WALKERS PROFESSIONAL SERVICES (MIDDLE EAST) LIMITED,Licensed,Special purpose vehicle
PARAGON MALL HOLDINGS LTD,03-07-2025,WALKERS PROFESSIONAL SERVICES (MIDDLE EAST) LIMITED,Licensed,Special purpose vehicle
RIA HOLDINGS LTD,03-07-2025,WALKERS PROFESSIONAL SERVICES (MIDDLE EAST) LIMITED,Licensed,Special purpose vehicle
QUANTANEW HOLDINGS LIMITED,03-07-2025,CLARA FORMATIONS LIMITED,Licensed,Special purpose vehicle
AVERS FOUNDATION,03-07-2025,ROSEMONT PARTNERS CORPORATE SERVICES LIMITED,Licensed,Foundation
INVESTA HOLDING RSC LTD,04-07-2025,,Licensed,Special purpose vehicle
LPG HOLDING LTD,04-07-2025,ASSISS LTD,Licensed,Special purpose vehicle
ZINOL HOLDINGS LIMITED,04-07-2025,CROWE MAK LLP,Licensed,Special purpose vehicle
OMI HOLDING LTD,04-07-2025,CROWE MAK LLP,Licensed,Special purpose vehicle
HAYATH HOLDINGS LIMITED,04-07-2025,CLARA FORMATIONS LIMITED,Licensed,Special purpose vehicle
JIAI PROPERTY HOLDING LTD,04-07-2025,RAD CORPORATE SERVICES LIMITED,Licensed,Special purpose vehicle
SEAMLESS TECHNOLOGIES HOLDING LTD,04-07-2025,CLARA FORMATIONS LIMITED,Licensed,Special purpose vehicle
RAM FOUNDATION,04-07-2025,OCORIAN CORPORATE SERVICES (ME) LIMITED,Licensed,Foundation
TAZADY FOUNDATION,04-07-2025,ACCLIME CORPORATE SERVICES LIMITED,Licensed,Foundation
QSTEPPE FOUNDATION,04-07-2025,ROSEMONT PARTNERS CORPORATE SERVICES LIMITED,Licensed,Foundation
Q GALAXY RSC LTD,07-07-2025,,Licensed,Special purpose vehicle
RHENUS INVESTMENTS MIDDLE EAST SPV LTD,07-07-2025,AL TAMIMI & CO. CORPORATE SERVICES LIMITED,Licensed,Special purpose vehicle
LINKTIA HOSPITALITY HOLDINGS LIMITED,07-07-2025,CLARA FORMATIONS LIMITED,Licensed,Special purpose vehicle
"EDEN MIDDLE EAST COINVESTCO HOLDINGS, LTD",07-07-2025,WALKERS PROFESSIONAL SERVICES (MIDDLE EAST) LIMITED,Licensed,Special purpose vehicle
"EDEN MIDDLE EAST IVI HOLDINGS, LTD",07-07-2025,WALKERS PROFESSIONAL SERVICES (MIDDLE EAST) LIMITED,Licensed,Special purpose vehicle
HREEM WAVES SPV LTD,07-07-2025,ASSISS LTD,Licensed,Special purpose vehicle
VERTUS INNOVATION INVESTMENTS HOLDINGS LIMITED,08-07-2025,CLARA FORMATIONS LIMITED,Licensed,Special purpose vehicle
REACH VENTURE SPV LIMITED,08-07-2025,AMICORP ADVISORY LIMITED,Licensed,Special purpose vehicle
KAMEHA VENTURES HOLDING LTD,08-07-2025,PEREGRINE CORPORATE SERVICES LTD,Licensed,Special purpose vehicle
AO INVESTMENT HOLDINGS LIMITED,08-07-2025,ROSEMONT PARTNERS CORPORATE SERVICES LIMITED,Licensed,Special purpose vehicle
AMANIA FOUNDATION,08-07-2025,M-HQ LTD,Licensed,Foundation
AMELANCHIER FOUNDATION,08-07-2025,ROSEMONT PARTNERS CORPORATE SERVICES LIMITED,Licensed,Foundation
SKY BLUE INVESTMENTS RSC LIMITED,09-07-2025,,Licensed,Special purpose vehicle
TALA RSC LTD,09-07-2025,WALKERS PROFESSIONAL SERVICES (MIDDLE EAST) LIMITED,Licensed,Special purpose vehicle
SAMR RSC LTD,09-07-2025,WALKERS PROFESSIONAL SERVICES (MIDDLE EAST) LIMITED,Licensed,Special purpose vehicle
RIMAL ASSETS 1 HOLDING RSC LTD,09-07-2025,,Licensed,Special purpose vehicle
RIMAL ASSETS 2 HOLDING RSC LTD,09-07-2025,,Licensed,Special purpose vehicle
ULTRASAFE AI HOLDING LTD,09-07-2025,SANCTUARY CORPORATE SERVICES FZ LLC,Licensed,Special purpose vehicle
GRAVITY ASSETS 1 HOLDING RSC LTD,09-07-2025,,Licensed,Special purpose vehicle
NOVENTA HOLDINGS LTD,09-07-2025,MABA CORPORATE SERVICES LIMITED,Licensed,Special purpose vehicle
PSV HOLDING LIMITED,09-07-2025,10 LEAVES LIMITED,Licensed,Special purpose vehicle
NEXT SECTOR INVESTMENTS SPV LIMITED,09-07-2025,ASSISS LTD,Licensed,Special purpose vehicle
HCN HOLDINGS LTD,09-07-2025,ELNAGGAR & PARTNERS LIMITED,Licensed,Special purpose vehicle
GRAVITY ASSETS 2 HOLDING RSC LTD,09-07-2025,,Licensed,Special purpose vehicle
LUNATE FUND OF FUNDS II (GP) SPV LTD,09-07-2025,,Licensed,Special purpose vehicle
SMART TECH SPV LIMITED,09-07-2025,AMICORP ADVISORY LIMITED,Licensed,Special purpose vehicle
FRIENDS HOLDING LIMITED,09-07-2025,10 LEAVES LIMITED,Licensed,Special purpose vehicle
FDH ASSETS 10 HOLDING RSC LTD,09-07-2025,,Licensed,Special purpose vehicle
BLUESTONE HOLDING LIMITED,09-07-2025,,Licensed,Special purpose vehicle
CAPRICORN SPV LIMITED,09-07-2025,MABA CORPORATE SERVICES LIMITED,Licensed,Special purpose vehicle
AYLA FOUNDATION,09-07-2025,M-HQ LTD,Licensed,Foundation
MIC CAPITAL MANAGEMENT 94 RSC LTD,10-07-2025,WALKERS PROFESSIONAL SERVICES (MIDDLE EAST) LIMITED,Licensed,Special purpose vehicle
MIC CAPITAL MANAGEMENT 95 RSC LTD,10-07-2025,WALKERS PROFESSIONAL SERVICES (MIDDLE EAST) LIMITED,Licensed,Special purpose vehicle
MIC CAPITAL MANAGEMENT 96 RSC LTD,10-07-2025,WALKERS PROFESSIONAL SERVICES (MIDDLE EAST) LIMITED,Licensed,Special purpose vehicle
MIC CAPITAL MANAGEMENT 97 RSC LTD,10-07-2025,WALKERS PROFESSIONAL SERVICES (MIDDLE EAST) LIMITED,Licensed,Special purpose vehicle
SAMURAI SPV HOLDINGS LIMITED,10-07-2025,CLARA FORMATIONS LIMITED,Licensed,Special purpose vehicle
LINCOMB INVESTMENTS SPV LTD,10-07-2025,SANCTUARY CORPORATE SERVICES FZ LLC,Licensed,Special purpose vehicle
GALAXY 1 SPV LTD,10-07-2025,CLARA FORMATIONS LIMITED,Licensed,Special purpose vehicle
CALYPSO HOLDING LIMITED,10-07-2025,GRANT THORNTON AUDIT AND ACCOUNTING LIMITED,Licensed,Special purpose vehicle
AUTODATA HOLDINGS LIMITED,10-07-2025,M-HQ LTD,Licensed,Special purpose vehicle
YOZO HOLDING LIMITED,10-07-2025,CLARA FORMATIONS LIMITED,Licensed,Special purpose vehicle
GUARDIAN AI HOLDINGS LIMITED,10-07-2025,CLARA FORMATIONS LIMITED,Licensed,Special purpose vehicle
NOVORA HOLDING LIMITED,10-07-2025,BANKS LEGAL LIMITED,Licensed,Special purpose vehicle
NABATATY SPV LTD,10-07-2025,WALKERS PROFESSIONAL SERVICES (MIDDLE EAST) LIMITED,Licensed,Special purpose vehicle
CRESTA HOLDINGS LIMITED,10-07-2025,HISTORY LIMITED,Licensed,Special purpose vehicle
WILLIE A&K HOLDINGS 1 LTD,11-07-2025,RAD CORPORATE SERVICES LIMITED,Licensed,Special purpose vehicle
WILLIE A&K HOLDINGS 2 LTD,11-07-2025,RAD CORPORATE SERVICES LIMITED,Licensed,Special purpose vehicle
NEO NOVA HOLDING LTD,11-07-2025,CLARA FORMATIONS LIMITED,Licensed,Special purpose vehicle
TERRAX HOLDINGS LIMITED,11-07-2025,CLARA FORMATIONS LIMITED,Licensed,Special purpose vehicle
LUNATE DIRECT INVESTMENTS II (GP) SPV LTD,11-07-2025,,Licensed,Special purpose vehicle
LUNATE SPECIAL OPPORTUNITIES II (GP) SPV LTD,11-07-2025,,Licensed,Special purpose vehicle
GCP HOLDING LTD,11-07-2025,ASSISS LTD,Licensed,Special purpose vehicle
ARAB AFRICAN ENERGY COMPANY HOLDINGS LIMITED,11-07-2025,CLARA FORMATIONS LIMITED,Licensed,Special purpose vehicle
LUNATE LONG-TERM CAPITAL II (GP) SPV LTD,11-07-2025,,Licensed,Special purpose vehicle
MANAZEL GLOBAL HOLDING LIMITED,14-07-2025,ELNAGGAR & PARTNERS LIMITED,Licensed,Special purpose vehicle
PROJECT OFFICE DISTRICT DEVELOPMENTS SPV LIMITED,14-07-2025,AL TAMIMI & CO. CORPORATE SERVICES LIMITED,Licensed,Special purpose vehicle
SEVEN RIVERS VENTURE HOLDINGS LIMITED,14-07-2025,TRIAM CONSULTANCIES PRIVATE LIMITED,Licensed,Special purpose vehicle
BEYOND DMC 2 INVESTMENT HOLDINGS LIMITED,14-07-2025,COUNSEL SERVICES LIMITED,Licensed,Special purpose vehicle
BEYOND DMC 3 INVESTMENT HOLDINGS LIMITED,14-07-2025,COUNSEL SERVICES LIMITED,Licensed,Special purpose vehicle
BEYOND DMC 4 INVESTMENT HOLDINGS LIMITED,14-07-2025,COUNSEL SERVICES LIMITED,Licensed,Special purpose vehicle
BEYOND DMC 5 INVESTMENT HOLDINGS LIMITED,14-07-2025,COUNSEL SERVICES LIMITED,Licensed,Special purpose vehicle
ANRO HOLDING LTD,14-07-2025,10 LEAVES LIMITED,Licensed,Special purpose vehicle
GLOBAL FINANCIAL INVESTMENT HOLDING LIMITED,14-07-2025,VISTRA (MIDDLE EAST) LTD,Licensed,Special purpose vehicle
KAVIS HOLDINGS LIMITED,14-07-2025,AMICORP ADVISORY LIMITED,Licensed,Special purpose vehicle
EUREKA MELLON SPV LIMITED,14-07-2025,SOVEREIGN CORPORATE SERVICES ME LIMITED,Licensed,Special purpose vehicle
ERAD MIDCO HOLDING LIMITED,14-07-2025,WALKERS PROFESSIONAL SERVICES (MIDDLE EAST) LIMITED,Licensed,Special purpose vehicle
PRIMO FOUNDATION,14-07-2025,ROSEMONT PARTNERS CORPORATE SERVICES LIMITED,Licensed,Foundation
SIGMA HOLDINGS LIMITED,15-07-2025,CLARA FORMATIONS LIMITED,Licensed,Special purpose vehicle
BARADA INTERNET GROUP HOLDINGS LIMITED,15-07-2025,CLARA FORMATIONS LIMITED,Licensed,Special purpose vehicle
QUADRA INVESTMENTS SPV LIMITED,15-07-2025,10 LEAVES LIMITED,Licensed,Special purpose vehicle
AMBOYNA HOLDINGS LTD,15-07-2025,ROSEMONT PARTNERS CORPORATE SERVICES LIMITED,Licensed,Special purpose vehicle
PLATINUM RPI EASTPORT B 2025 RSC LIMITED,16-07-2025,,Licensed,Special purpose vehicle
MGX I AIV-1 GP RSC LTD,16-07-2025,,Licensed,Special purpose vehicle
MGX I AIV-2 GP RSC LTD,16-07-2025,,Licensed,Special purpose vehicle
ANCHOR CAPITAL HOLDING LIMITED,16-07-2025,CLARA FORMATIONS LIMITED,Licensed,Special purpose vehicle
THE ARK PET CARE HOLDING LIMITED,16-07-2025,CLARA FORMATIONS LIMITED,Licensed,Special purpose vehicle
HZ2S HOLDING LTD,16-07-2025,CLARA FORMATIONS LIMITED,Licensed,Special purpose vehicle
ADVAIT HOLDINGS LIMITED,16-07-2025,KPI AHLI CHARTERED ACCOUNTANTS,Licensed,Special purpose vehicle
BEDROCK HOLDING SPV LTD,16-07-2025,CROWE MAK LLP,Licensed,Special purpose vehicle
GRID HOLDING LTD,16-07-2025,10 LEAVES LIMITED,Licensed,Special purpose vehicle
MGX I AIV-2 RSC LTD,17-07-2025,,Licensed,Special purpose vehicle
MGX I AIV-1 RSC LTD,17-07-2025,,Licensed,Special purpose vehicle
MIC CAPITAL MANAGEMENT 99 RSC LTD,17-07-2025,WALKERS PROFESSIONAL SERVICES (MIDDLE EAST) LIMITED,Licensed,Special purpose vehicle
MIC CAPITAL MANAGEMENT 98 RSC LTD,17-07-2025,WALKERS PROFESSIONAL SERVICES (MIDDLE EAST) LIMITED,Licensed,Special purpose vehicle
MIC CAPITAL MANAGEMENT 100 RSC LTD,17-07-2025,WALKERS PROFESSIONAL SERVICES (MIDDLE EAST) LIMITED,Licensed,Special purpose vehicle
MIC CAPITAL MANAGEMENT 101 RSC LTD,17-07-2025,WALKERS PROFESSIONAL SERVICES (MIDDLE EAST) LIMITED,Licensed,Special purpose vehicle
DIVERSITY HOLDINGS LTD,17-07-2025,CLARA FORMATIONS LIMITED,Licensed,Special purpose vehicle
ALMAYSARAH HOLDING LIMITED,17-07-2025,ELNAGGAR & PARTNERS LIMITED,Licensed,Special purpose vehicle
HRK HOLDING LIMITED,17-07-2025,SANCTUARY CORPORATE SERVICES FZ LLC,Licensed,Special purpose vehicle
BYTE VAULT HOLDING LTD,17-07-2025,ACCLIME CORPORATE SERVICES LIMITED,Licensed,Special purpose vehicle
OPEN MINERAL HOLDINGS LIMITED,17-07-2025,GRIFFIN CORPORATE SERVICES LTD,Licensed,Special purpose vehicle
MIDAN HOLDING LIMITED,17-07-2025,CLARA FORMATIONS LIMITED,Licensed,Special purpose vehicle
NMO GLOBAL HOLDING LIMITED,17-07-2025,ACCLIME CORPORATE SERVICES LIMITED,Licensed,Special purpose vehicle
COMPLETIONS SPV LIMITED,17-07-2025,AMICORP ADVISORY LIMITED,Licensed,Special purpose vehicle
HYS GAMES HOLDINGS LIMITED,17-07-2025,CLARA FORMATIONS LIMITED,Licensed,Special purpose vehicle
EL ALFY HOLDING FOR INTEGRATED FINISHING LIMITED,17-07-2025,OCORIAN CORPORATE SERVICES (ME) LIMITED,Licensed,Special purpose vehicle
BEYOND SINGULARITY HOLDING LTD,17-07-2025,EQUUS CORPORATE LIMITED,Licensed,Special purpose vehicle
ETIHAD RAIL MOBILITY HOLDINGS LIMITED,18-07-2025,JTC CORPORATE SERVICES (DIFC) LIMITED,Licensed,Special purpose vehicle
DOCKTOUR INVESTMENT SPV PVT LTD,18-07-2025,INP IBRAHIM N PARTNERS LEGAL CONSULTANCY LTD,Licensed,Special purpose vehicle
CIRCLE DROPS HOLDINGS LIMITED,18-07-2025,CLARA FORMATIONS LIMITED,Licensed,Special purpose vehicle
MORE&CO. KITCHEN CONCEPTS HOLDING LIMITED,18-07-2025,STROLLA LLP,Licensed,Special purpose vehicle
ELLEVATE FOOTBALL ACADEMY SPV LIMITED,18-07-2025,MAPLES FIDUCIARY SERVICES (MIDDLE EAST) LIMITED,Licensed,Special purpose vehicle
GHAF FOUNDERS SPV LIMITED,18-07-2025,HERITAGE CORPORATE SERVICES LIMITED,Licensed,Special purpose vehicle
AXDI SPV 2 LTD,18-07-2025,,Licensed,Special purpose vehicle
SILQ SOLUTIONS HOLDING LIMITED,18-07-2025,WALKERS PROFESSIONAL SERVICES (MIDDLE EAST) LIMITED,Licensed,Special purpose vehicle
COLLIDER HOLDING LTD,21-07-2025,IDARAH CORPORATE LIMITED,Licensed,Special purpose vehicle
ARFAJ TECHNOLOGIES SPV LTD,21-07-2025,SOVEREIGN CORPORATE SERVICES ME LIMITED,Licensed,Special purpose vehicle
SB 1123 HOLDING LIMITED,21-07-2025,SOVEREIGN CORPORATE SERVICES ME LIMITED,Licensed,Special purpose vehicle
WH PROJECTS HOLDING LIMITED,21-07-2025,EQUUS CORPORATE LIMITED,Licensed,Special purpose vehicle
IDEAL ARK FOUNDATION,21-07-2025,CAVENWELL CORPORATE SERVICES (GM) LIMITED,Licensed,Foundation
DOVE ARK FOUNDATION,21-07-2025,CAVENWELL CORPORATE SERVICES (GM) LIMITED,Licensed,Foundation
GHAYA HOLDINGS RSC LTD,22-07-2025,ASSISS LTD,Licensed,Special purpose vehicle
BPC HOLDING LIMITED,22-07-2025,M-HQ LTD,Licensed,Special purpose vehicle
PAN GALACTIC HOLDINGS LTD,22-07-2025,EQUUS CORPORATE LIMITED,Licensed,Special purpose vehicle
MANJARA INVESTMENTS SPV LIMITED,22-07-2025,AL TAMIMI & CO. CORPORATE SERVICES LIMITED,Licensed,Special purpose vehicle
B. WELL GROUP HOLDING LTD,22-07-2025,INP IBRAHIM N PARTNERS LEGAL CONSULTANCY LTD,Licensed,Special purpose vehicle
BAYT NUR HOLDINGS LTD,22-07-2025,CLARA FORMATIONS LIMITED,Licensed,Special purpose vehicle
NOVA SEN EDUCATION SPV LIMITED,22-07-2025,MAPLES FIDUCIARY SERVICES (MIDDLE EAST) LIMITED,Licensed,Special purpose vehicle
KHAZNA SOLAR PV HOLDING RSC LIMITED,23-07-2025,WALKERS PROFESSIONAL SERVICES (MIDDLE EAST) LIMITED,Licensed,Special purpose vehicle
AHOY SOMO HOLDING LTD,23-07-2025,IDARAH CORPORATE LIMITED,Licensed,Special purpose vehicle
SSTS HOLDINGS LTD,23-07-2025,AL TAMIMI & CO. CORPORATE SERVICES LIMITED,Licensed,Special purpose vehicle
SMART INVESTMENT HOLDING LTD,23-07-2025,STROLLA LLP,Licensed,Special purpose vehicle
SLDC HOLDING RSC LTD,24-07-2025,ASSISS LTD,Licensed,Special purpose vehicle
ES FAMILY HOLDING LTD,24-07-2025,ASSISS LTD,Licensed,Special purpose vehicle
LDII STRUCTURED SPV LTD,24-07-2025,,Licensed,Special purpose vehicle
MARITIME RESIDENCES INVESTMENTS HOLDINGS LIMITED,24-07-2025,COUNSEL SERVICES LIMITED,Licensed,Special purpose vehicle
LEOPOLDA CRESCENT HOLDING LTD,24-07-2025,CSP GROUP LTD,Licensed,Special purpose vehicle
HMT HOLDINGS LIMITED,24-07-2025,CLARA FORMATIONS LIMITED,Licensed,Special purpose vehicle
CIRCE HOLDINGS LIMITED,24-07-2025,ROSEMONT PARTNERS CORPORATE SERVICES LIMITED,Licensed,Special purpose vehicle
SB INVESTMENT HOLDINGS LIMITED,24-07-2025,ROSEMONT PARTNERS CORPORATE SERVICES LIMITED,Licensed,Special purpose vehicle
BELAIR AERO HOLDINGS LIMITED,24-07-2025,10 LEAVES LIMITED,Licensed,Special purpose vehicle
FALCON EMM HOLDINGS LIMITED,25-07-2025,CLARA FORMATIONS LIMITED,Licensed,Special purpose vehicle
ADM GROUP HOLDINGS LIMITED,25-07-2025,ACCLIME CORPORATE SERVICES LIMITED,Licensed,Special purpose vehicle
DREAM MACHINE HOLDINGS LIMITED,25-07-2025,CLARA FORMATIONS LIMITED,Licensed,Special purpose vehicle
CENTAURA HOLDINGS LTD,25-07-2025,RAD CORPORATE SERVICES LIMITED,Licensed,Special purpose vehicle
QAP TECHNOLOGIES HOLDING LIMITED,25-07-2025,CLARA FORMATIONS LIMITED,Licensed,Special purpose vehicle
ARCADIA STRATEGIC HOLDING LIMITED,25-07-2025,ROSEMONT PARTNERS CORPORATE SERVICES LIMITED,Licensed,Special purpose vehicle
EHRENFRIED HOLDINGS LIMITED,25-07-2025,CLARA FORMATIONS LIMITED,Licensed,Special purpose vehicle
TWO SEAS SPV LIMITED,25-07-2025,STROLLA LLP,Licensed,Special purpose vehicle
SOLID MARBLE GROUP HOLDING LTD,28-07-2025,ASSISS LTD,Licensed,Special purpose vehicle
ART DATA HOLDING LTD,28-07-2025,ASSISS LTD,Licensed,Special purpose vehicle
TAAZ GLOBAL HOLDINGS LIMITED,28-07-2025,CLARA FORMATIONS LIMITED,Licensed,Special purpose vehicle
IRA INVESTMENTS SPV LTD,28-07-2025,SOVEREIGN CORPORATE SERVICES ME LIMITED,Licensed,Special purpose vehicle
DREAMING DOOR HOLDINGS LIMITED,28-07-2025,CLARA FORMATIONS LIMITED,Licensed,Special purpose vehicle
LNAI HOLDING LIMITED,28-07-2025,CLARA FORMATIONS LIMITED,Licensed,Special purpose vehicle
TOKEN BAY GP HOLDING LIMITED,28-07-2025,,Licensed,Special purpose vehicle
FULK GLOBAL HOLDINGS LTD,28-07-2025,WALKERS PROFESSIONAL SERVICES (MIDDLE EAST) LIMITED,Licensed,Special purpose vehicle
TANASI FOUNDATION,28-07-2025,GRANT THORNTON AUDIT AND ACCOUNTING LIMITED,Licensed,Foundation
LUMIRA ASSETS HOLDING RSC LTD,29-07-2025,,Licensed,Special purpose vehicle
LUMORA HOLDINGS LTD,29-07-2025,EQUUS CORPORATE LIMITED,Licensed,Special purpose vehicle
MULTI HOLDING GROUP SPV LTD,29-07-2025,ACCLIME CORPORATE SERVICES LIMITED,Licensed,Special purpose vehicle
GRID REAL ESTATE DEVELOPMENT HOLDING LTD,29-07-2025,10 LEAVES LIMITED,Licensed,Special purpose vehicle
TRADABLE HOLDINGS LIMITED,29-07-2025,CLARA FORMATIONS LIMITED,Licensed,Special purpose vehicle
AXSO SPV 4 LTD,29-07-2025,,Licensed,Special purpose vehicle
SINORUS HOLDING LIMITED,29-07-2025,MABA CORPORATE SERVICES LIMITED,Licensed,Special purpose vehicle
KANZAN HOLDINGS LIMITED,29-07-2025,HISTORY LIMITED,Licensed,Special purpose vehicle
FALCON EMG HOLDINGS LTD,30-07-2025,CLARA FORMATIONS LIMITED,Licensed,Special purpose vehicle
ALTERBA HOLDING LTD,30-07-2025,CLARA FORMATIONS LIMITED,Licensed,Special purpose vehicle
NUMUW HOLDINGS LIMITED,30-07-2025,CLARA FORMATIONS LIMITED,Licensed,Special purpose vehicle
MASDAR HB HOLDING RSC LIMITED,31-07-2025,WALKERS PROFESSIONAL SERVICES (MIDDLE EAST) LIMITED,Licensed,Special purpose vehicle
MASDAR HB RSC LIMITED,31-07-2025,WALKERS PROFESSIONAL SERVICES (MIDDLE EAST) LIMITED,Licensed,Special purpose vehicle
BROADLINE CAPITAL HOLDINGS LTD,31-07-2025,CLARA FORMATIONS LIMITED,Licensed,Special purpose vehicle
TRANIO MENA HOLDING LTD,31-07-2025,GRANT THORNTON AUDIT AND ACCOUNTING LIMITED,Licensed,Special purpose vehicle
LEGACY BRIDGE FOUNDATION,31-07-2025,10 LEAVES LIMITED,Licensed,Foundation
CORALBAY RESIDENCES HOLDINGS LIMITED,01-08-2025,COUNSEL SERVICES LIMITED,Licensed,Special purpose vehicle
LUNAI RESIDENCES HOLDINGS LIMITED,01-08-2025,COUNSEL SERVICES LIMITED,Licensed,Special purpose vehicle
BXR HOLDINGS ME LTD,01-08-2025,WALKERS PROFESSIONAL SERVICES (MIDDLE EAST) LIMITED,Licensed,Special purpose vehicle
FLASH X HOLDING RSC LTD,04-08-2025,,Licensed,Special purpose vehicle
MEERAN HOLDINGS LTD,04-08-2025,CROWE MAK LLP,Licensed,Special purpose vehicle
AZULADO RESIDENCES HOLDINGS LIMITED,04-08-2025,COUNSEL SERVICES LIMITED,Licensed,Special purpose vehicle
ISOLA RESIDENCES HOLDINGS LIMITED,04-08-2025,COUNSEL SERVICES LIMITED,Licensed,Special purpose vehicle
MARE RESIDENCES HOLDINGS LIMITED,04-08-2025,COUNSEL SERVICES LIMITED,Licensed,Special purpose vehicle
COREVIA PROJECT HOLDINGS LIMITED,04-08-2025,COUNSEL SERVICES LIMITED,Licensed,Special purpose vehicle
BEYOND DMC 2 RESIDENCE HOLDINGS LIMITED,04-08-2025,COUNSEL SERVICES LIMITED,Licensed,Special purpose vehicle
BEYOND DMC 3 RESIDENCE HOLDINGS LIMITED,04-08-2025,COUNSEL SERVICES LIMITED,Licensed,Special purpose vehicle
BEYOND DMC 4 RESIDENCE HOLDINGS LIMITED,04-08-2025,COUNSEL SERVICES LIMITED,Licensed,Special purpose vehicle
BEYOND DMC 5 RESIDENCE HOLDINGS LIMITED,04-08-2025,COUNSEL SERVICES LIMITED,Licensed,Special purpose vehicle
GWI GLOBAL HOLDINGS LIMITED,04-08-2025,SANCTUARY CORPORATE SERVICES FZ LLC,Licensed,Special purpose vehicle
MHG 6 SPV LTD,04-08-2025,CLARA FORMATIONS LIMITED,Licensed,Special purpose vehicle
VIRIDIUM HOLDINGS LIMITED,04-08-2025,10 LEAVES LIMITED,Licensed,Special purpose vehicle
PROGRESS SYSTEMS HOLDING LTD,04-08-2025,WALKERS PROFESSIONAL SERVICES (MIDDLE EAST) LIMITED,Licensed,Special purpose vehicle
SIRIUS FOUNDATION,04-08-2025,ROSEMONT PARTNERS CORPORATE SERVICES LIMITED,Licensed,Foundation
SIMANDHAR FOUNDATION,04-08-2025,SANCTUARY CORPORATE SERVICES FZ LLC,Licensed,Foundation
BAUXITE RESIDUE JV HOLDCO LIMITED,05-08-2025,WALKERS PROFESSIONAL SERVICES (MIDDLE EAST) LIMITED,Licensed,Special purpose vehicle
MYHALF HOLDINGS LIMITED,05-08-2025,MABA CORPORATE SERVICES LIMITED,Licensed,Special purpose vehicle
KSE CONDUIT 4 SPV LTD,05-08-2025,CLARA FORMATIONS LIMITED,Licensed,Special purpose vehicle
AXI HOLDINGS LTD,05-08-2025,KALANTAR BUSINESS LAW GROUP LTD,Licensed,Special purpose vehicle
AEVA COLLECTIVE HOLDINGS LTD,05-08-2025,JTC CORPORATE SERVICES (DIFC) LIMITED,Licensed,Special purpose vehicle
DIP PRE-IPO ONE SPV LTD,05-08-2025,,Licensed,Special purpose vehicle
SOLSTICE FOUNDATION,05-08-2025,ROSEMONT PARTNERS CORPORATE SERVICES LIMITED,Licensed,Foundation
NAUTICA HOLDING LIMITED,06-08-2025,AL TAMIMI & CO. CORPORATE SERVICES LIMITED,Licensed,Special purpose vehicle
NUROMENA HOLDINGS LTD,06-08-2025,CLARA FORMATIONS LIMITED,Licensed,Special purpose vehicle
DAR OF AI HOLDINGS LIMITED,06-08-2025,CLARA FORMATIONS LIMITED,Licensed,Special purpose vehicle
BASATNE MENA HOLDING LTD,06-08-2025,CLARA FORMATIONS LIMITED,Licensed,Special purpose vehicle
MELCAD HOLDING LTD,06-08-2025,STROLLA LLP,Licensed,Special purpose vehicle
SEM HOLDINGS LIMITED,06-08-2025,CLARA FORMATIONS LIMITED,Licensed,Special purpose vehicle
SK HOLDINGS LIMITED,06-08-2025,CLARA FORMATIONS LIMITED,Licensed,Special purpose vehicle
EDATA INFORMATION HOLDING LIMITED,06-08-2025,ASSISS LTD,Licensed,Special purpose vehicle
BIN BREK GROUP HOLDING LTD,06-08-2025,10 LEAVES LIMITED,Licensed,Special purpose vehicle
FPC HOLDING 5 RSC LIMITED,06-08-2025,,Licensed,Special purpose vehicle
B23 FOUNDATION,06-08-2025,GRIFFIN CORPORATE SERVICES LTD,Licensed,Foundation
PRESIGHT VENTURES SPV RSC LTD,07-08-2025,,Licensed,Special purpose vehicle
ALLIANCE REEM SPV RSC LTD,07-08-2025,,Licensed,Special purpose vehicle
ADG HOLDING LIMITED,07-08-2025,KALANTAR BUSINESS LAW GROUP LTD,Licensed,Special purpose vehicle
MHB HOLDINGS LIMITED,07-08-2025,HISTORY LIMITED,Licensed,Special purpose vehicle
MHF HOLDING LIMITED,07-08-2025,AL TAMIMI & CO. CORPORATE SERVICES LIMITED,Licensed,Special purpose vehicle
PRAEDIUM HOLDINGS LIMITED,07-08-2025,AL TAMIMI & CO. CORPORATE SERVICES LIMITED,Licensed,Special purpose vehicle
FITNOT GAMES HOLDINGS LIMITED,07-08-2025,CLARA FORMATIONS LIMITED,Licensed,Special purpose vehicle
DALIL HOLDING LTD,07-08-2025,CROWE MAK LLP,Licensed,Special purpose vehicle
LSII SPV 8 LTD,07-08-2025,,Licensed,Special purpose vehicle
CAPRI FOUNDATION,07-08-2025,SANCTUARY CORPORATE SERVICES FZ LLC,Licensed,Foundation
CERISE FOUNDATION,07-08-2025,M-HQ LTD,Licensed,Foundation
VEZLA HOLDING SPV RSC LIMITED,08-08-2025,AL TAMIMI & CO. CORPORATE SERVICES LIMITED,Licensed,Special purpose vehicle
CATALENA HOLDING SPV RSC LIMITED,08-08-2025,AL TAMIMI & CO. CORPORATE SERVICES LIMITED,Licensed,Special purpose vehicle
MASDAR PHILIPPINES HOLDINGS RSC LIMITED,08-08-2025,WALKERS PROFESSIONAL SERVICES (MIDDLE EAST) LIMITED,Licensed,Special purpose vehicle
MSG CAP HOLDING LIMITED,08-08-2025,MABA CORPORATE SERVICES LIMITED,Licensed,Special purpose vehicle
AHOY CON-TECH HOLDING LIMITED,11-08-2025,IDARAH CORPORATE LIMITED,Licensed,Special purpose vehicle
NOOA HOLDINGS LIMITED,11-08-2025,10 LEAVES LIMITED,Licensed,Special purpose vehicle
MIFTA TECHNOLOGIES HOLDINGS LIMITED,11-08-2025,CLARA FORMATIONS LIMITED,Licensed,Special purpose vehicle
MASTER PACKER HOLDINGS LTD,11-08-2025,ROSEMONT PARTNERS CORPORATE SERVICES LIMITED,Licensed,Special purpose vehicle
SERAVILLA INVESTMENTS HOLDINGS LIMITED,11-08-2025,COUNSEL SERVICES LIMITED,Licensed,Special purpose vehicle
NOVEX INVESTMENTS HOLDINGS LIMITED,11-08-2025,COUNSEL SERVICES LIMITED,Licensed,Special purpose vehicle
PLATINUM AMITY B 2025 RSC LIMITED,12-08-2025,,Licensed,Special purpose vehicle
SOKO SPV LIMITED,12-08-2025,AL TAMIMI & CO. CORPORATE SERVICES LIMITED,Licensed,Special purpose vehicle
ANNACUAYAN & CO HOLDING LTD,12-08-2025,RAD CORPORATE SERVICES LIMITED,Licensed,Special purpose vehicle
KALI HOLDINGS LTD,12-08-2025,10 LEAVES LIMITED,Licensed,Special purpose vehicle
DUNEPAR HOLDINGS LIMITED,12-08-2025,M-HQ LTD,Licensed,Special purpose vehicle
BTCBACKED HOLDINGS LIMITED,12-08-2025,CLARA FORMATIONS LIMITED,Licensed,Special purpose vehicle
AFRAM TECHNOLOGIES SPV LTD,12-08-2025,ACCLIME CORPORATE SERVICES LIMITED,Licensed,Special purpose vehicle
ASCENDIA INVESTMENTS HOLDINGS LIMITED,12-08-2025,COUNSEL SERVICES LIMITED,Licensed,Special purpose vehicle
WGM CLIMATE MARKET HOLDINGS LIMITED,13-08-2025,CLARA FORMATIONS LIMITED,Licensed,Special purpose vehicle
JUDUOR AL-TAWSA FOR INFORMATION TECHNOLOGY HOLDINGS LTD,13-08-2025,ACCLIME CORPORATE SERVICES LIMITED,Licensed,Special purpose vehicle
EMET ME HOLDING LTD,13-08-2025,STROLLA LLP,Licensed,Special purpose vehicle
MYRIA ME HOLDING LTD,13-08-2025,STROLLA LLP,Licensed,Special purpose vehicle
AURELIA DOMINION HOLDINGS LIMITED,13-08-2025,ROSEMONT PARTNERS CORPORATE SERVICES LIMITED,Licensed,Special purpose vehicle
TRION RESIDENCES HOLDINGS LIMITED,13-08-2025,COUNSEL SERVICES LIMITED,Licensed,Special purpose vehicle
VERTA RESIDENCES HOLDINGS LIMITED,13-08-2025,COUNSEL SERVICES LIMITED,Licensed,Special purpose vehicle
CORALBAY TERRA HOLDINGS LIMITED,13-08-2025,COUNSEL SERVICES LIMITED,Licensed,Special purpose vehicle
LUNAI TERRA HOLDINGS LIMITED,13-08-2025,COUNSEL SERVICES LIMITED,Licensed,Special purpose vehicle
ALTARA HOLDING LIMITED,13-08-2025,CLARA FORMATIONS LIMITED,Licensed,Special purpose vehicle
AVALON FOUNDATION,13-08-2025,SANCTUARY CORPORATE SERVICES FZ LLC,Licensed,Foundation
SHERMAN LEGACY GROUP HOLDINGS LTD,14-08-2025,CLARA FORMATIONS LIMITED,Licensed,Special purpose vehicle
VOIDLOOP GAMES HOLDING LTD,14-08-2025,ACCLIME CORPORATE SERVICES LIMITED,Licensed,Special purpose vehicle
METAMORPHIC SYNTECH GLOBAL SPV LIMITED,14-08-2025,IDARAH CORPORATE LIMITED,Licensed,Special purpose vehicle
BARAKA INVESTMENT HOLDINGS LIMITED,14-08-2025,APEX CORPORATE SERVICES (ME) LTD,Licensed,Special purpose vehicle
REACH GROUPS SPV LIMITED,14-08-2025,AMICORP ADVISORY LIMITED,Licensed,Special purpose vehicle
REPORTY HOLDING LTD,15-08-2025,ACCLIME CORPORATE SERVICES LIMITED,Licensed,Special purpose vehicle
MAHO HOLDING LTD,15-08-2025,WALKERS PROFESSIONAL SERVICES (MIDDLE EAST) LIMITED,Licensed,Special purpose vehicle
JAVIA GUARD FOUNDATION,17-08-2025,ELNAGGAR & PARTNERS LIMITED,Licensed,Foundation
RENEGADE HOLDINGS LTD,18-08-2025,KALANTAR BUSINESS LAW GROUP LTD,Licensed,Special purpose vehicle
LINK SOURCING HOLDING LIMITED,18-08-2025,SANCTUARY CORPORATE SERVICES FZ LLC,Licensed,Special purpose vehicle
DADA HOLDING LIMITED,18-08-2025,SOVEREIGN CORPORATE SERVICES ME LIMITED,Licensed,Special purpose vehicle
FENTON WHELAN MIDDLE EAST HOLDINGS LIMITED,18-08-2025,STROLLA LLP,Licensed,Special purpose vehicle
UPK HOLDING LIMITED,18-08-2025,RAD CORPORATE SERVICES LIMITED,Licensed,Special purpose vehicle
MORNÁ HOLDING LIMITED,18-08-2025,MABA CORPORATE SERVICES LIMITED,Licensed,Special purpose vehicle
ARDUINA HOLDING LIMITED,18-08-2025,RAD CORPORATE SERVICES LIMITED,Licensed,Special purpose vehicle
TREXAMAR HOLDINGS LIMITED,18-08-2025,ACCLIME CORPORATE SERVICES LIMITED,Licensed,Special purpose vehicle
FIRDAH HOLDINGS LIMITED,18-08-2025,HISTORY LIMITED,Licensed,Special purpose vehicle
LOGICON FOUNDATION,18-08-2025,SANCTUARY CORPORATE SERVICES FZ LLC,Licensed,Foundation
FIREBIRD FOUNDATION,18-08-2025,ROSEMONT PARTNERS CORPORATE SERVICES LIMITED,Licensed,Foundation
TGC HOLDING LIMITED,19-08-2025,ACCLIME CORPORATE SERVICES LIMITED,Licensed,Special purpose vehicle
SMART REAL ESTATE HOLDING LTD,19-08-2025,STROLLA LLP,Licensed,Special purpose vehicle
TROFEE HOLDINGS LIMITED,20-08-2025,CLARA FORMATIONS LIMITED,Licensed,Special purpose vehicle
BLUE MONDAY HOLDING LIMITED,20-08-2025,SANCTUARY CORPORATE SERVICES FZ LLC,Licensed,Special purpose vehicle
YA SPV LIMITED,20-08-2025,SANCTUARY CORPORATE SERVICES FZ LLC,Licensed,Special purpose vehicle
REEM FERTILITY HOLDING LIMITED,20-08-2025,STROLLA LLP,Licensed,Special purpose vehicle
HARDBIT HOLDINGS LIMITED,20-08-2025,ROSEMONT PARTNERS CORPORATE SERVICES LIMITED,Licensed,Special purpose vehicle
MEROVA OPERATIONS HOLDING LIMITED,20-08-2025,CSP GROUP LTD,Licensed,Special purpose vehicle
PRODIE SANTE HOLDING LIMITED,20-08-2025,STROLLA LLP,Licensed,Special purpose vehicle
LLTCI SPV 9 LTD,20-08-2025,,Licensed,Special purpose vehicle
EPIC HOLDING LTD,20-08-2025,ASSISS LTD,Licensed,Special purpose vehicle
BARREX  HOLDING LTD,20-08-2025,SOVEREIGN CORPORATE SERVICES ME LIMITED,Licensed,Special purpose vehicle
OCUBE HOLDINGS LIMITED,20-08-2025,JTC CORPORATE SERVICES (DIFC) LIMITED,Licensed,Special purpose vehicle
PINEAPPLE FOUNDATION,20-08-2025,M-HQ LTD,Licensed,Foundation
SILVER WAVE FOUNDATION,20-08-2025,10 LEAVES LIMITED,Licensed,Foundation
AL MIRATH FOUNDATION,20-08-2025,BANKS LEGAL LIMITED,Licensed,Foundation
SKAY FOUNDATION,20-08-2025,ROSEMONT PARTNERS CORPORATE SERVICES LIMITED,Licensed,Foundation
UPWING ENERGY MENA HOLDING LIMITED,21-08-2025,MOORE JFC LIMITED,Licensed,Special purpose vehicle
AERAS HOLDINGS LIMITED,21-08-2025,COUNSEL SERVICES LIMITED,Licensed,Special purpose vehicle
FINON HOLDINGS LIMITED,21-08-2025,CLARA FORMATIONS LIMITED,Licensed,Special purpose vehicle
DIVERSOTRADE HOLDINGS LIMITED,21-08-2025,ROSEMONT PARTNERS CORPORATE SERVICES LIMITED,Licensed,Special purpose vehicle
TECHCURA INVESTMENTS SPV PVT LTD,21-08-2025,INP IBRAHIM N PARTNERS LEGAL CONSULTANCY LTD,Licensed,Special purpose vehicle
STABLEPORT HOLDINGS LIMITED,21-08-2025,CLARA FORMATIONS LIMITED,Licensed,Special purpose vehicle
CSPG GLOBAL SPV LIMITED,21-08-2025,CSP GROUP LTD,Licensed,Special purpose vehicle
THE WILD GROUP HOLDING LIMITED,21-08-2025,CLARA FORMATIONS LIMITED,Licensed,Special purpose vehicle
LUNATE FLOWICON I (GP) SPV LTD,21-08-2025,,Licensed,Special purpose vehicle
DIGITAL FORUM FOUNDATION,21-08-2025,M-HQ LTD,Licensed,Foundation
VAR FOUNDATION,21-08-2025,SANCTUARY CORPORATE SERVICES FZ LLC,Licensed,Foundation
LDW MIDDLE EAST INVESTMENT HOLDINGS LIMITED,22-08-2025,MAPLES FIDUCIARY SERVICES (MIDDLE EAST) LIMITED,Licensed,Special purpose vehicle
SUPERNOVA HOSPITALITY HOLDINGS LTD,22-08-2025,CLARA FORMATIONS LIMITED,Licensed,Special purpose vehicle
TC SWEETS SPV LTD,22-08-2025,MABA CORPORATE SERVICES LIMITED,Licensed,Special purpose vehicle
AISTUDIO HOLDINGS LIMITED,22-08-2025,CLARA FORMATIONS LIMITED,Licensed,Special purpose vehicle
BRAT HOLDINGS LTD,22-08-2025,CLARA FORMATIONS LIMITED,Licensed,Special purpose vehicle
ANA SHOP HOLDINGS LTD,24-08-2025,CLARA FORMATIONS LIMITED,Licensed,Special purpose vehicle
THREE SISTERS HOLDINGS LIMITED,25-08-2025,CLARA FORMATIONS LIMITED,Licensed,Special purpose vehicle
RVIN HOLDING LTD,25-08-2025,ACCLIME CORPORATE SERVICES LIMITED,Licensed,Special purpose vehicle
AL FARIDA HOLDING LIMITED,25-08-2025,MABA CORPORATE SERVICES LIMITED,Licensed,Special purpose vehicle
F PLUS HOLDING LIMITED,25-08-2025,CLYDE SERVICES LIMITED,Licensed,Special purpose vehicle
PROCURAL HOLDINGS LIMITED,25-08-2025,CLARA FORMATIONS LIMITED,Licensed,Special purpose vehicle
CARPATHIA HOLDINGS LIMITED,25-08-2025,CLYDE SERVICES LIMITED,Licensed,Special purpose vehicle
GASTROTECH HOLDINGS LIMITED,25-08-2025,CLARA FORMATIONS LIMITED,Licensed,Special purpose vehicle
THE COLLECTIVE FOUNDATION,25-08-2025,SANCTUARY CORPORATE SERVICES FZ LLC,Licensed,Foundation
MGX GP 5 RSC LTD,26-08-2025,,Licensed,Special purpose vehicle
CAROLI HOLDINGS RSC LIMITED,26-08-2025,,Licensed,Special purpose vehicle
SHREEJI GLOBAL INVESTMENTS SPV LTD,26-08-2025,TRIAM CONSULTANCIES PRIVATE LIMITED,Licensed,Special purpose vehicle
MAJLIS IP HOLDINGS LTD,26-08-2025,AL TAMIMI & CO. CORPORATE SERVICES LIMITED,Licensed,Special purpose vehicle
SMARTUP HOLDING LIMITED,27-08-2025,CROWE MAK LLP,Licensed,Special purpose vehicle
NAWY UNLOCKED HOLDING LTD,27-08-2025,WALKERS PROFESSIONAL SERVICES (MIDDLE EAST) LIMITED,Licensed,Special purpose vehicle
BEYOND DMC 2 PROJECT HOLDINGS LIMITED,27-08-2025,COUNSEL SERVICES LIMITED,Licensed,Special purpose vehicle
BEYOND DMC 3 PROJECT HOLDINGS LIMITED,27-08-2025,COUNSEL SERVICES LIMITED,Licensed,Special purpose vehicle
BEYOND DMC 4 PROJECT HOLDINGS LIMITED,27-08-2025,COUNSEL SERVICES LIMITED,Licensed,Special purpose vehicle
BEYOND DMC 5 PROJECT HOLDINGS LIMITED,27-08-2025,COUNSEL SERVICES LIMITED,Licensed,Special purpose vehicle
HUSPY ARABIA HOLDINGS LTD,27-08-2025,WALKERS PROFESSIONAL SERVICES (MIDDLE EAST) LIMITED,Licensed,Special purpose vehicle
ZENOR INVESTMENTS HOLDINGS LIMITED,27-08-2025,COUNSEL SERVICES LIMITED,Licensed,Special purpose vehicle
SERAVILLA TERRA HOLDINGS LIMITED,27-08-2025,COUNSEL SERVICES LIMITED,Licensed,Special purpose vehicle
GLEN FOUNDATION,27-08-2025,M-HQ LTD,Licensed,Foundation
MGX GP 6 RSC LTD,28-08-2025,,Licensed,Special purpose vehicle
AL FARAH WELLNESS HOLDING RSC LTD,28-08-2025,,Licensed,Special purpose vehicle
CASABOT HOLDINGS LIMITED,28-08-2025,CLARA FORMATIONS LIMITED,Licensed,Special purpose vehicle
ISLANDS PROJECT HOLDINGS LIMITED,28-08-2025,COUNSEL SERVICES LIMITED,Licensed,Special purpose vehicle
MGX I CO-INVESTMENT 3 RSC LTD,29-08-2025,,Licensed,Special purpose vehicle
MGX GP 7 RSC LTD,29-08-2025,,Licensed,Special purpose vehicle
DOVE ARK HOLDING RSC LIMITED,29-08-2025,CAVENWELL CORPORATE SERVICES (GM) LIMITED,Licensed,Special purpose vehicle
IDEAL ARK HOLDING RSC LIMITED,29-08-2025,CAVENWELL CORPORATE SERVICES (GM) LIMITED,Licensed,Special purpose vehicle
CHEMICALS TERMINAL RSC LIMITED,29-08-2025,,Licensed,Special purpose vehicle
RONAQ VIEWS HOLDING I LTD,29-08-2025,STROLLA LLP,Licensed,Special purpose vehicle
ABDA LOGISTICS GROUP HOLDINGS LIMITED,29-08-2025,M-HQ LTD,Licensed,Special purpose vehicle
ABDA COMMODITIES GROUP HOLDINGS LIMITED,29-08-2025,M-HQ LTD,Licensed,Special purpose vehicle
ABDA RETAIL GROUP HOLDINGS LIMITED,29-08-2025,M-HQ LTD,Licensed,Special purpose vehicle
ABDA HOSPITALITY AND LEISURE GROUP HOLDINGS LIMITED,29-08-2025,M-HQ LTD,Licensed,Special purpose vehicle
ABDA INDUSTRIAL GROUP HOLDINGS LIMITED,29-08-2025,M-HQ LTD,Licensed,Special purpose vehicle
VAR HOLDING LIMITED,29-08-2025,SANCTUARY CORPORATE SERVICES FZ LLC,Licensed,Special purpose vehicle
VERO INVESTMENTS HOLDINGS LIMITED,29-08-2025,COUNSEL SERVICES LIMITED,Licensed,Special purpose vehicle
MODUS INVESTMENTS HOLDINGS LIMITED,29-08-2025,COUNSEL SERVICES LIMITED,Licensed,Special purpose vehicle
JAWHARA HOLDINGS LIMITED,29-08-2025,HISTORY LIMITED,Licensed,Special purpose vehicle
AGI HOLDINGS LIMITED,01-09-2025,10 LEAVES LIMITED,Licensed,Special purpose vehicle
ABDA CAPITAL GROUP HOLDINGS LIMITED,01-09-2025,M-HQ LTD,Licensed,Special purpose vehicle
MOOPANS GROUP HOLDINGS LTD,01-09-2025,CROWE MAK LLP,Licensed,Special purpose vehicle
DFX HOLDING MENA LIMITED,01-09-2025,MABA CORPORATE SERVICES LIMITED,Licensed,Special purpose vehicle
MAS HOLDING LIMITED,01-09-2025,AL TAMIMI & CO. CORPORATE SERVICES LIMITED,Licensed,Special purpose vehicle
CELESTE INVESTMENT RSC LIMITED,02-09-2025,,Licensed,Special purpose vehicle
OAK ESTATES HOLDING RSC LTD,02-09-2025,,Licensed,Special purpose vehicle
OAK ECJ HOLDING 1 RSC LTD,02-09-2025,,Licensed,Special purpose vehicle
OAK ESJ HOLDING 2 RSC LTD,02-09-2025,,Licensed,Special purpose vehicle
OAK BCJ HOLDING 1 RSC LTD,02-09-2025,,Licensed,Special purpose vehicle
OAK BCJ HOLDING 2 RSC LTD,02-09-2025,,Licensed,Special purpose vehicle
WAFFARHA SPV HOLDINGS LIMITED,02-09-2025,CLARA FORMATIONS LIMITED,Licensed,Special purpose vehicle
BRIDGEFORT MYP I GP SPV LTD,02-09-2025,,Licensed,Special purpose vehicle
VERDARA HOLDING LIMITED,02-09-2025,CLARA FORMATIONS LIMITED,Licensed,Special purpose vehicle
OPPOSITE DIRECTION HOLDING LTD,02-09-2025,ASSISS LTD,Licensed,Special purpose vehicle
DANI CHAKOUR FOUNDATION,02-09-2025,ASSISS LTD,Licensed,Foundation
FORTUNA FOUNDATION,02-09-2025,CSP GROUP LTD,Licensed,Foundation
GURM HOLDING RSC LIMITED,03-09-2025,,Licensed,Special purpose vehicle
PROSPER TECH HOLDING LTD,03-09-2025,CLARA FORMATIONS LIMITED,Licensed,Special purpose vehicle
SHORE TREE ME HOLDINGS LIMITED,03-09-2025,J. AWAN & PARTNERS LIMITED,Licensed,Special purpose vehicle
CAJP MIDDLE EAST HOLDING LIMITED,03-09-2025,ROSEMONT PARTNERS CORPORATE SERVICES LIMITED,Licensed,Special purpose vehicle
AE STRATEGIC HOLDING LIMITED,03-09-2025,CLYDE SERVICES LIMITED,Licensed,Special purpose vehicle
ACTION HOLDING COMPANY 1 LIMITED,03-09-2025,WALKERS PROFESSIONAL SERVICES (MIDDLE EAST) LIMITED,Licensed,Special purpose vehicle
SPECIALIZED GLOBAL SMART SOLUTION HOLDING SPV LIMITED,03-09-2025,GRANT THORNTON AUDIT AND ACCOUNTING LIMITED,Licensed,Special purpose vehicle
BALAMA HOLDING LIMITED,03-09-2025,STROLLA LLP,Licensed,Special purpose vehicle
EPOCH 88 HOLDINGS LIMITED,03-09-2025,CLARA FORMATIONS LIMITED,Licensed,Special purpose vehicle
AIKHO HOLDING LTD,04-09-2025,CLARA FORMATIONS LIMITED,Licensed,Special purpose vehicle
BLACK RIVER RESORT SPV LIMITED,04-09-2025,HISTORY LIMITED,Licensed,Special purpose vehicle
INFINITY GLOBAL HOLDINGS PRIVATE LIMITED,04-09-2025,CLARA FORMATIONS LIMITED,Licensed,Special purpose vehicle
MACSS HOLDINGS LIMITED,04-09-2025,MABA CORPORATE SERVICES LIMITED,Licensed,Special purpose vehicle
AHOUSE FAMILY FOUNDATION,04-09-2025,MABA CORPORATE SERVICES LIMITED,Licensed,Foundation
ALINEA HOLDING LTD,08-09-2025,M-HQ LTD,Licensed,Special purpose vehicle
EVERPROPERTY INVESTMENTS HOLDING LTD,08-09-2025,CSP GROUP LTD,Licensed,Special purpose vehicle
GJM SPV LIMITED,08-09-2025,CSP GROUP LTD,Licensed,Special purpose vehicle
HABERG HOLDINGS LIMITED,08-09-2025,CLARA FORMATIONS LIMITED,Licensed,Special purpose vehicle
HOLISTIC HOLDING LTD,08-09-2025,PEREGRINE CORPORATE SERVICES LTD,Licensed,Special purpose vehicle
MUB HOLDING LIMITED,08-09-2025,10 LEAVES LIMITED,Licensed,Special purpose vehicle
REGEN ENERGY HOLDING LIMITED,08-09-2025,MABA CORPORATE SERVICES LIMITED,Licensed,Special purpose vehicle
RWAJ HOLDINGS LIMITED,08-09-2025,CLARA FORMATIONS LIMITED,Licensed,Special purpose vehicle
TERRAVOLT RSC LTD,08-09-2025,,Licensed,Special purpose vehicle
AXCO SPV 2 LTD,09-09-2025,,Licensed,Special purpose vehicle
AXDI SPV 3 LTD,09-09-2025,,Licensed,Special purpose vehicle
COLANT HOLDINGS LTD,09-09-2025,CLARA FORMATIONS LIMITED,Licensed,Special purpose vehicle
CHARAN HOLDING LIMITED,09-09-2025,ROSEMONT PARTNERS CORPORATE SERVICES LIMITED,Licensed,Special purpose vehicle
EIGHT INVESTMENTS HOLDING LTD,09-09-2025,10 LEAVES LIMITED,Licensed,Special purpose vehicle
EVER ASSETS SPV LTD,09-09-2025,CSP GROUP LTD,Licensed,Special purpose vehicle
M FOR MEDIA HOLDING LTD,09-09-2025,EQUUS CORPORATE LIMITED,Licensed,Special purpose vehicle
MOTHERLAND SPV LTD,09-09-2025,10 LEAVES LIMITED,Licensed,Special purpose vehicle
OTIUM HOLDINGS LIMITED,09-09-2025,CLARA FORMATIONS LIMITED,Licensed,Special purpose vehicle
QBT ACQUICO SPV LTD,09-09-2025,CSP GROUP LTD,Licensed,Special purpose vehicle
SOLUTIONS GROUP HOLDINGS LIMITED,09-09-2025,CLARA FORMATIONS LIMITED,Licensed,Special purpose vehicle
SARRAFX TECHNOLOGY SPV LTD,09-09-2025,ASSISS LTD,Licensed,Special purpose vehicle
TENMEYA HOLDING LTD,09-09-2025,STROLLA LLP,Licensed,Special purpose vehicle
THE COLLECTIVE HOLDING LIMITED,09-09-2025,SANCTUARY CORPORATE SERVICES FZ LLC,Licensed,Special purpose vehicle
ZANS FOUNDATION,09-09-2025,ROSEMONT PARTNERS CORPORATE SERVICES LIMITED,Licensed,Foundation
ORIVEN HOLDINGS LIMITED,10-09-2025,MABA CORPORATE SERVICES LIMITED,Licensed,Special purpose vehicle
PLATINUM KANGAROO B 2025 RSC LIMITED,10-09-2025,,Licensed,Special purpose vehicle
ZG HOLDINGS LIMITED,10-09-2025,CLARA FORMATIONS LIMITED,Licensed,Special purpose vehicle
AL NAHDA INVESTMENTS RSC LIMITED,11-09-2025,,Licensed,Special purpose vehicle
AL DAHRA INTERNATIONAL INVESTMENTS LIMITED,11-09-2025,CLYDE SERVICES LIMITED,Licensed,Special purpose vehicle
BANTRY PROPERTY HOLDINGS LIMITED,11-09-2025,CLARA FORMATIONS LIMITED,Licensed,Special purpose vehicle
ELMEC LAND HOLDINGS LTD,11-09-2025,WALKERS PROFESSIONAL SERVICES (MIDDLE EAST) LIMITED,Licensed,Special purpose vehicle
ME RENEWABLES HOLDING SPV LTD,11-09-2025,EQUIOM CORPORATE SERVICES (MIDDLE EAST) LTD,Licensed,Special purpose vehicle
MOOS HOLDING LTD,11-09-2025,SOVEREIGN CORPORATE SERVICES ME LIMITED,Licensed,Special purpose vehicle
SARAI HOLDING COMPANY LIMITED,11-09-2025,ACCLIME CORPORATE SERVICES LIMITED,Licensed,Special purpose vehicle
SCHEDEX HOLDINGS LIMITED,11-09-2025,CLARA FORMATIONS LIMITED,Licensed,Special purpose vehicle
SYNERGY DENTAL AND ORTHODONTIC HOLDING LTD,11-09-2025,WALKERS PROFESSIONAL SERVICES (MIDDLE EAST) LIMITED,Licensed,Special purpose vehicle
AL REEM PROPERTIES C15 SPV LTD,12-09-2025,STROLLA LLP,Licensed,Special purpose vehicle
ANQA HOLDINGS LTD,12-09-2025,CLARA FORMATIONS LIMITED,Licensed,Special purpose vehicle
FURTHER ASSET MANAGEMENT HOLDINGS LIMITED,12-09-2025,TMF GROUP FIDUCIARY SERVICES LIMITED,Licensed,Special purpose vehicle
MC MANAGEMENT 31 RSC LTD,12-09-2025,MAPLES FIDUCIARY SERVICES (MIDDLE EAST) LIMITED,Licensed,Special purpose vehicle
MC MANAGEMENT 32 RSC LTD,12-09-2025,MAPLES FIDUCIARY SERVICES (MIDDLE EAST) LIMITED,Licensed,Special purpose vehicle
MC MANAGEMENT 33 RSC LTD,12-09-2025,MAPLES FIDUCIARY SERVICES (MIDDLE EAST) LIMITED,Licensed,Special purpose vehicle
MYTHIC INDUSTRIES HOLDING LTD,12-09-2025,ELNAGGAR & PARTNERS LIMITED,Licensed,Special purpose vehicle
REEM HEALTHCARE HOLDING COMPANY LTD,12-09-2025,INTERTRUST (MIDDLE EAST) LTD,Licensed,Special purpose vehicle
REEM HEALTHCARE HOLDING COMPANY LTD,12-09-2025,CSC CORPORATE SERVICES (MIDDLE EAST) LIMITED,Licensed,Special purpose vehicle
ACUITYX HOLDINGS LIMITED,15-09-2025,CLARA FORMATIONS LIMITED,Licensed,Special purpose vehicle
B4 GROUP HOLDING LIMITED,15-09-2025,ARGENTUM LAW LTD,Licensed,Special purpose vehicle
GULF SEA HOLDINGS LTD,15-09-2025,BANKS LEGAL LIMITED,Licensed,Special purpose vehicle
LUBERON HOLDINGS LTD,15-09-2025,RAD CORPORATE SERVICES LIMITED,Licensed,Special purpose vehicle
MASDAR MALAYSIA HOLDING RSC LIMITED,15-09-2025,WALKERS PROFESSIONAL SERVICES (MIDDLE EAST) LIMITED,Licensed,Special purpose vehicle
MUBADALA ENERGY (NARGIS) RSC LTD,15-09-2025,WALKERS PROFESSIONAL SERVICES (MIDDLE EAST) LIMITED,Licensed,Special purpose vehicle
OLIBANUM QUALITY TIME HOLDINGS LIMITED,15-09-2025,HISTORY LIMITED,Licensed,Special purpose vehicle
RAKEEZA HOLDINGS LIMITED,15-09-2025,HISTORY LIMITED,Licensed,Special purpose vehicle
FORTY TWO FOUNDATION,15-09-2025,BANKS LEGAL LIMITED,Licensed,Foundation
ALDAR HOLDING RSC LIMITED,16-09-2025,J. AWAN & PARTNERS LIMITED,Licensed,Special purpose vehicle
AHOY TSOP SPV LTD,16-09-2025,IDARAH CORPORATE LIMITED,Licensed,Special purpose vehicle
ANTHEM HOSPITALITY HOLDINGS LTD,16-09-2025,EQUUS CORPORATE LIMITED,Licensed,Special purpose vehicle
CAPITAL COM INTERNATIONAL SPV LIMITED,16-09-2025,AL TAMIMI & CO. CORPORATE SERVICES LIMITED,Licensed,Special purpose vehicle
FIKRA VENTURES HOLDINGS LIMITED,16-09-2025,CLARA FORMATIONS LIMITED,Licensed,Special purpose vehicle
LSII SPV 10 LTD,16-09-2025,,Licensed,Special purpose vehicle
LSOI SPV 5 LTD,16-09-2025,,Licensed,Special purpose vehicle
LLTCI SPV 10 LTD,16-09-2025,,Licensed,Special purpose vehicle
LFFI SPV 2 LTD,16-09-2025,,Licensed,Special purpose vehicle
MUFAWWAD HOLDINGS LIMITED,16-09-2025,HISTORY LIMITED,Licensed,Special purpose vehicle
WAHAJPEAK HOLDINGS LIMITED,16-09-2025,CSC CORPORATE SERVICES (MIDDLE EAST) LIMITED,Licensed,Special purpose vehicle
CANOPY HOLDINGS RSC LIMITED,17-09-2025,,Licensed,Special purpose vehicle
MUNGLER GROUP HOLDING LTD,17-09-2025,10 LEAVES LIMITED,Licensed,Special purpose vehicle
POWERTECH MOBILITY SPV LIMITED,17-09-2025,JTC CORPORATE SERVICES (DIFC) LIMITED,Licensed,Special purpose vehicle
BAYNUNAH SPV LIMITED,18-09-2025,MABA CORPORATE SERVICES LIMITED,Licensed,Special purpose vehicle
FPC HOLDING 6 RSC LIMITED,18-09-2025,,Licensed,Special purpose vehicle
FURTHER DIGITAL HOLDINGS LIMITED,18-09-2025,TMF GROUP FIDUCIARY SERVICES LIMITED,Licensed,Special purpose vehicle
HEALTHSTAY.IO HOLDINGS LIMITED,18-09-2025,CLARA FORMATIONS LIMITED,Licensed,Special purpose vehicle
ITM GENERAL HOLDINGS LIMITED,18-09-2025,MOORE JFC LIMITED,Licensed,Special purpose vehicle
LAMAR HOLDINGS LIMITED,18-09-2025,CLARA FORMATIONS LIMITED,Licensed,Special purpose vehicle
ONEIM ALTERNATIVE INVESTMENTS HOLDING LIMITED,18-09-2025,EQUIOM CORPORATE SERVICES (MIDDLE EAST) LTD,Licensed,Special purpose vehicle
STONEFIELD INVESTMENT HOLDING LTD,18-09-2025,CROWE MAK LLP,Licensed,Special purpose vehicle
TAAZA HOLDING CO LTD,18-09-2025,ACCLIME CORPORATE SERVICES LIMITED,Licensed,Special purpose vehicle
FOXTROT MIDCO RSC LTD,19-09-2025,WALKERS PROFESSIONAL SERVICES (MIDDLE EAST) LIMITED,Licensed,Special purpose vehicle
FOXTROT TOPCO RSC LTD,19-09-2025,WALKERS PROFESSIONAL SERVICES (MIDDLE EAST) LIMITED,Licensed,Special purpose vehicle
XB FOUNDATION,19-09-2025,,Licensed,Foundation
AL FALAK INVESTMENTS RSC LIMITED,22-09-2025,,Licensed,Special purpose vehicle
AL GHAF INVESTMENTS RSC LIMITED,22-09-2025,,Licensed,Special purpose vehicle
ARCTIC SARAYA HOLDING LTD,22-09-2025,CSP GROUP LTD,Licensed,Special purpose vehicle
ARYA HOLDINGS LIMITED,22-09-2025,M-HQ LTD,Licensed,Special purpose vehicle
AXDI LDII SPV 2 LTD,22-09-2025,,Licensed,Special purpose vehicle
BAYTIII HOLDING LTD,22-09-2025,CLARA FORMATIONS LIMITED,Licensed,Special purpose vehicle
DARIBA TECHNOLOGIES HOLDING LTD,22-09-2025,CSP GROUP LTD,Licensed,Special purpose vehicle
EZE BUSINESS HOLDINGS LIMITED,22-09-2025,,Licensed,Special purpose vehicle
EVERMOUNT HOLDINGS LIMITED,22-09-2025,CLARA FORMATIONS LIMITED,Licensed,Special purpose vehicle
F9 PRECIOUS METALS HOLDING LTD,22-09-2025,,Licensed,Special purpose vehicle
GLOBAL DIGITAL GROUP HOLDING LIMITED,22-09-2025,RAD CORPORATE SERVICES LIMITED,Licensed,Special purpose vehicle
GULF SEA INVESTMENT HOLDINGS LTD,22-09-2025,BANKS LEGAL LIMITED,Licensed,Special purpose vehicle
HAZZ TECHNOLOGIES HOLDINGS LTD,22-09-2025,WALKERS PROFESSIONAL SERVICES (MIDDLE EAST) LIMITED,Licensed,Special purpose vehicle
JPEG INVEST SPV LTD,22-09-2025,BANKS LEGAL LIMITED,Licensed,Special purpose vehicle
SERAVILLA BUSINESS HOLDINGS LIMITED,22-09-2025,,Licensed,Special purpose vehicle
SPACE AI HOLDING LTD,22-09-2025,CLARA FORMATIONS LIMITED,Licensed,Special purpose vehicle
SPEED HOLDING LIMITED,22-09-2025,INP IBRAHIM N PARTNERS LEGAL CONSULTANCY LTD,Licensed,Special purpose vehicle
THE FLOURISH COLLECTIVE HOLDINGS LIMITED,22-09-2025,M-HQ LTD,Licensed,Special purpose vehicle
ARD AL-MAHA FOUNDATION,22-09-2025,ACCLIME CORPORATE SERVICES LIMITED,Licensed,Foundation
AEQUOR RIVER HOLDING LIMITED,23-09-2025,CLARA FORMATIONS LIMITED,Licensed,Special purpose vehicle
C&M CATERING HOLDING LTD,23-09-2025,INP IBRAHIM N PARTNERS LEGAL CONSULTANCY LTD,Licensed,Special purpose vehicle
GATES MIDDLE EAST HOLDING LTD,23-09-2025,J. AWAN & PARTNERS LIMITED,Licensed,Special purpose vehicle
OLBNM ALPHA YACHTS SPV LIMITED,23-09-2025,HISTORY LIMITED,Licensed,Special purpose vehicle
OLBNM BETA YACHTS SPV LIMITED,23-09-2025,HISTORY LIMITED,Licensed,Special purpose vehicle
REGEN HYDRO 1 SPV LIMITED,23-09-2025,MABA CORPORATE SERVICES LIMITED,Licensed,Special purpose vehicle
SAQR HOLDINGS LTD,23-09-2025,CLARA FORMATIONS LIMITED,Licensed,Special purpose vehicle
SOFICO HOLDINGS LIMITED,23-09-2025,CLARA FORMATIONS LIMITED,Licensed,Special purpose vehicle
SYNTAX M.E HOLDING LTD,23-09-2025,WALKERS PROFESSIONAL SERVICES (MIDDLE EAST) LIMITED,Licensed,Special purpose vehicle
SYNTAX IT HOLDING LTD,23-09-2025,WALKERS PROFESSIONAL SERVICES (MIDDLE EAST) LIMITED,Licensed,Special purpose vehicle
WORLD AUTOMOTIVE GROUP INTERNATIONAL HOLDINGS LIMITED,23-09-2025,M-HQ LTD,Licensed,Special purpose vehicle
JANA FOUNDATION,23-09-2025,ROSEMONT PARTNERS CORPORATE SERVICES LIMITED,Licensed,Foundation
SKYBRIDGE FOUNDATION,23-09-2025,ROSEMONT PARTNERS CORPORATE SERVICES LIMITED,Licensed,Foundation
TIMUR GAZIZULLIN FOUNDATION,23-09-2025,AL TAMIMI & CO. CORPORATE SERVICES LIMITED,Licensed,Foundation
5TH PILLAR REAL ESTATE AND TRAVEL HOLDINGS LIMITED,24-09-2025,CLARA FORMATIONS LIMITED,Licensed,Special purpose vehicle
BONSINI ENGINEERING HOLDING LTD,24-09-2025,ROSEMONT PARTNERS CORPORATE SERVICES LIMITED,Licensed,Special purpose vehicle
DR PROPERTIES SPV LTD,24-09-2025,AL TAMIMI & CO. CORPORATE SERVICES LIMITED,Licensed,Special purpose vehicle
PLATINUM PASEO B2 C 2025 RSC LIMITED,24-09-2025,,Licensed,Special purpose vehicle
Q DATA  HOLDINGS LIMITED,24-09-2025,,Licensed,Special purpose vehicle
SAKAWAMA HOLDINGS LIMITED,24-09-2025,CLARA FORMATIONS LIMITED,Licensed,Special purpose vehicle
ELVEX FOUNDATION,24-09-2025,ACCLIME CORPORATE SERVICES LIMITED,Licensed,Foundation
1984 HOLDINGS LIMITED,25-09-2025,CLARA FORMATIONS LIMITED,Licensed,Special purpose vehicle
CQ RESTAURANT HOLDING LIMITED,25-09-2025,EQUUS CORPORATE LIMITED,Licensed,Special purpose vehicle
FAIRGROUND HOLDINGS LIMITED,25-09-2025,CLARA FORMATIONS LIMITED,Licensed,Special purpose vehicle
FLS HOLDING LTD,25-09-2025,10 LEAVES LIMITED,Licensed,Special purpose vehicle
HOSS HOLDINGS LTD,25-09-2025,MABA CORPORATE SERVICES LIMITED,Licensed,Special purpose vehicle
MEV CAPITAL HOLDING LTD,25-09-2025,ROSEMONT PARTNERS CORPORATE SERVICES LIMITED,Licensed,Special purpose vehicle
OPEN INNOVATION AI ESOP SPV LTD,25-09-2025,ASSISS LTD,Licensed,Special purpose vehicle
PLATINUM PASEO B1 C 2025  RSC LIMITED,25-09-2025,,Licensed,Special purpose vehicle
PLATINUM PASEO B3 C 2025 RSC LIMITED,25-09-2025,,Licensed,Special purpose vehicle
SC HOLDING COMPANY LIMITED,25-09-2025,TRIAM CONSULTANCIES PRIVATE LIMITED,Licensed,Special purpose vehicle
TERALIS SPV LIMITED,25-09-2025,MABA CORPORATE SERVICES LIMITED,Licensed,Special purpose vehicle
TWERLO HOLDINGS LIMITED,25-09-2025,CLARA FORMATIONS LIMITED,Licensed,Special purpose vehicle
WHITETHORN HOLDINGS LIMITED,25-09-2025,ROSEMONT PARTNERS CORPORATE SERVICES LIMITED,Licensed,Special purpose vehicle
YJH HOLDINGS LTD,25-09-2025,10 LEAVES LIMITED,Licensed,Special purpose vehicle
ARTLI GROUP HOLDING LIMITED,26-09-2025,CSP GROUP LTD,Licensed,Special purpose vehicle
KILT HEALTH HOLDING LTD,26-09-2025,SANCTUARY CORPORATE SERVICES FZ LLC,Licensed,Special purpose vehicle
NOWAAR GROUP HOLDINGS LIMITED,26-09-2025,WALKERS PROFESSIONAL SERVICES (MIDDLE EAST) LIMITED,Licensed,Special purpose vehicle
PARKONIC HOLDING LIMITED,26-09-2025,M-HQ LTD,Licensed,Special purpose vehicle
PINNACLE TASB HOLDING LIMITED,26-09-2025,10 LEAVES LIMITED,Licensed,Special purpose vehicle
GRAVITEX FOUNDATION,26-09-2025,SANCTUARY CORPORATE SERVICES FZ LLC,Licensed,Foundation
AGM HOLDINGS LIMITED,29-09-2025,GRANT THORNTON AUDIT AND ACCOUNTING LIMITED,Licensed,Special purpose vehicle
AMALIA INVESTMENTS HOLDINGS LIMITED,29-09-2025,,Licensed,Special purpose vehicle
ANDALUSI CREATIVES HOLDING LIMITED,29-09-2025,CLARA FORMATIONS LIMITED,Licensed,Special purpose vehicle
BLUE RIBBON GLOBAL HOLDING LTD,29-09-2025,GRANT THORNTON AUDIT AND ACCOUNTING LIMITED,Licensed,Special purpose vehicle
CLEA INVESTMENTS HOLDINGS LIMITED,29-09-2025,,Licensed,Special purpose vehicle
COMITAS HARBOR HOLDINGS LIMITED,29-09-2025,,Licensed,Special purpose vehicle
DALAMISTO HOLDING LTD,29-09-2025,BANKS LEGAL LIMITED,Licensed,Special purpose vehicle
DORADO HARBOR HOLDINGS LIMITED,29-09-2025,,Licensed,Special purpose vehicle
ELEVEN 22 INVESTMENTS HOLDING LIMITED,29-09-2025,STROLLA LLP,Licensed,Special purpose vehicle
EQUILIBRIUM 2 RSC LIMITED,29-09-2025,,Licensed,Special purpose vehicle
GK INVESTMENTS HOLDINGS LIMITED,29-09-2025,CLARA FORMATIONS LIMITED,Licensed,Special purpose vehicle
NEPTUNE INVESTMENTS HOLDINGS LIMITED,29-09-2025,,Licensed,Special purpose vehicle
OVERFINCH INTERNATIONAL HOLDINGS  LTD,29-09-2025,ARGENTUM LAW LTD,Licensed,Special purpose vehicle
Q1 HOLDING LIMITED,29-09-2025,ACCLIME CORPORATE SERVICES LIMITED,Licensed,Special purpose vehicle
SHIPPING NAVIGATION INVESTMENTS SPV LTD,29-09-2025,CLARA FORMATIONS LIMITED,Licensed,Special purpose vehicle
SK MIDDLE EAST HOLDINGS LTD,29-09-2025,CSP GROUP LTD,Licensed,Special purpose vehicle
VERO PROJECT HOLDINGS LIMITED,29-09-2025,,Licensed,Special purpose vehicle
DUVANTI FOUNDATION,29-09-2025,ROSEMONT PARTNERS CORPORATE SERVICES LIMITED,Licensed,Foundation
ALTA HOLDING LIMITED,30-09-2025,GRIFFIN CORPORATE SERVICES LTD,Licensed,Special purpose vehicle
BLACKMONT SPV LIMITED,30-09-2025,AL TAMIMI & CO. CORPORATE SERVICES LIMITED,Licensed,Special purpose vehicle
WIDIAN HOLDING LTD,30-09-2025,ASSISS LTD,Licensed,Special purpose vehicle
MIRSAD HOLDINGS LIMITED,30-09-2025,COUNSEL SERVICES LIMITED,Licensed,Special purpose vehicle
BLOOM RISE HOLDINGS LTD,30-09-2025,10 LEAVES LIMITED,Licensed,Special purpose vehicle
DAR GLOBAL HOLDINGS 2 LTD,30-09-2025,CLARA FORMATIONS LIMITED,Licensed,Special purpose vehicle
HTB FOUNDATION,30-09-2025,J. AWAN & PARTNERS LIMITED,Licensed,Foundation
CUBE INVESTMENTS HOLDINGS LIMITED,01-10-2025,SANCTUARY CORPORATE SERVICES FZ LLC,Licensed,Special purpose vehicle
PATTERN GROUP HOLDING LTD,01-10-2025,RAD CORPORATE SERVICES LIMITED,Licensed,Special purpose vehicle
ARCANA CAPITAL RSC LTD,01-10-2025,,Licensed,Special purpose vehicle
5TH PILLAR FOUNDERS HOLDING LIMITED,02-10-2025,CSP GROUP LTD,Licensed,Special purpose vehicle
ALLIED DEFENSE FUND GP LIMITED,02-10-2025,APEX CORPORATE SERVICES (ME) LTD,Licensed,Special purpose vehicle
ALTA TERA HOLDING RSC LTD,02-10-2025,,Licensed,Special purpose vehicle
B.N.K CAPITAL HOLDING LTD,02-10-2025,PEREGRINE CORPORATE SERVICES LTD,Licensed,Special purpose vehicle
GNOSIS CAPITAL SPV RSC LTD,02-10-2025,,Licensed,Special purpose vehicle
KHOSOUF HOLDINGS LIMITED,02-10-2025,CLARA FORMATIONS LIMITED,Licensed,Special purpose vehicle
LCP IMPACT SPV LIMITED,02-10-2025,JTC CORPORATE SERVICES (DIFC) LIMITED,Licensed,Special purpose vehicle
MUSTAFAR HOLDINGS LIMITED,02-10-2025,CLARA FORMATIONS LIMITED,Licensed,Special purpose vehicle
AMBER OASIS SPV LIMITED,03-10-2025,MABA CORPORATE SERVICES LIMITED,Licensed,Special purpose vehicle
EQUITA HOLDINGS LIMITED,03-10-2025,MABA CORPORATE SERVICES LIMITED,Licensed,Special purpose vehicle
ICM HOLDINGS LIMITED,03-10-2025,CLARA FORMATIONS LIMITED,Licensed,Special purpose vehicle
ISQ ME DECARBONIZATION INVESTMENTS SPV LIMITED,03-10-2025,EQUIOM CORPORATE SERVICES (MIDDLE EAST) LTD,Licensed,Special purpose vehicle
ISQ ME DECARBONIZATION HOLDINGS LIMITED,03-10-2025,EQUIOM CORPORATE SERVICES (MIDDLE EAST) LTD,Licensed,Special purpose vehicle
THE EXECUTIVE CENTRE OASIS HOLDING LIMITED,03-10-2025,ROSEMONT PARTNERS CORPORATE SERVICES LIMITED,Licensed,Special purpose vehicle
BLOOMFIELDS SPV LIMITED,06-10-2025,MABA CORPORATE SERVICES LIMITED,Licensed,Special purpose vehicle
CONNECTEDLIFE HOLDINGS LIMITED,06-10-2025,CSP GROUP LTD,Licensed,Special purpose vehicle
DHILLON INVESTMENT HOLDINGS LIMITED,06-10-2025,BANKS LEGAL LIMITED,Licensed,Special purpose vehicle
NOSSA HOLDING LTD,06-10-2025,10 LEAVES LIMITED,Licensed,Special purpose vehicle
PROMPTTECH GLOBAL HOLDINGS LIMITED,06-10-2025,ACCLIME CORPORATE SERVICES LIMITED,Licensed,Special purpose vehicle
SIERRA POINT SPV LIMITED,06-10-2025,MABA CORPORATE SERVICES LIMITED,Licensed,Special purpose vehicle
CLAYSTONE HOLDINGS LIMITED,07-10-2025,CLARA FORMATIONS LIMITED,Licensed,Special purpose vehicle
EUDC RENEWABLES HOLDING COMPANY LTD,07-10-2025,10 LEAVES LIMITED,Licensed,Special purpose vehicle
ERTH ZAYED PHILANTHROPIES FUND RSC LIMITED,07-10-2025,,Licensed,Special purpose vehicle
FLINKI HOLDINGS LIMITED,07-10-2025,CLARA FORMATIONS LIMITED,Licensed,Special purpose vehicle
EUDC CONVENTIONAL HOLDING COMPANY LTD,07-10-2025,10 LEAVES LIMITED,Licensed,Special purpose vehicle
EUDC OPERATION AND MAINTENANCE HOLDING COMPANY LTD,07-10-2025,10 LEAVES LIMITED,Licensed,Special purpose vehicle
OLBNM AUTOMOTIVE ALPHA SERIES SPV LIMITED,07-10-2025,HISTORY LIMITED,Licensed,Special purpose vehicle
RAPID SOLUTIONS GROUP HOLDINGS LIMITED,07-10-2025,M-HQ LTD,Licensed,Special purpose vehicle
STAT HOLDING SPV LIMITED,07-10-2025,WALKERS PROFESSIONAL SERVICES (MIDDLE EAST) LIMITED,Licensed,Special purpose vehicle
TEMET HOLDINGS LTD,07-10-2025,WALKERS PROFESSIONAL SERVICES (MIDDLE EAST) LIMITED,Licensed,Special purpose vehicle
THE BLACK CIRCLE SPV LIMITED,07-10-2025,ASSISS LTD,Licensed,Special purpose vehicle
UNISOURCE HOLDING LTD,07-10-2025,ELNAGGAR & PARTNERS LIMITED,Licensed,Special purpose vehicle
VERTEX INVESTMENTS HOLDINGS LIMITED,07-10-2025,CLARA FORMATIONS LIMITED,Licensed,Special purpose vehicle
AETERNUM PROSPERITAS FOUNDATION,07-10-2025,ROSEMONT PARTNERS CORPORATE SERVICES LIMITED,Licensed,Foundation
ARD AL-GHAD FOUNDATION,07-10-2025,RAD CORPORATE SERVICES LIMITED,Licensed,Foundation
ABU DHABI FOOD HUB HOLDINGS LIMITED,08-10-2025,,Licensed,Special purpose vehicle
AETHERVAULT HOLDINGS LIMITED,08-10-2025,SANCTUARY CORPORATE SERVICES FZ LLC,Licensed,Special purpose vehicle
HERCULES DEPOT HOLDING LIMITED,08-10-2025,M-HQ LTD,Licensed,Special purpose vehicle
MASDAR MALAYSIA HOLDINGS RSC LIMITED,08-10-2025,WALKERS PROFESSIONAL SERVICES (MIDDLE EAST) LIMITED,Licensed,Special purpose vehicle
ONEIM NIXA SPV LTD,08-10-2025,EQUIOM CORPORATE SERVICES (MIDDLE EAST) LTD,Licensed,Special purpose vehicle
ASEL FOUNDATION,08-10-2025,HERITAGE CORPORATE SERVICES LIMITED,Licensed,Foundation
RANDEV FOUNDATION,08-10-2025,SANCTUARY CORPORATE SERVICES FZ LLC,Licensed,Foundation
LUXURY FOR YOU HOLDING LIMITED,09-10-2025,KPI AHLI CHARTERED ACCOUNTANTS,Licensed,Special purpose vehicle
REGENAI GROUP HOLDING LIMITED,09-10-2025,TRIAM CONSULTANCIES PRIVATE LIMITED,Licensed,Special purpose vehicle
FIRST INTERNATIONAL CORPORATE GPC HOLDINGS LIMITED,09-10-2025,CLARA FORMATIONS LIMITED,Licensed,Special purpose vehicle
HOLOUL HOLDINGS LIMITED,09-10-2025,CLARA FORMATIONS LIMITED,Licensed,Special purpose vehicle
LEGACY ALPHA SPV LIMITED,09-10-2025,SANCTUARY CORPORATE SERVICES FZ LLC,Licensed,Special purpose vehicle
S&AS FOUNDATION,10-10-2025,M-HQ LTD,Licensed,Foundation
SUROOR FAMILY FOUNDATION,10-10-2025,MABA CORPORATE SERVICES LIMITED,Licensed,Foundation
ADVANCED TECHNOLOGY GROUP HOLDING LIMITED,13-10-2025,ACCLIME CORPORATE SERVICES LIMITED,Licensed,Special purpose vehicle
IGS MARINE INFRASTRUCTURE SPV LIMITED,13-10-2025,INP IBRAHIM N PARTNERS LEGAL CONSULTANCY LTD,Licensed,Special purpose vehicle
EXORT INVESTMENTS HOLDING LTD,13-10-2025,SANCTUARY CORPORATE SERVICES FZ LLC,Licensed,Special purpose vehicle
LUNATE INFRASTRUCTURE FUND I (GP) SPV LTD,13-10-2025,,Licensed,Special purpose vehicle
EQUINVEST HOLDINGS LTD,13-10-2025,CSP GROUP LTD,Licensed,Special purpose vehicle
AIM HOSPITALITY TOPCO HOLDINGS LIMITED,13-10-2025,CLARA FORMATIONS LIMITED,Licensed,Special purpose vehicle
ROYAL ADDRESS MALL HOLDING LTD,13-10-2025,MABA CORPORATE SERVICES LIMITED,Licensed,Special purpose vehicle
PLATINUM HOTELS B 2025 RSC LIMITED,13-10-2025,,Licensed,Special purpose vehicle
SVI HOLDINGS RSC LIMITED,13-10-2025,SOVEREIGN CORPORATE SERVICES ME LIMITED,Licensed,Special purpose vehicle
AAA FOUNDATION,13-10-2025,ROSEMONT PARTNERS CORPORATE SERVICES LIMITED,Licensed,Foundation
AHMED ABOUL-ELLA FOUNDATION,13-10-2025,GRANT THORNTON AUDIT AND ACCOUNTING LIMITED,Licensed,Foundation
BLACKWIND FOUNDATION,13-10-2025,HERITAGE CORPORATE SERVICES LIMITED,Licensed,Foundation
SKM HOLDINGS FOUNDATION,13-10-2025,10 LEAVES LIMITED,Licensed,Foundation
THE SKY HOMES FOUNDATION,13-10-2025,ROSEMONT PARTNERS CORPORATE SERVICES LIMITED,Licensed,Foundation
KEEP IT MOVING COMPANY HOLDINGS LIMITED,14-10-2025,CLARA FORMATIONS LIMITED,Licensed,Special purpose vehicle
AFP CO HOLDING LTD,14-10-2025,CSP GROUP LTD,Licensed,Special purpose vehicle
MAHMOUDI INVESTMENT HOLDING LTD,14-10-2025,CROWE MAK LLP,Licensed,Special purpose vehicle
INDEPENDENT RESERVE ME HOLDINGS LIMITED,14-10-2025,CLARA FORMATIONS LIMITED,Licensed,Special purpose vehicle
YP SQUARED HOLDING RSC LTD,14-10-2025,,Licensed,Special purpose vehicle
XIANG XIN HOLDING CO LTD,14-10-2025,MABA CORPORATE SERVICES LIMITED,Licensed,Special purpose vehicle
BGIS FOUNDATION,14-10-2025,GRANT THORNTON AUDIT AND ACCOUNTING LIMITED,Licensed,Foundation
NML PRIVATE FOUNDATION,14-10-2025,KALANTAR BUSINESS LAW GROUP LTD,Licensed,Foundation
AFAQ HOLDINGS LIMITED,15-10-2025,CLARA FORMATIONS LIMITED,Licensed,Special purpose vehicle
NFS INVESTMENTS HOLDING LIMITED,15-10-2025,GRANT THORNTON AUDIT AND ACCOUNTING LIMITED,Licensed,Special purpose vehicle
DNI SOLUTIONS HOLDING LTD,15-10-2025,ACCLIME CORPORATE SERVICES LIMITED,Licensed,Special purpose vehicle
EUDC RED ROCK POWER HOLDING COMPANY LTD,15-10-2025,10 LEAVES LIMITED,Licensed,Special purpose vehicle
MAAL HOLDINGS LTD,15-10-2025,ASSISS LTD,Licensed,Special purpose vehicle
DUMU HOLDINGS LTD,15-10-2025,10 LEAVES LIMITED,Licensed,Special purpose vehicle
RCM (MIDDLE EAST) SPV LTD,15-10-2025,MAPLES FIDUCIARY SERVICES (MIDDLE EAST) LIMITED,Licensed,Special purpose vehicle
RCM (MIDDLE EAST) GP SPV LTD,15-10-2025,MAPLES FIDUCIARY SERVICES (MIDDLE EAST) LIMITED,Licensed,Special purpose vehicle
TQ INVESTMENT HOLDING ME SPV LIMITED,15-10-2025,CSP GROUP LTD,Licensed,Special purpose vehicle
VANILLA DREAMS HOLDINGS LIMITED,15-10-2025,CLARA FORMATIONS LIMITED,Licensed,Special purpose vehicle
V S SOURCING HOLDINGS LIMITED,15-10-2025,MOORE JFC LIMITED,Licensed,Special purpose vehicle
SVI HOLDINGS SPV1 LIMITED,15-10-2025,SOVEREIGN CORPORATE SERVICES ME LIMITED,Licensed,Special purpose vehicle
NORTHVIAN FOUNDATION,15-10-2025,RAD CORPORATE SERVICES LIMITED,Licensed,Foundation
LEOCORP HOLDINGS LTD,16-10-2025,J. AWAN & PARTNERS LIMITED,Licensed,Special purpose vehicle
NUCASSA HOLDINGS LTD,16-10-2025,MABA CORPORATE SERVICES LIMITED,Licensed,Special purpose vehicle
AMS IRONGATE HOLDING LIMITED,16-10-2025,PRAXISIFM TRUST LIMITED,Licensed,Special purpose vehicle
MDF HOLDING LIMITED,16-10-2025,CLARA FORMATIONS LIMITED,Licensed,Special purpose vehicle
NFS REAL ESTATE HOLDINGS LIMITED,16-10-2025,GRANT THORNTON AUDIT AND ACCOUNTING LIMITED,Licensed,Special purpose vehicle
P.INVEST HOLDING LIMITED,16-10-2025,CLARA FORMATIONS LIMITED,Licensed,Special purpose vehicle
EGME INVEST SPV LIMITED,16-10-2025,PRAXISIFM TRUST LIMITED,Licensed,Special purpose vehicle
AYA INVESTORS SPV I HOLDINGS LIMITED,16-10-2025,CLARA FORMATIONS LIMITED,Licensed,Special purpose vehicle
SB 2358 HOLDING LIMITED,16-10-2025,SOVEREIGN CORPORATE SERVICES ME LIMITED,Licensed,Special purpose vehicle
QATALYST FUND I GP LTD,16-10-2025,,Licensed,Special purpose vehicle
SAFAR ART HOLDINGS LTD,16-10-2025,APEX CORPORATE SERVICES (ME) LTD,Licensed,Special purpose vehicle
BESHER FOUNDATION,16-10-2025,SOVEREIGN CORPORATE SERVICES ME LIMITED,Licensed,Foundation
MODASO HOLDING LIMITED,17-10-2025,VISTRA (MIDDLE EAST) LTD,Licensed,Special purpose vehicle
SMART DATA ORCHESTRATION HOLDINGS LIMITED,17-10-2025,CLARA FORMATIONS LIMITED,Licensed,Special purpose vehicle
GOAL ONE HOLDINGS LIMITED,17-10-2025,WALKERS PROFESSIONAL SERVICES (MIDDLE EAST) LIMITED,Licensed,Special purpose vehicle
ALPHA POWER SEMICONDUCTOR HOLDING LIMITED,17-10-2025,ELNAGGAR & PARTNERS LIMITED,Licensed,Special purpose vehicle
FLOW25 SPV LTD,17-10-2025,STROLLA LLP,Licensed,Special purpose vehicle
DREAM TEAM HOLDING LTD,17-10-2025,WALKERS PROFESSIONAL SERVICES (MIDDLE EAST) LIMITED,Licensed,Special purpose vehicle
THE SUNFLOWER FOUNDATION,17-10-2025,RAD CORPORATE SERVICES LIMITED,Licensed,Foundation
JOONTARA FOUNDATION,17-10-2025,TRIAM CONSULTANCIES PRIVATE LIMITED,Licensed,Foundation
NAHAR FOUNDATION,17-10-2025,SANCTUARY CORPORATE SERVICES FZ LLC,Licensed,Foundation
ROYAL OAK FOUNDATION,17-10-2025,GRIFFIN CORPORATE SERVICES LTD,Licensed,Foundation
HOODS HOLDING LTD,20-10-2025,ROSEMONT PARTNERS CORPORATE SERVICES LIMITED,Licensed,Special purpose vehicle
ETERNITY HOLDING RSC LTD,20-10-2025,,Licensed,Special purpose vehicle
AG PROPERTY HOLDINGS LIMITED,20-10-2025,10 LEAVES LIMITED,Licensed,Special purpose vehicle
DONOSTIA INVESTMENT 2 HOLDINGS LIMITED,20-10-2025,,Licensed,Special purpose vehicle
BMC INVESTMENTS SPV PVT LTD,20-10-2025,INP IBRAHIM N PARTNERS LEGAL CONSULTANCY LTD,Licensed,Special purpose vehicle
PTL HOLDING LTD,20-10-2025,SWISS GROUP LEGAL LTD,Licensed,Special purpose vehicle
SKYSTRUCT HOLDINGS LIMITED,20-10-2025,CLARA FORMATIONS LIMITED,Licensed,Special purpose vehicle
PLATINUM DOVE C 2025 RSC LIMITED,20-10-2025,,Licensed,Special purpose vehicle
TRADINOS GLOBAL HOLDINGS LIMITED,20-10-2025,CLARA FORMATIONS LIMITED,Licensed,Special purpose vehicle
BUYPASS HOLDING LIMITED,21-10-2025,STROLLA LLP,Licensed,Special purpose vehicle
MGX GP 8 RSC LTD,21-10-2025,,Licensed,Special purpose vehicle
CLIMATE CORE GP LIMITED,21-10-2025,APEX CORPORATE SERVICES (ME) LTD,Licensed,Special purpose vehicle
MGX GP 9 RSC LTD,21-10-2025,,Licensed,Special purpose vehicle
MIC CAPITAL MANAGEMENT 102 RSC LTD,21-10-2025,WALKERS PROFESSIONAL SERVICES (MIDDLE EAST) LIMITED,Licensed,Special purpose vehicle
O GOLD HOLDINGS LIMITED,21-10-2025,CLARA FORMATIONS LIMITED,Licensed,Special purpose vehicle
TECH964 HOLDING LIMITED,22-10-2025,TRIAM CONSULTANCIES PRIVATE LIMITED,Licensed,Special purpose vehicle
DONAERI ELECTRONICS SPV RSC LTD,22-10-2025,ASSISS LTD,Licensed,Special purpose vehicle
DONAERI METALS & MINERALS SPV RSC LTD,22-10-2025,ASSISS LTD,Licensed,Special purpose vehicle
MV08 HOLDING LIMITED,22-10-2025,CROWE MAK LLP,Licensed,Special purpose vehicle
DOME HOLDING LIMITED,22-10-2025,AL TAMIMI & CO. CORPORATE SERVICES LIMITED,Licensed,Special purpose vehicle
MOONLIGHT FOUNDATION,22-10-2025,GRIFFIN CORPORATE SERVICES LTD,Licensed,Foundation
ROSE FOUNDATION,22-10-2025,JTC CORPORATE SERVICES (DIFC) LIMITED,Licensed,Foundation
SMART POWER HOLDING LTD,23-10-2025,STROLLA LLP,Licensed,Special purpose vehicle
BREVAN HOWARD LUNATE GENERAL PARTNER LIMITED,23-10-2025,WALKERS PROFESSIONAL SERVICES (MIDDLE EAST) LIMITED,Licensed,Special purpose vehicle
GLOBAL MINERALS INVESTMENTS HOLDINGS RSC LTD,23-10-2025,AL TAMIMI & CO. CORPORATE SERVICES LIMITED,Licensed,Special purpose vehicle
HVF I CARRY GP LTD,23-10-2025,,Licensed,Special purpose vehicle
C11 HOLDING LIMITED,23-10-2025,WALKERS PROFESSIONAL SERVICES (MIDDLE EAST) LIMITED,Licensed,Special purpose vehicle
LORICE HOLDING LIMITED,23-10-2025,AL TAMIMI & CO. CORPORATE SERVICES LIMITED,Licensed,Special purpose vehicle
"LIONHEART SALMA HEALTH SPV I, LTD",23-10-2025,APEX CORPORATE SERVICES (ME) LTD,Licensed,Special purpose vehicle
DONAERI FERTILIZERS SPV RSC LTD,23-10-2025,ASSISS LTD,Licensed,Special purpose vehicle
GDI PARTNERS SPV LIMITED,23-10-2025,M-HQ LTD,Licensed,Special purpose vehicle
AYA PALACE GROUP SPV LIMITED,23-10-2025,WALKERS PROFESSIONAL SERVICES (MIDDLE EAST) LIMITED,Licensed,Special purpose vehicle
NOVATECH HOLDINGS LTD,23-10-2025,J. AWAN & PARTNERS LIMITED,Licensed,Special purpose vehicle
THERNYX HOLDING SPV LTD,23-10-2025,SOVEREIGN CORPORATE SERVICES ME LIMITED,Licensed,Special purpose vehicle
DAISY FOUNDATION,23-10-2025,JTC CORPORATE SERVICES (DIFC) LIMITED,Licensed,Foundation
DIAFA LIFESTYLE HOLDING RSC LTD,24-10-2025,,Licensed,Special purpose vehicle
HAVERDEN INVESTMENT HOLDING RSC LTD,24-10-2025,STRAVICA CORPORATE SERVICES LIMITED,Licensed,Special purpose vehicle
NAUTILUS SUKUK SPV LIMITED,24-10-2025,MAPLES FIDUCIARY SERVICES (MIDDLE EAST) LIMITED,Licensed,Special purpose vehicle
NEWSHORE HOLDINGS LIMITED,24-10-2025,M-HQ LTD,Licensed,Special purpose vehicle
PHM REAL ESTATE HOLDINGS LTD,24-10-2025,ELNAGGAR & PARTNERS LIMITED,Licensed,Special purpose vehicle
S60 SPV LTD,24-10-2025,WALKERS PROFESSIONAL SERVICES (MIDDLE EAST) LIMITED,Licensed,Special purpose vehicle
EAST HILL FOUNDATION,24-10-2025,RAD CORPORATE SERVICES LIMITED,Licensed,Foundation
HERITAGE HORIZONS FOUNDATION,24-10-2025,SANCTUARY CORPORATE SERVICES FZ LLC,Licensed,Foundation
TESSERACT FOUNDATION,24-10-2025,ROSEMONT PARTNERS CORPORATE SERVICES LIMITED,Licensed,Foundation
ELEMENTS HOLDINGS LIMITED,27-10-2025,HISTORY LIMITED,Licensed,Special purpose vehicle
AL NAMAA HOLDING SPV LIMITED,27-10-2025,AL TAMIMI & CO. CORPORATE SERVICES LIMITED,Licensed,Special purpose vehicle
ANGEL BREEZE HOLDINGS LIMITED,27-10-2025,EQUIOM CORPORATE SERVICES (MIDDLE EAST) LTD,Licensed,Special purpose vehicle
GLOBIVEST HOLDING LIMITED,27-10-2025,ASSISS LTD,Licensed,Special purpose vehicle
INVAFRO HOLDING RSC LTD,27-10-2025,ASSISS LTD,Licensed,Special purpose vehicle
LOYC GLOBAL HOLDINGS LIMITED,27-10-2025,WALKERS PROFESSIONAL SERVICES (MIDDLE EAST) LIMITED,Licensed,Special purpose vehicle
LUNATE INTERACTIVE PRIVATE MARKETS I (GP) SPV LTD,27-10-2025,,Licensed,Special purpose vehicle
MGX I MARIANA HOLDING 1 RSC LTD,27-10-2025,,Licensed,Special purpose vehicle
MGX I MARIANA HOLDING 2 RSC LTD,27-10-2025,,Licensed,Special purpose vehicle
LUNATE FLOWICON (GP) SPV LTD,27-10-2025,,Licensed,Special purpose vehicle
MNF INVESTMENTS HOLDING LTD,27-10-2025,CLARA FORMATIONS LIMITED,Licensed,Special purpose vehicle
NAJM AL RIYADA INVESTMENTS SPV LIMITED,27-10-2025,AL TAMIMI & CO. CORPORATE SERVICES LIMITED,Licensed,Special purpose vehicle
OMNIYAT GLOBAL HOLDINGS LIMITED,27-10-2025,,Licensed,Special purpose vehicle
REDEVELOP HOLDINGS LIMITED,27-10-2025,CLARA FORMATIONS LIMITED,Licensed,Special purpose vehicle
HKS FOUNDATION,27-10-2025,ASSISS LTD,Licensed,Foundation
HANG FUN SPV LIMITED,28-10-2025,AL TAMIMI & CO. CORPORATE SERVICES LIMITED,Licensed,Special purpose vehicle
OLTIN CARACAL HOSPITALITY HOLDING LTD,28-10-2025,10 LEAVES LIMITED,Licensed,Special purpose vehicle
NAHDA I CONTINUATION HOLDING SPV LIMITED,28-10-2025,,Licensed,Special purpose vehicle
CORESTONE HOLDINGS LIMITED,28-10-2025,CSP GROUP LTD,Licensed,Special purpose vehicle
BARAKYN HOLDINGS LIMITED,28-10-2025,CLARA FORMATIONS LIMITED,Licensed,Special purpose vehicle
GINKO HOLDINGS LIMITED,28-10-2025,RAD CORPORATE SERVICES LIMITED,Licensed,Special purpose vehicle
GLORIVEST HOLDING LTD,28-10-2025,STROLLA LLP,Licensed,Special purpose vehicle
SPECIAL FOOD HOLDING LIMITED,28-10-2025,MABA CORPORATE SERVICES LIMITED,Licensed,Special purpose vehicle
SOUKNA TECHNOLOGIES HOLDING LTD,29-10-2025,CLARA FORMATIONS LIMITED,Licensed,Special purpose vehicle
EMERALD CAPITAL HOLDING RSC LTD,29-10-2025,,Licensed,Special purpose vehicle
HALISSAM HOLDINGS LTD,29-10-2025,M-HQ LTD,Licensed,Special purpose vehicle
EFFISUS MENA HOLDING LIMITED,29-10-2025,CSP GROUP LTD,Licensed,Special purpose vehicle
EH INVESTMENTS HOTELS SPV LTD,29-10-2025,CROWE MAK LLP,Licensed,Special purpose vehicle
EUCLIDE SPV LIMITED,29-10-2025,TMF GROUP FIDUCIARY SERVICES LIMITED,Licensed,Special purpose vehicle
DEEPROCK HOLDINGS LIMITED,29-10-2025,WALKERS PROFESSIONAL SERVICES (MIDDLE EAST) LIMITED,Licensed,Special purpose vehicle
SBSS HOLDINGS LIMITED,29-10-2025,STROLLA LLP,Licensed,Special purpose vehicle
MP CHOHAN 1 HOLDINGS LIMITED,29-10-2025,MOORE JFC LIMITED,Licensed,Special purpose vehicle
VENTORE GROUP UBUNTU 01 HOLDINGS LIMITED,29-10-2025,CLARA FORMATIONS LIMITED,Licensed,Special purpose vehicle
ISLAND COVE SPV LIMITED,30-10-2025,MABA CORPORATE SERVICES LIMITED,Licensed,Special purpose vehicle
FALCON VALLEY HOLDINGS LIMITED,30-10-2025,CLARA FORMATIONS LIMITED,Licensed,Special purpose vehicle
MAISON SAFQA HOLDINGS LIMITED,30-10-2025,CLARA FORMATIONS LIMITED,Licensed,Special purpose vehicle
PIONEER STEEL HOLDING LIMITED,30-10-2025,WALKERS PROFESSIONAL SERVICES (MIDDLE EAST) LIMITED,Licensed,Special purpose vehicle
SCAFFCO INTERNATIONAL SPV LIMITED,30-10-2025,CLARA FORMATIONS LIMITED,Licensed,Special purpose vehicle
NURA HOLDING LIMITED,30-10-2025,OCORIAN CORPORATE SERVICES (ME) LIMITED,Licensed,Special purpose vehicle
PONIENTE DIGITAL ASSETS HOLDING LIMITED,30-10-2025,J. AWAN & PARTNERS LIMITED,Licensed,Special purpose vehicle
DRC FOUNDATION,30-10-2025,ROSEMONT PARTNERS CORPORATE SERVICES LIMITED,Licensed,Foundation
NCB SPV LTD,31-10-2025,10 LEAVES LIMITED,Licensed,Special purpose vehicle
MASROOFI HOLDINGS LIMITED,31-10-2025,CLARA FORMATIONS LIMITED,Licensed,Special purpose vehicle
P PROPERTY SPV LIMITED,31-10-2025,AL TAMIMI & CO. CORPORATE SERVICES LIMITED,Licensed,Special purpose vehicle
PG QUADRA HOLDING LIMITED,31-10-2025,CROWE MAK LLP,Licensed,Special purpose vehicle
NRT HOLDINGS LTD,31-10-2025,ASSISS LTD,Licensed,Special purpose vehicle
SIGHTLINE HOLDINGS LTD,31-10-2025,ASSISS LTD,Licensed,Special purpose vehicle
SUPERCELL HOLDING LTD,31-10-2025,CLARA FORMATIONS LIMITED,Licensed,Special purpose vehicle
TIM HOLDINGS LIMITED,31-10-2025,CLARA FORMATIONS LIMITED,Licensed,Special purpose vehicle
LILY FOUNDATION,31-10-2025,JTC CORPORATE SERVICES (DIFC) LIMITED,Licensed,Foundation
E POINT ZERO ENERGY HOLDING RSC LTD,03-11-2025,,Licensed,Special purpose vehicle
NUVE BEAUTY HOLDINGS LIMITED,03-11-2025,CLARA FORMATIONS LIMITED,Licensed,Special purpose vehicle
FINX MIDDLE EAST HOLDINGS LIMITED,03-11-2025,CSP GROUP LTD,Licensed,Special purpose vehicle
THE EMPTY QUARTER HOLDING LIMITED,03-11-2025,J. AWAN & PARTNERS LIMITED,Licensed,Special purpose vehicle
TADAMON OVERSEAS SPV RSC LTD,03-11-2025,,Licensed,Special purpose vehicle
TRIPLE EIGHT HOLDING LIMITED,03-11-2025,STROLLA LLP,Licensed,Special purpose vehicle
EAGLE HILLS ENOTRIA HOLDINGS LIMITED,04-11-2025,ACCLIME CORPORATE SERVICES LIMITED,Licensed,Special purpose vehicle
LAZE HOLDINGS LIMITED,04-11-2025,ELNAGGAR & PARTNERS LIMITED,Licensed,Special purpose vehicle
CUBE INVESTMENT ONE SPV RSC LIMITED,04-11-2025,,Licensed,Special purpose vehicle
LAYL HOSPITALITY HOLDING LTD,04-11-2025,WALKERS PROFESSIONAL SERVICES (MIDDLE EAST) LIMITED,Licensed,Special purpose vehicle
CUBE GROUP HOLDING RSC LIMITED,04-11-2025,,Licensed,Special purpose vehicle
ALMARA HOLDINGS LTD,04-11-2025,ADS INVESTMENT SOLUTIONS LIMITED,Licensed,Special purpose vehicle
AHBS HOLDING COMPANY LIMITED,04-11-2025,M-HQ LTD,Licensed,Special purpose vehicle
NEXT AGENT HOLDINGS LIMITED,04-11-2025,CLARA FORMATIONS LIMITED,Licensed,Special purpose vehicle
VELING TAYARA HOLDING LTD,04-11-2025,WALKERS PROFESSIONAL SERVICES (MIDDLE EAST) LIMITED,Licensed,Special purpose vehicle
RIDE SKIPPER HOLDINGS LTD,04-11-2025,BANKS LEGAL LIMITED,Licensed,Special purpose vehicle
MAN101 FOUNDATION,04-11-2025,ACCLIME CORPORATE SERVICES LIMITED,Licensed,Foundation
THE HARRISON FAMILY FOUNDATION,04-11-2025,ARGENTUM LAW LTD,Licensed,Foundation
CHOCOLAKE HOLDINGS LTD,05-11-2025,AL TAMIMI & CO. CORPORATE SERVICES LIMITED,Licensed,Special purpose vehicle
FF EQUITY HOLDING LTD,05-11-2025,10 LEAVES LIMITED,Licensed,Special purpose vehicle
BLUESTREAM HOLDING LIMITED,05-11-2025,CLARA FORMATIONS LIMITED,Licensed,Special purpose vehicle
MAADIN AL NOOR SPV RSC LIMITED,05-11-2025,AL TAMIMI & CO. CORPORATE SERVICES LIMITED,Licensed,Special purpose vehicle
ORIGEN INVESTMENT ONE SPV LIMITED,05-11-2025,,Licensed,Special purpose vehicle
MODASO MGMT HOLDING LIMITED,05-11-2025,VISTRA (MIDDLE EAST) LTD,Licensed,Special purpose vehicle
SHARDING HOLDINGS LIMITED,05-11-2025,CLARA FORMATIONS LIMITED,Licensed,Special purpose vehicle
SUMMERLAND HOLDINGS LTD,05-11-2025,CLARA FORMATIONS LIMITED,Licensed,Special purpose vehicle
XANTIUM HOLDING LIMITED,05-11-2025,MAPLES FIDUCIARY SERVICES (MIDDLE EAST) LIMITED,Licensed,Special purpose vehicle
VIONARA FOUNDATION,05-11-2025,ROSEMONT PARTNERS CORPORATE SERVICES LIMITED,Licensed,Foundation
INFINITY TV SPV RSC LTD,06-11-2025,,Licensed,Special purpose vehicle
ALPHA 6 SPV LIMITED,06-11-2025,WALKERS PROFESSIONAL SERVICES (MIDDLE EAST) LIMITED,Licensed,Special purpose vehicle
DESK WAREHOUSE SPV LIMITED,06-11-2025,WALKERS PROFESSIONAL SERVICES (MIDDLE EAST) LIMITED,Licensed,Special purpose vehicle
LIVSHO HOLDINGS LIMITED,06-11-2025,CLARA FORMATIONS LIMITED,Licensed,Special purpose vehicle
LUSAIR INVESTMENTS HOLDINGS LIMITED,06-11-2025,,Licensed,Special purpose vehicle
AVERON INVESTMENTS HOLDINGS LIMITED,06-11-2025,,Licensed,Special purpose vehicle
MDD INVESTMENT HOLDINGS LIMITED,06-11-2025,CLARA FORMATIONS LIMITED,Licensed,Special purpose vehicle
MESO TECH HOLDING LIMITED,06-11-2025,ASSISS LTD,Licensed,Special purpose vehicle
MGP HOLDINGS LIMITED,06-11-2025,COUNSEL SERVICES LIMITED,Licensed,Special purpose vehicle
PRIME VALE HOLDINGS LIMITED,06-11-2025,ROSEMONT PARTNERS CORPORATE SERVICES LIMITED,Licensed,Special purpose vehicle
RABBAH HOLDING COMPANY LTD,06-11-2025,CLARA FORMATIONS LIMITED,Licensed,Special purpose vehicle
VIVIR COFFEE HOLDINGS LIMITED,06-11-2025,CLARA FORMATIONS LIMITED,Licensed,Special purpose vehicle
ZOLARE HOLDINGS LTD,06-11-2025,CLARA FORMATIONS LIMITED,Licensed,Special purpose vehicle
WEAREONEPOINTFIVE HOLDINGS LIMITED,06-11-2025,CLARA FORMATIONS LIMITED,Licensed,Special purpose vehicle
VELAR INVESTMENTS HOLDINGS LIMITED,06-11-2025,,Licensed,Special purpose vehicle
ANALYTICAL FOUNDATION,06-11-2025,GRIFFIN CORPORATE SERVICES LTD,Licensed,Foundation
OWS CAPITAL HOLDINGS LTD,07-11-2025,CSP GROUP LTD,Licensed,Special purpose vehicle
RHIZOME HOLDINGS LTD,07-11-2025,ROSEMONT PARTNERS CORPORATE SERVICES LIMITED,Licensed,Special purpose vehicle
RIGHTMOVE FOUNDATION,07-11-2025,SANCTUARY CORPORATE SERVICES FZ LLC,Licensed,Foundation
CUBE OVERSEAS REAL ESTATE HOLDING RSC LIMITED,10-11-2025,,Licensed,Special purpose vehicle
FDH INVESTMENTS SPV RSC LTD,10-11-2025,,Licensed,Special purpose vehicle
GPP 1 SPV LTD,10-11-2025,WALKERS PROFESSIONAL SERVICES (MIDDLE EAST) LIMITED,Licensed,Special purpose vehicle
HARTFORD PROPERTY INVESTMENT HOLDING RSC LTD,10-11-2025,,Licensed,Special purpose vehicle
MONDEVO HOLDING LIMITED,10-11-2025,APEX CORPORATE SERVICES (ME) LTD,Licensed,Special purpose vehicle
GREEN DESERT HOLDINGS LIMITED,10-11-2025,CLARA FORMATIONS LIMITED,Licensed,Special purpose vehicle
RUSTIC EARTH HOLDING LIMITED,10-11-2025,GRIFFIN CORPORATE SERVICES LTD,Licensed,Special purpose vehicle
STONE ENTERPRISES HOLDING RSC LTD,10-11-2025,,Licensed,Special purpose vehicle
EAST HILL INVESTMENTS SPV LTD,11-11-2025,RAD CORPORATE SERVICES LIMITED,Licensed,Special purpose vehicle
DOSOR PROPERTIES HOLDING LIMITED,11-11-2025,MABA CORPORATE SERVICES LIMITED,Licensed,Special purpose vehicle
DESK HOLDINGS LIMITED,11-11-2025,CLARA FORMATIONS LIMITED,Licensed,Special purpose vehicle
EUDC ENVIRONMENT HOLDING COMPANY LTD,11-11-2025,10 LEAVES LIMITED,Licensed,Special purpose vehicle
PALACE GROUP HOLDINGS LIMITED,11-11-2025,WALKERS PROFESSIONAL SERVICES (MIDDLE EAST) LIMITED,Licensed,Special purpose vehicle
PALM 61 SPV LIMITED,11-11-2025,AL TAMIMI & CO. CORPORATE SERVICES LIMITED,Licensed,Special purpose vehicle
OKA INVESTMENT HOLDINGS LTD,11-11-2025,EQUUS CORPORATE LIMITED,Licensed,Special purpose vehicle
PARAJD GROUP HOLDINGS LTD,11-11-2025,EQUUS CORPORATE LIMITED,Licensed,Special purpose vehicle
SAT HOLDINGS LIMITED,11-11-2025,CLARA FORMATIONS LIMITED,Licensed,Special purpose vehicle
SELAL HOLDINGS LIMITED,11-11-2025,CLARA FORMATIONS LIMITED,Licensed,Special purpose vehicle
DESERT12 FOUNDATION,11-11-2025,ROSEMONT PARTNERS CORPORATE SERVICES LIMITED,Licensed,Foundation
FLY TWO HOLDING LTD,12-11-2025,MABA CORPORATE SERVICES LIMITED,Licensed,Special purpose vehicle
BLUECURRENT RESIDENCES HOLDINGS LIMITED,12-11-2025,,Licensed,Special purpose vehicle
COASTERA RESIDENCES HOLDINGS LIMITED,12-11-2025,,Licensed,Special purpose vehicle
DUNE INVESTMENTS SPV RSC LTD,12-11-2025,,Licensed,Special purpose vehicle
CAKES AND BUBBLES HOLDINGS LIMITED,12-11-2025,10 LEAVES LIMITED,Licensed,Special purpose vehicle
LDH INVESTMENTS SPV RSC LTD,12-11-2025,,Licensed,Special purpose vehicle
GRAVITY INVESTMENTS SPV RSC LTD,12-11-2025,,Licensed,Special purpose vehicle
MERSAT INVESTMENTS SPV RSC LTD,12-11-2025,,Licensed,Special purpose vehicle
ROSE ROCK HOLDINGS LIMITED,12-11-2025,SOVEREIGN CORPORATE SERVICES ME LIMITED,Licensed,Special purpose vehicle
MRI ADRIATIC SPV LIMITED,12-11-2025,AL TAMIMI & CO. CORPORATE SERVICES LIMITED,Licensed,Special purpose vehicle
SEAWING RESIDENCES HOLDINGS LIMITED,12-11-2025,,Licensed,Special purpose vehicle
RIMAL INVESTMENTS SPV RSC LTD,12-11-2025,,Licensed,Special purpose vehicle
SULMI HOLDING LTD,12-11-2025,CLARA FORMATIONS LIMITED,Licensed,Special purpose vehicle
STEINRIDGE INDUSTRIAL HOLDINGS LIMITED,12-11-2025,GRANT THORNTON AUDIT AND ACCOUNTING LIMITED,Licensed,Special purpose vehicle
7-EM OVERSEAS SPV RSC LTD,13-11-2025,,Licensed,Special purpose vehicle
ALPHA F&B HOLDINGS LIMITED,13-11-2025,CLARA FORMATIONS LIMITED,Licensed,Special purpose vehicle
GHAF VET PARTNERS HOLDINGS LIMITED,13-11-2025,STROLLA LLP,Licensed,Special purpose vehicle
MIC UAE INVESTMENTS 3 RSC LIMITED,13-11-2025,WALKERS PROFESSIONAL SERVICES (MIDDLE EAST) LIMITED,Licensed,Special purpose vehicle
NEIGHBORHOOD BAR SPV LTD,13-11-2025,AL TAMIMI & CO. CORPORATE SERVICES LIMITED,Licensed,Special purpose vehicle
MINERVA HOLDING RSC LTD,13-11-2025,,Licensed,Special purpose vehicle
ROBOHUB HOLDING RSC LTD,13-11-2025,,Licensed,Special purpose vehicle
TERRA ONE SPV RSC LTD,13-11-2025,,Licensed,Special purpose vehicle
SIX SENSES RE HOLDINGS LTD,13-11-2025,WALKERS PROFESSIONAL SERVICES (MIDDLE EAST) LIMITED,Licensed,Special purpose vehicle
TK REAL ESTATE HOLDINGS LTD,13-11-2025,WALKERS PROFESSIONAL SERVICES (MIDDLE EAST) LIMITED,Licensed,Special purpose vehicle
CAMPANARIO FOUNDATION,13-11-2025,ROSEMONT PARTNERS CORPORATE SERVICES LIMITED,Licensed,Foundation
ADVANCED DIGITAL GAMING TECHNOLOGY HOLDINGS LTD,14-11-2025,ASSISS LTD,Licensed,Special purpose vehicle
AUM GROUP HOLDINGS LIMITED,14-11-2025,CLARA FORMATIONS LIMITED,Licensed,Special purpose vehicle
AL KHAMSA INVESTMENT SPV RSC LTD,14-11-2025,,Licensed,Special purpose vehicle
AUTOGO HOLDING RSC LTD,14-11-2025,,Licensed,Special purpose vehicle
BAP ONE HOLDING COMPANY LTD,14-11-2025,CSC CORPORATE SERVICES (MIDDLE EAST) LIMITED,Licensed,Special purpose vehicle
FM6 HOLDINGS LIMITED,14-11-2025,ROSEMONT PARTNERS CORPORATE SERVICES LIMITED,Licensed,Special purpose vehicle
CARGO X HOLDING RSC LTD,14-11-2025,,Licensed,Special purpose vehicle
PARKONIC STRATEGIC HOLDING SPV LIMITED,14-11-2025,CLYDE SERVICES LIMITED,Licensed,Special purpose vehicle
TERRA TWO SPV RSC LTD,14-11-2025,,Licensed,Special purpose vehicle
SKYZ INVESTMENTS SPV RSC LTD,16-11-2025,,Licensed,Special purpose vehicle
BFL FOUNDATION,16-11-2025,ROSEMONT PARTNERS CORPORATE SERVICES LIMITED,Licensed,Foundation
HLSSP (GP) SPV LIMITED,17-11-2025,,Licensed,Special purpose vehicle
AL JUDE KAZA HOLDING RSC LTD,17-11-2025,,Licensed,Special purpose vehicle
CUBE REAL ESTATE ONE SPV RSC LIMITED,17-11-2025,,Licensed,Special purpose vehicle
EQCM HOLDING LIMITED,17-11-2025,J. AWAN & PARTNERS LIMITED,Licensed,Special purpose vehicle
COPTERRA HOLDINGS LTD,17-11-2025,CROWE MAK LLP,Licensed,Special purpose vehicle
B11 HOLDING LIMITED,17-11-2025,CROWE MAK LLP,Licensed,Special purpose vehicle
B13 HOLDING LIMITED,17-11-2025,CROWE MAK LLP,Licensed,Special purpose vehicle
PG OFF-PLAN PROJECTS HOLDING LIMITED,17-11-2025,WALKERS PROFESSIONAL SERVICES (MIDDLE EAST) LIMITED,Licensed,Special purpose vehicle
PG PROPCO HOLDING LIMITED,17-11-2025,WALKERS PROFESSIONAL SERVICES (MIDDLE EAST) LIMITED,Licensed,Special purpose vehicle
PG VILLAS HOLDING LIMITED,17-11-2025,WALKERS PROFESSIONAL SERVICES (MIDDLE EAST) LIMITED,Licensed,Special purpose vehicle
INFINITY AI SPV LTD,17-11-2025,WALKERS PROFESSIONAL SERVICES (MIDDLE EAST) LIMITED,Licensed,Special purpose vehicle
MIRAN HOLDING RSC LTD,17-11-2025,,Licensed,Special purpose vehicle
PG PROJECTS HOLDING LIMITED,17-11-2025,WALKERS PROFESSIONAL SERVICES (MIDDLE EAST) LIMITED,Licensed,Special purpose vehicle
RAZAH RZ HOLDINGS LIMITED,17-11-2025,ROSEMONT PARTNERS CORPORATE SERVICES LIMITED,Licensed,Special purpose vehicle
RMSS HOLDING SPV LTD,17-11-2025,STRAVICA CORPORATE SERVICES LIMITED,Licensed,Special purpose vehicle
SAS INVEST FOUNDATION,17-11-2025,GRANT THORNTON AUDIT AND ACCOUNTING LIMITED,Licensed,Foundation
GALAXIAN HOLDINGS LIMITED,18-11-2025,CLYDE SERVICES LIMITED,Licensed,Special purpose vehicle
LSOII SPV 2 LTD,18-11-2025,,Licensed,Special purpose vehicle
MEER HOLDING LIMITED,18-11-2025,MABA CORPORATE SERVICES LIMITED,Licensed,Special purpose vehicle
LSOII SPV 1 LTD,18-11-2025,,Licensed,Special purpose vehicle
LSOII SPV 3 LTD,18-11-2025,,Licensed,Special purpose vehicle
NEW ERA EDUCATION HOLDING LIMITED,18-11-2025,GRIFFIN CORPORATE SERVICES LTD,Licensed,Special purpose vehicle
MANOR PROPERTY 1 HOLDING LTD,18-11-2025,STRAVICA CORPORATE SERVICES LIMITED,Licensed,Special purpose vehicle
VECTURA PROPERTIES HOLDINGS RSC LTD,18-11-2025,,Licensed,Special purpose vehicle
SMART X SPV LTD,18-11-2025,10 LEAVES LIMITED,Licensed,Special purpose vehicle
INVESTMENT PARTNERS 888 SPV LIMITED,19-11-2025,MAPLES FIDUCIARY SERVICES (MIDDLE EAST) LIMITED,Licensed,Special purpose vehicle
AMWAJ MENA INVESTMENTS HOLDING LIMITED,19-11-2025,TRIAM CONSULTANCIES PRIVATE LIMITED,Licensed,Special purpose vehicle
MESWAK TWO HOLDING COMPANY LIMITED,19-11-2025,JTC CORPORATE SERVICES (DIFC) LIMITED,Licensed,Special purpose vehicle
REM REDEVELOPMENT 1 HOLDINGS LIMITED,19-11-2025,CLARA FORMATIONS LIMITED,Licensed,Special purpose vehicle
MIC WCM 1 RSC LIMITED,19-11-2025,WALKERS PROFESSIONAL SERVICES (MIDDLE EAST) LIMITED,Licensed,Special purpose vehicle
TB01 HOLDING LIMITED,19-11-2025,WALKERS PROFESSIONAL SERVICES (MIDDLE EAST) LIMITED,Licensed,Special purpose vehicle
TB02 HOLDING LIMITED,19-11-2025,WALKERS PROFESSIONAL SERVICES (MIDDLE EAST) LIMITED,Licensed,Special purpose vehicle
ROBOX HOLDING RSC LTD,19-11-2025,,Licensed,Special purpose vehicle
EVG FOUNDATION,19-11-2025,AZHARI & ASSOCIATES LTD,Licensed,Foundation
BUENAURA SPV GLOBAL LTD,20-11-2025,EQUUS CORPORATE LIMITED,Licensed,Special purpose vehicle
HLSSP SPV 1 LIMITED,20-11-2025,,Licensed,Special purpose vehicle
GROWTH MENA SPV LIMITED,20-11-2025,AL TAMIMI & CO. CORPORATE SERVICES LIMITED,Licensed,Special purpose vehicle
ICONS MEDIA GROUP HOLDINGS LTD,20-11-2025,ROSEMONT PARTNERS CORPORATE SERVICES LIMITED,Licensed,Special purpose vehicle
INFRASCAN INNOVATIONS HOLDINGS LIMITED,20-11-2025,CLARA FORMATIONS LIMITED,Licensed,Special purpose vehicle
MARBRIDGE HOLDINGS LIMITED,20-11-2025,SANCTUARY CORPORATE SERVICES FZ LLC,Licensed,Special purpose vehicle
OMENDON HOLDING LTD,20-11-2025,10 LEAVES LIMITED,Licensed,Special purpose vehicle
STRIDE GLOBAL CAPITAL GP LTD,20-11-2025,,Licensed,Special purpose vehicle
PROPKEE HOLDING LIMITED,20-11-2025,CLARA FORMATIONS LIMITED,Licensed,Special purpose vehicle
SUZUKI HOLDINGS LTD,20-11-2025,ROSEMONT PARTNERS CORPORATE SERVICES LIMITED,Licensed,Special purpose vehicle
CHARIS FOUNDATION,20-11-2025,KALANTAR BUSINESS LAW GROUP LTD,Licensed,Foundation
RAJANI INFINITO FOUNDATION,20-11-2025,ACCLIME CORPORATE SERVICES LIMITED,Licensed,Foundation
OVERSEAS MARINE SIX SPV LTD,23-11-2025,CSP GROUP LTD,Licensed,Special purpose vehicle
OVERSEAS MARINE FIVE SPV LTD,23-11-2025,CSP GROUP LTD,Licensed,Special purpose vehicle
GFAL GROUP HOLDINGS LIMITED,23-11-2025,CLARA FORMATIONS LIMITED,Licensed,Special purpose vehicle
OVERSEAS MARINE FOUR SPV LTD,23-11-2025,CSP GROUP LTD,Licensed,Special purpose vehicle
ARBOR HOLDINGS LTD,24-11-2025,ARGENTUM LAW LTD,Licensed,Special purpose vehicle
EMERALD CAPITAL THREE HOLDING RSC LTD,24-11-2025,,Licensed,Special purpose vehicle
BLAME THE GAME HOLDINGS LIMITED,24-11-2025,CLARA FORMATIONS LIMITED,Licensed,Special purpose vehicle
NOVYRA HOLDINGS LIMITED,24-11-2025,CLARA FORMATIONS LIMITED,Licensed,Special purpose vehicle
ZENITH ASSETS HOLDING RSC LTD,24-11-2025,,Licensed,Special purpose vehicle
EMERALD CAPITAL TWO HOLDING RSC LTD,24-11-2025,,Licensed,Special purpose vehicle
ALTHENA HOLDING LIMITED,25-11-2025,10 LEAVES LIMITED,Licensed,Special purpose vehicle
ENODES HOLDINGS LTD,25-11-2025,CLARA FORMATIONS LIMITED,Licensed,Special purpose vehicle
MRI PASTRY & CHOCOLATE ATELIER SPV LTD,25-11-2025,AL TAMIMI & CO. CORPORATE SERVICES LIMITED,Licensed,Special purpose vehicle
AXIOS HOLDING RSC LTD,25-11-2025,,Licensed,Special purpose vehicle
TAITAN HOLDING LIMITED,25-11-2025,J. AWAN & PARTNERS LIMITED,Licensed,Special purpose vehicle
THREE60 ENERGY TOTAL VISION HOLDINGS LIMITED,25-11-2025,CSP GROUP LTD,Licensed,Special purpose vehicle
THREE60 ENERGY HOLDINGS LIMITED,25-11-2025,CSP GROUP LTD,Licensed,Special purpose vehicle
EPG HOLDING LIMITED,26-11-2025,CLARA FORMATIONS LIMITED,Licensed,Special purpose vehicle
MCM SPV LTD,26-11-2025,SANCTUARY CORPORATE SERVICES FZ LLC,Licensed,Special purpose vehicle
L'IMAD INVESTMENT RSC LTD,26-11-2025,,Licensed,Special purpose vehicle
B14 HOLDING LIMITED,26-11-2025,CROWE MAK LLP,Licensed,Special purpose vehicle
PG VENTURE HOLDING LIMITED,26-11-2025,WALKERS PROFESSIONAL SERVICES (MIDDLE EAST) LIMITED,Licensed,Special purpose vehicle
REM HOUSE HOLDINGS LIMITED,26-11-2025,CLARA FORMATIONS LIMITED,Licensed,Special purpose vehicle
THE SHARED HUMANITY FOUNDATION,26-11-2025,STROLLA LLP,Licensed,Foundation
A22 HOLDING LIMITED,27-11-2025,WALKERS PROFESSIONAL SERVICES (MIDDLE EAST) LIMITED,Licensed,Special purpose vehicle
ARTISTIC CONE SPV LIMITED,27-11-2025,SOVEREIGN CORPORATE SERVICES ME LIMITED,Licensed,Special purpose vehicle
CORAL HOLDING RSC LTD,27-11-2025,,Licensed,Special purpose vehicle
A24 HOLDING LIMITED,27-11-2025,WALKERS PROFESSIONAL SERVICES (MIDDLE EAST) LIMITED,Licensed,Special purpose vehicle
ACCORD PARTNERS HOLDINGS LIMITED,27-11-2025,CLARA FORMATIONS LIMITED,Licensed,Special purpose vehicle
A17 HOLDING LIMITED,27-11-2025,WALKERS PROFESSIONAL SERVICES (MIDDLE EAST) LIMITED,Licensed,Special purpose vehicle
ADCB LTIP SPV LIMITED,27-11-2025,PRAXISIFM TRUST LIMITED,Licensed,Special purpose vehicle
EPIC BUILDCON HOLDINGS LIMITED,27-11-2025,ROSEMONT PARTNERS CORPORATE SERVICES LIMITED,Licensed,Special purpose vehicle
KYRA HOLDINGS LIMITED,27-11-2025,VISTRA (MIDDLE EAST) LTD,Licensed,Special purpose vehicle
FNT GROUP HOLDING LTD,27-11-2025,EQUUS CORPORATE LIMITED,Licensed,Special purpose vehicle
WINTER SOUNDS HOLDINGS LIMITED,27-11-2025,CLARA FORMATIONS LIMITED,Licensed,Special purpose vehicle
MERIT ENGAGE HOLDINGS LIMITED,27-11-2025,WALKERS PROFESSIONAL SERVICES (MIDDLE EAST) LIMITED,Licensed,Special purpose vehicle
ORGAAGE HOLDING LIMITED,27-11-2025,CLARA FORMATIONS LIMITED,Licensed,Special purpose vehicle
TITIAN LIFE SCIENCES HOLDING LIMITED,27-11-2025,CLARA FORMATIONS LIMITED,Licensed,Special purpose vehicle
ANO GLOBAL WEALTH FOUNDATION,27-11-2025,APEX CORPORATE SERVICES (ME) LTD,Licensed,Foundation
CALIBURN HOLDING LTD,30-11-2025,CLARA FORMATIONS LIMITED,Licensed,Special purpose vehicle
LUNATE INTERACTIVE LIQUIDS SERIES SPV LTD,03-12-2025,,Licensed,Special purpose vehicle
OH RESTAURANTS HOLDING LTD,03-12-2025,EQUUS CORPORATE LIMITED,Licensed,Special purpose vehicle
LBD OAM SPV LIMITED,03-12-2025,MABA CORPORATE SERVICES LIMITED,Licensed,Special purpose vehicle
FORWARD HOLDING RSC LIMITED,03-12-2025,,Licensed,Special purpose vehicle
A15 HOLDING LIMITED,03-12-2025,CROWE MAK LLP,Licensed,Special purpose vehicle
MODERN ENERGIES SPV LTD,03-12-2025,AL TAMIMI & CO. CORPORATE SERVICES LIMITED,Licensed,Special purpose vehicle
APRIL INVESTMENTS HOLDING LIMITED,03-12-2025,AMICORP ADVISORY LIMITED,Licensed,Special purpose vehicle
M D L HOLDINGS LTD,03-12-2025,ASSISS LTD,Licensed,Special purpose vehicle
PALMGATE HOLDINGS LIMITED,03-12-2025,CLARA FORMATIONS LIMITED,Licensed,Special purpose vehicle
PETRA NOVA HOLDING LIMITED,03-12-2025,CLARA FORMATIONS LIMITED,Licensed,Special purpose vehicle
AG FOUNDATION,03-12-2025,ROSEMONT PARTNERS CORPORATE SERVICES LIMITED,Licensed,Foundation
EVATRIX FAMILY FOUNDATION,03-12-2025,CLARA FORMATIONS LIMITED,Licensed,Foundation
VKS FOUNDATION,03-12-2025,HERITAGE CORPORATE SERVICES LIMITED,Licensed,Foundation
INVESTMENT TECHNOLOGY AI RSC LIMITED,04-12-2025,,Licensed,Special purpose vehicle
LUNATE FLOWICON PRIVATE MARKETS (GP) SPV LTD,04-12-2025,,Licensed,Special purpose vehicle
PRAXYS HOLDING SPV LTD,04-12-2025,ELNAGGAR & PARTNERS LIMITED,Licensed,Special purpose vehicle
SIRB AI HOLDING RSC LTD,04-12-2025,,Licensed,Special purpose vehicle
ROSSI FOUNDATION,04-12-2025,M-HQ LTD,Licensed,Foundation
HP GLOBAL SOLUTIONS HOLDING LIMITED,05-12-2025,MAPLES FIDUCIARY SERVICES (MIDDLE EAST) LIMITED,Licensed,Special purpose vehicle
SV01 HOLDING LIMITED,05-12-2025,,Licensed,Special purpose vehicle
AMMITTRA FOUNDATION,05-12-2025,ROSEMONT PARTNERS CORPORATE SERVICES LIMITED,Licensed,Foundation
LUNATE INTERACTIVE PM SERIES SPV LTD,08-12-2025,,Licensed,Special purpose vehicle
KCP HOLDING LIMITED,08-12-2025,RAD CORPORATE SERVICES LIMITED,Licensed,Special purpose vehicle
LDI II STRUCTURED SPV 1 LTD,08-12-2025,,Licensed,Special purpose vehicle
CORELYNX HOLDINGS LIMITED,08-12-2025,CLYDE SERVICES LIMITED,Licensed,Special purpose vehicle
MM ENERGIES SPV LTD,08-12-2025,AL TAMIMI & CO. CORPORATE SERVICES LIMITED,Licensed,Special purpose vehicle
MAPLE MINING HOLDING LIMITED,08-12-2025,10 LEAVES LIMITED,Licensed,Special purpose vehicle
SYNUTRA DN SPV LTD,08-12-2025,AL TAMIMI & CO. CORPORATE SERVICES LIMITED,Licensed,Special purpose vehicle
SP ME PROP CO I SPV LTD,08-12-2025,APEX CORPORATE SERVICES (ME) LTD,Licensed,Special purpose vehicle
ZARAH HOLDING LTD,08-12-2025,10 LEAVES LIMITED,Licensed,Special purpose vehicle
MATOMI FOUNDATION,08-12-2025,CLARA FORMATIONS LIMITED,Licensed,Foundation
B14 SPV LIMITED,09-12-2025,CROWE MAK LLP,Licensed,Special purpose vehicle
CONE DENIM HOLDINGS LIMITED,09-12-2025,SOVEREIGN CORPORATE SERVICES ME LIMITED,Licensed,Special purpose vehicle
EQUILIBRIUM 3 RSC LIMITED,09-12-2025,,Licensed,Special purpose vehicle
HIS PROP CO I SPV LTD,09-12-2025,APEX CORPORATE SERVICES (ME) LTD,Licensed,Special purpose vehicle
FIX HOLDINGS LTD,09-12-2025,CLARA FORMATIONS LIMITED,Licensed,Special purpose vehicle
RCOPG CORP HOLDINGS LIMITED,09-12-2025,CLARA FORMATIONS LIMITED,Licensed,Special purpose vehicle
RWA HOLDING LTD,09-12-2025,CLARA FORMATIONS LIMITED,Licensed,Special purpose vehicle
ALEA FOUNDATION,09-12-2025,MAPLES FIDUCIARY SERVICES (MIDDLE EAST) LIMITED,Licensed,Foundation
MARIGOLD FOUNDATION,09-12-2025,HERITAGE CORPORATE SERVICES LIMITED,Licensed,Foundation
ROOTSHELL FOUNDATION,09-12-2025,MAPLES FIDUCIARY SERVICES (MIDDLE EAST) LIMITED,Licensed,Foundation
PACKDEV HOLDINGS LIMITED,10-12-2025,CLARA FORMATIONS LIMITED,Licensed,Special purpose vehicle
TURGEN HOLDING LTD,10-12-2025,ASSISS LTD,Licensed,Special purpose vehicle
D-MRI HOLDINGS LTD,10-12-2025,RAD CORPORATE SERVICES LIMITED,Licensed,Special purpose vehicle
ITTIKAR HOLDING LIMITED,10-12-2025,APEX CORPORATE SERVICES (ME) LTD,Licensed,Special purpose vehicle
HPSA SOLUTIONS HOLDING LIMITED,10-12-2025,MAPLES FIDUCIARY SERVICES (MIDDLE EAST) LIMITED,Licensed,Special purpose vehicle
MAYADAL HOLDING LTD,10-12-2025,CROWE MAK LLP,Licensed,Special purpose vehicle
PALLADIUM BIDCO SPV LIMITED,10-12-2025,MAPLES FIDUCIARY SERVICES (MIDDLE EAST) LIMITED,Licensed,Special purpose vehicle
IRON HOLDINGS LIMITED,10-12-2025,CLARA FORMATIONS LIMITED,Licensed,Special purpose vehicle
PLAYBACK GAMES HOLDINGS LTD,10-12-2025,CLARA FORMATIONS LIMITED,Licensed,Special purpose vehicle
WAT HOLDINGS LIMITED,10-12-2025,CLARA FORMATIONS LIMITED,Licensed,Special purpose vehicle
TRUS HOLDING SPV LTD,10-12-2025,IDARAH CORPORATE LIMITED,Licensed,Special purpose vehicle
FERTIGO FOUNDATION,10-12-2025,GRANT THORNTON AUDIT AND ACCOUNTING LIMITED,Licensed,Foundation
EVMARINA HOLDINGS LIMITED,11-12-2025,CLARA FORMATIONS LIMITED,Licensed,Special purpose vehicle
EVEREST INVESTMENTS HOLDINGS LIMITED,11-12-2025,,Licensed,Special purpose vehicle
EAI SPV HOLDING LTD,11-12-2025,CLARA FORMATIONS LIMITED,Licensed,Special purpose vehicle
MINERVA RENEWABLES HOLDING RSC LTD,11-12-2025,,Licensed,Special purpose vehicle
KIAN FOO HOLDING LTD,11-12-2025,CLARA FORMATIONS LIMITED,Licensed,Special purpose vehicle
FURTHER VENTURES GP II LIMITED,11-12-2025,TMF GROUP FIDUCIARY SERVICES LIMITED,Licensed,Special purpose vehicle
X8 GLOBAL BUILDING TECHNOLOGIES HOLDING LTD,11-12-2025,ELNAGGAR & PARTNERS LIMITED,Licensed,Special purpose vehicle
VENTORE GROUP INVESTMENT HOLDINGS LIMITED,11-12-2025,CLARA FORMATIONS LIMITED,Licensed,Special purpose vehicle
VERDIVA HOLDING RSC LTD,11-12-2025,,Licensed,Special purpose vehicle
ETHERNA FOUNDATION,11-12-2025,HISTORY LIMITED,Licensed,Foundation
MAYADA FOUNDATION,11-12-2025,10 LEAVES LIMITED,Licensed,Foundation
GREEN TECH HOLDINGS LIMITED,12-12-2025,M-HQ LTD,Licensed,Special purpose vehicle
SMART ESSENCE HOLDING LTD,12-12-2025,STROLLA LLP,Licensed,Special purpose vehicle
AQUAMARINE HOLDINGS LIMITED,12-12-2025,CLARA FORMATIONS LIMITED,Licensed,Special purpose vehicle
MODON ENTERPRISES SPV LIMITED,12-12-2025,CLARA FORMATIONS LIMITED,Licensed,Special purpose vehicle
OTLOS INVESTMENTS HOLDINGS LIMITED,12-12-2025,,Licensed,Special purpose vehicle
STOC HOLDING COMPANY LIMITED,12-12-2025,,Licensed,Special purpose vehicle
PURE RALLY FOUNDATION,12-12-2025,RAD CORPORATE SERVICES LIMITED,Licensed,Foundation
THE J2 FOUNDATION,12-12-2025,M-HQ LTD,Licensed,Foundation
INVESTINDUSTRIAL MENA GP LIMITED,15-12-2025,MAPLES FIDUCIARY SERVICES (MIDDLE EAST) LIMITED,Licensed,Special purpose vehicle
ALTIORA HOLDING LTD,15-12-2025,ROSEMONT PARTNERS CORPORATE SERVICES LIMITED,Licensed,Special purpose vehicle
ELECTROMECH GLOBAL HOLDINGS LTD,15-12-2025,IDARAH CORPORATE LIMITED,Licensed,Special purpose vehicle
RBW GROUP HOLDINGS LTD,15-12-2025,CLARA FORMATIONS LIMITED,Licensed,Special purpose vehicle
SCATTERED HARVEST HOLDING LIMITED,15-12-2025,ACCLIME CORPORATE SERVICES LIMITED,Licensed,Special purpose vehicle
SHAH FAMILY HOLDINGS LTD,15-12-2025,SANCTUARY CORPORATE SERVICES FZ LLC,Licensed,Special purpose vehicle
YN INVESTMENT HOLDING LIMITED,15-12-2025,ASSISS LTD,Licensed,Special purpose vehicle
LLV PRIVATE FOUNDATION,15-12-2025,KALANTAR BUSINESS LAW GROUP LTD,Licensed,Foundation
LE CAP FOUNDATION,15-12-2025,WALKERS PROFESSIONAL SERVICES (MIDDLE EAST) LIMITED,Licensed,Foundation
MAG VISION FOUNDATION,15-12-2025,WALKERS PROFESSIONAL SERVICES (MIDDLE EAST) LIMITED,Licensed,Foundation
PRIMELINE FOUNDATION,15-12-2025,CLARA FORMATIONS LIMITED,Licensed,Foundation
VMAN FOUNDATION,15-12-2025,10 LEAVES LIMITED,Licensed,Foundation
NORTH YAS HOLDING LIMITED,16-12-2025,,Licensed,Special purpose vehicle
EDGE–ANDURIL ALLIANCE SPV LTD,16-12-2025,,Licensed,Special purpose vehicle
FAZ GLOBAL HOLDING LTD,16-12-2025,STRAVICA CORPORATE SERVICES LIMITED,Licensed,Special purpose vehicle
KLMN INVESTMENT HOLDING LIMITED,16-12-2025,GRIFFIN CORPORATE SERVICES LTD,Licensed,Special purpose vehicle
SOMMIT INVESTMENTS HOLDINGS LIMITED,16-12-2025,,Licensed,Special purpose vehicle
AL AIN AGRICULTURE SPV RSC LTD,17-12-2025,STROLLA LLP,Licensed,Special purpose vehicle
VISION INVEST BIOFUELS HOLDING LIMITED,17-12-2025,CSC CORPORATE SERVICES (MIDDLE EAST) LIMITED,Licensed,Special purpose vehicle
EZZ ELARAB TOURISM AND MOBILITY (ETM) HOLDING LIMITED,17-12-2025,JTC CORPORATE SERVICES (DIFC) LIMITED,Licensed,Special purpose vehicle
DEFENSE AI HOLDING RSC LTD,17-12-2025,,Licensed,Special purpose vehicle
SILVER SKY HOLDINGS LIMITED,17-12-2025,M-HQ LTD,Licensed,Special purpose vehicle
FOUREVER HOLDING LTD,17-12-2025,CLARA FORMATIONS LIMITED,Licensed,Special purpose vehicle
ANGELOU FOUNDATION,17-12-2025,AL TAMIMI & CO. CORPORATE SERVICES LIMITED,Licensed,Foundation
CAMAT FOUNDATION,17-12-2025,CLARA FORMATIONS LIMITED,Licensed,Foundation
DEBS HOLDING LIMITED,18-12-2025,WALKERS PROFESSIONAL SERVICES (MIDDLE EAST) LIMITED,Licensed,Special purpose vehicle
H CAPITAL VENTURES SPV LTD,18-12-2025,ROSEMONT PARTNERS CORPORATE SERVICES LIMITED,Licensed,Special purpose vehicle
LIFI SPV 1 LTD,18-12-2025,,Licensed,Special purpose vehicle
SLO HOLDING LTD,18-12-2025,ROSEMONT PARTNERS CORPORATE SERVICES LIMITED,Licensed,Special purpose vehicle
LUNATE AGGREGATOR (GP) SPV LTD,18-12-2025,,Licensed,Special purpose vehicle
HODIEB FOUNDATION,18-12-2025,AL TAMIMI & CO. CORPORATE SERVICES LIMITED,Licensed,Foundation
ANKIDO TECH HOLDING LTD,19-12-2025,CLARA FORMATIONS LIMITED,Licensed,Special purpose vehicle
ADROBOTICS HOLDING LTD,19-12-2025,,Licensed,Special purpose vehicle
FRANKEL STAR HOLDING LIMITED,19-12-2025,CSP GROUP LTD,Licensed,Special purpose vehicle
DIGITECT SPV LTD,19-12-2025,AL TAMIMI & CO. CORPORATE SERVICES LIMITED,Licensed,Special purpose vehicle
JAAZ28 HOLDINGS LIMITED,19-12-2025,STROLLA LLP,Licensed,Special purpose vehicle
OHM HOLDINGS LTD,19-12-2025,CLARA FORMATIONS LIMITED,Licensed,Special purpose vehicle
VECTRON HOLDINGS LTD,19-12-2025,MABA CORPORATE SERVICES LIMITED,Licensed,Special purpose vehicle
ALPHA BLUE GROUP FOUNDATION,19-12-2025,CLYDE SERVICES LIMITED,Licensed,Foundation
ALPHA GREEN GROUP FOUNDATION,19-12-2025,CLYDE SERVICES LIMITED,Licensed,Foundation
O&F NEXT SPV LIMITED,22-12-2025,AL TAMIMI & CO. CORPORATE SERVICES LIMITED,Licensed,Special purpose vehicle
LUNATE FUND OF FUNDS II (BLOCKER) SPV LTD,22-12-2025,,Licensed,Special purpose vehicle
SAMAYA HEALTHCARE GROUP HOLDING LIMITED,22-12-2025,10 LEAVES LIMITED,Licensed,Special purpose vehicle
LUNATE RESIDENTIAL JV SPV LTD,22-12-2025,,Licensed,Special purpose vehicle
AUDAX SPV LIMITED,22-12-2025,AMICORP ADVISORY LIMITED,Licensed,Special purpose vehicle
SMD HOLDING LTD,22-12-2025,CLARA FORMATIONS LIMITED,Licensed,Special purpose vehicle
REGULUS FOUNDATION,22-12-2025,,Licensed,Foundation
BLACKWAVE HOLDING LTD,23-12-2025,SOVEREIGN CORPORATE SERVICES ME LIMITED,Licensed,Special purpose vehicle
METRA TECHNOLOGIES HOLDING LIMITED,23-12-2025,CLARA FORMATIONS LIMITED,Licensed,Special purpose vehicle
AMAALYA HOLDINGS LIMITED,23-12-2025,TRIAM CONSULTANCIES PRIVATE LIMITED,Licensed,Special purpose vehicle
ONEIM NIXA OFFSHORE SPV LTD,23-12-2025,EQUIOM CORPORATE SERVICES (MIDDLE EAST) LTD,Licensed,Special purpose vehicle
NILEGULF HOLDING RSC LTD,23-12-2025,,Licensed,Special purpose vehicle
SAYDALAH HEALTH CARE ANGEL NETWORK HOLDINGS LIMITED,23-12-2025,CLARA FORMATIONS LIMITED,Licensed,Special purpose vehicle
STERLING ARK HOLDINGS LTD,23-12-2025,CSP GROUP LTD,Licensed,Special purpose vehicle
SARAB HOLDINGS SPV LTD,23-12-2025,10 LEAVES LIMITED,Licensed,Special purpose vehicle
OPAL HOLDING LIMITED,23-12-2025,ASSISS LTD,Licensed,Special purpose vehicle
REDBRICK HOLDINGS LIMITED,23-12-2025,TRIAM CONSULTANCIES PRIVATE LIMITED,Licensed,Special purpose vehicle
SOLID HOSPITALITY GROUP HOLDINGS LIMITED,23-12-2025,CLARA FORMATIONS LIMITED,Licensed,Special purpose vehicle
ETERNITAS FOUNDATION,23-12-2025,M-HQ LTD,Licensed,Foundation
CREST RAYS SPV LTD,24-12-2025,AL TAMIMI & CO. CORPORATE SERVICES LIMITED,Licensed,Special purpose vehicle
AGRISOLUTIONS TECHNOLOGY RSC LTD,24-12-2025,WALKERS PROFESSIONAL SERVICES (MIDDLE EAST) LIMITED,Licensed,Special purpose vehicle
ALPHAFLOW SPV LIMITED,24-12-2025,WALKERS PROFESSIONAL SERVICES (MIDDLE EAST) LIMITED,Licensed,Special purpose vehicle
COMERA DIGITAL HOLDING RSC LTD,24-12-2025,,Licensed,Special purpose vehicle
INSTASPACE HOLDING LIMITED,24-12-2025,CLARA FORMATIONS LIMITED,Licensed,Special purpose vehicle
NOSSA GLOBAL HOLDING LTD,24-12-2025,10 LEAVES LIMITED,Licensed,Special purpose vehicle
RADIUS CORPORATE HOLDING LIMITED,24-12-2025,CLARA FORMATIONS LIMITED,Licensed,Special purpose vehicle
TAKA STUDIO HOLDINGS LIMITED,24-12-2025,CLARA FORMATIONS LIMITED,Licensed,Special purpose vehicle
RIZ HOLDINGS LTD,24-12-2025,10 LEAVES LIMITED,Licensed,Special purpose vehicle
ZOFAD HOLDINGS LIMITED,24-12-2025,CLARA FORMATIONS LIMITED,Licensed,Special purpose vehicle
ENTERMARKETS HOLDINGS LTD,25-12-2025,CLARA FORMATIONS LIMITED,Licensed,Special purpose vehicle
BAGEDO GROUP HOLDING LIMITED,25-12-2025,MABA CORPORATE SERVICES LIMITED,Licensed,Special purpose vehicle
EAJEN HOLDINGS LTD,25-12-2025,CSP GROUP LTD,Licensed,Special purpose vehicle
ACCELS EMEA HOLDINGS LTD,25-12-2025,ROSEMONT PARTNERS CORPORATE SERVICES LIMITED,Licensed,Special purpose vehicle
NEBU PARTNERS HOLDINGS LIMITED,25-12-2025,CLARA FORMATIONS LIMITED,Licensed,Special purpose vehicle
CUREWELL FOUNDATION,25-12-2025,ROSEMONT PARTNERS CORPORATE SERVICES LIMITED,Licensed,Foundation
LUMINOR FOUNDATION,25-12-2025,SANCTUARY CORPORATE SERVICES FZ LLC,Licensed,Foundation
ASPAN ENERGY HOLDING LIMITED,26-12-2025,IDARAH CORPORATE LIMITED,Licensed,Special purpose vehicle
WPM HOLDING LTD,26-12-2025,ADS INVESTMENT SOLUTIONS LIMITED,Licensed,Special purpose vehicle
AURALIS FOUNDATION,26-12-2025,GRIFFIN CORPORATE SERVICES LTD,Licensed,Foundation
BRKZ SPV LTD,29-12-2025,WALKERS PROFESSIONAL SERVICES (MIDDLE EAST) LIMITED,Licensed,Special purpose vehicle
AFRILENS HOLDING LTD,29-12-2025,J. AWAN & PARTNERS LIMITED,Licensed,Special purpose vehicle
BAYT AL WAHA HOLDING LTD,29-12-2025,CSP GROUP LTD,Licensed,Special purpose vehicle
ARTEON FOUNDATION,29-12-2025,MABA CORPORATE SERVICES LIMITED,Licensed,Foundation
PHM FOUNDATION,29-12-2025,ELNAGGAR & PARTNERS LIMITED,Licensed,Foundation
POOKIE BEAR FOUNDATION,29-12-2025,GRIFFIN CORPORATE SERVICES LTD,Licensed,Foundation
FINE CARS GROUP HOLDING LIMITED,30-12-2025,CROWE MAK LLP,Licensed,Special purpose vehicle
CELESTINE HOLDINGS LIMITED,30-12-2025,SANCTUARY CORPORATE SERVICES FZ LLC,Licensed,Special purpose vehicle
ELEVATE CO. HOLDING RSC LTD,30-12-2025,,Licensed,Special purpose vehicle
COPART MIDDLE EAST SPV LIMITED,30-12-2025,EQUIOM CORPORATE SERVICES (MIDDLE EAST) LTD,Licensed,Special purpose vehicle
MAISON KOKOON HOLDING LTD,30-12-2025,CSP GROUP LTD,Licensed,Special purpose vehicle
PRIME CO. HOLDING RSC LTD,30-12-2025,,Licensed,Special purpose vehicle
PIA ANCHOR INVEST HOLDING LIMITED,30-12-2025,GRANT THORNTON AUDIT AND ACCOUNTING LIMITED,Licensed,Special purpose vehicle
PRIME VISTA HOLDINGS LIMITED,30-12-2025,ROSEMONT PARTNERS CORPORATE SERVICES LIMITED,Licensed,Special purpose vehicle
PACIFIC GREEN HORIZON ENERGY HOLDINGS LIMITED,30-12-2025,M-HQ LTD,Licensed,Special purpose vehicle
SAMPI FOUNDATION,30-12-2025,STRAVICA CORPORATE SERVICES LIMITED,Licensed,Foundation
ALHADDAB FOUNDATION,31-12-2025,AL TAMIMI & CO. CORPORATE SERVICES LIMITED,Licensed,Foundation
BLUE WORLD INVESTMENTS HOLDING LIMITED,02-01-2026,KPI AHLI CHARTERED ACCOUNTANTS,Licensed,Special purpose vehicle
FINAEX SPV LTD,02-01-2026,STROLLA LLP,Licensed,Special purpose vehicle
GREENLEAF REAL ESTATE HOLDING LTD,02-01-2026,STROLLA LLP,Licensed,Special purpose vehicle
MAKTAB HOLDING LIMITED,02-01-2026,CLARA FORMATIONS LIMITED,Licensed,Special purpose vehicle
NERO HOLDINGS LIMITED,02-01-2026,CLARA FORMATIONS LIMITED,Licensed,Special purpose vehicle
O&F HIVE BARSHA SPV LIMITED,02-01-2026,AL TAMIMI & CO. CORPORATE SERVICES LIMITED,Licensed,Special purpose vehicle
O&F HIVE HOLDING SPV LIMITED,02-01-2026,AL TAMIMI & CO. CORPORATE SERVICES LIMITED,Licensed,Special purpose vehicle
AKI HOLDINGS LIMITED,05-01-2026,CLARA FORMATIONS LIMITED,Licensed,Special purpose vehicle
HUDSON & RYE HOLDINGS LIMITED,05-01-2026,CLARA FORMATIONS LIMITED,Licensed,Special purpose vehicle
NEST HOLDINGS LTD,05-01-2026,CLARA FORMATIONS LIMITED,Licensed,Special purpose vehicle
ONEIM INDIGO HOLDINGS LTD,05-01-2026,EQUIOM CORPORATE SERVICES (MIDDLE EAST) LTD,Licensed,Special purpose vehicle
SCIPIO MINING HOLDING LIMITED,05-01-2026,10 LEAVES LIMITED,Licensed,Special purpose vehicle
UAILABS GROUP HOLDINGS LIMITED,05-01-2026,CLARA FORMATIONS LIMITED,Licensed,Special purpose vehicle
VESPER HOLDINGS LTD,05-01-2026,CLARA FORMATIONS LIMITED,Licensed,Special purpose vehicle
VITAVITY INVESTMENT HOLDING LIMITED,05-01-2026,ACCLIME CORPORATE SERVICES LIMITED,Licensed,Special purpose vehicle
HABIBTECH FOUNDATION,05-01-2026,MABA CORPORATE SERVICES LIMITED,Licensed,Foundation
HBS FOUNDATION,05-01-2026,ROSEMONT PARTNERS CORPORATE SERVICES LIMITED,Licensed,Foundation
JMK FOUNDATION,05-01-2026,KALANTAR BUSINESS LAW GROUP LTD,Licensed,Foundation
R3X FOUNDATION,05-01-2026,IDARAH CORPORATE LIMITED,Licensed,Foundation
WILLIE A&K 2 FOUNDATION,05-01-2026,RAD CORPORATE SERVICES LIMITED,Licensed,Foundation
BASEL EDUCATION SPV LTD,06-01-2026,EQUIOM CORPORATE SERVICES (MIDDLE EAST) LTD,Licensed,Special purpose vehicle
FERANA HOLDING LIMITED,06-01-2026,MABA CORPORATE SERVICES LIMITED,Licensed,Special purpose vehicle
LSOII SPV 5 LTD,06-01-2026,,Licensed,Special purpose vehicle
MDL PROJECT HOLDING LTD,06-01-2026,ASSISS LTD,Licensed,Special purpose vehicle
MODE SPV LTD,06-01-2026,ASSISS LTD,Licensed,Special purpose vehicle
TRUEVISION SPV LTD,06-01-2026,TMF GROUP FIDUCIARY SERVICES LIMITED,Licensed,Special purpose vehicle
THE HARMONY FOUNDATION,06-01-2026,ROSEMONT PARTNERS CORPORATE SERVICES LIMITED,Licensed,Foundation
ASJN INTERNATIONAL PROPERTY HOLDING LTD,07-01-2026,PRAXISIFM TRUST LIMITED,Licensed,Special purpose vehicle
COLOURFUL MANOR HOLDING LTD,07-01-2026,WALKERS PROFESSIONAL SERVICES (MIDDLE EAST) LIMITED,Licensed,Special purpose vehicle
CONCORD JAMASHA RESORT HOLDINGS LIMITED,07-01-2026,WALKERS PROFESSIONAL SERVICES (MIDDLE EAST) LIMITED,Licensed,Special purpose vehicle
LANDERS HOLDINGS LTD,07-01-2026,ROSEMONT PARTNERS CORPORATE SERVICES LIMITED,Licensed,Special purpose vehicle
MCASA INVESTMENT HOLDING LIMITED,07-01-2026,KPI AHLI CHARTERED ACCOUNTANTS,Licensed,Special purpose vehicle
NET ZERO BUILD HOLDING LTD,07-01-2026,CLARA FORMATIONS LIMITED,Licensed,Special purpose vehicle
PLATINUM MASK B 2026 RSC LIMITED,07-01-2026,,Licensed,Special purpose vehicle
RAIN STELLA TECHNOLOGIES HOLDINGS LIMITED,07-01-2026,WALKERS PROFESSIONAL SERVICES (MIDDLE EAST) LIMITED,Licensed,Special purpose vehicle
VGX TECH HOLDINGS LTD,07-01-2026,CLARA FORMATIONS LIMITED,Licensed,Special purpose vehicle
GREAT LAKES FOUNDATION,07-01-2026,ROSEMONT PARTNERS CORPORATE SERVICES LIMITED,Licensed,Foundation
KNOX FOUNDATION,07-01-2026,AL TAMIMI & CO. CORPORATE SERVICES LIMITED,Licensed,Foundation
BANKS GROUP HOLDING COMPANY LIMITED,08-01-2026,BANKS LEGAL LIMITED,Licensed,Special purpose vehicle
C03 HOLDING LIMITED,08-01-2026,CROWE MAK LLP,Licensed,Special purpose vehicle
CRYPTOCORE MINING HOLDING LIMITED,08-01-2026,ACCLIME CORPORATE SERVICES LIMITED,Licensed,Special purpose vehicle
DWA GROUP SPV LTD,08-01-2026,IDARAH CORPORATE LIMITED,Licensed,Special purpose vehicle
IRON ATOLL INVESTMENTS HOLDINGS LIMITED,08-01-2026,CLARA FORMATIONS LIMITED,Licensed,Special purpose vehicle
MAL INVESTMENT HOLDING RSC LTD,08-01-2026,,Licensed,Special purpose vehicle
MONTFORT MARITIME HOLDINGS LTD,08-01-2026,ACCLIME CORPORATE SERVICES LIMITED,Licensed,Special purpose vehicle
MV33 HOLDING LIMITED,08-01-2026,CROWE MAK LLP,Licensed,Special purpose vehicle
NADARA HOLDINGS LIMITED,08-01-2026,HISTORY LIMITED,Licensed,Special purpose vehicle
PEARLFISHER REAL ESTATE HOLDINGS LIMITED,08-01-2026,CLARA FORMATIONS LIMITED,Licensed,Special purpose vehicle
PLATINUM RIDER B 2026 RSC LIMITED,08-01-2026,,Licensed,Special purpose vehicle
SAWA TU HOLDINGS LTD,08-01-2026,ROSEMONT PARTNERS CORPORATE SERVICES LIMITED,Licensed,Special purpose vehicle
SILVERSTONE GLOBAL HOLDING LTD,08-01-2026,GRIFFIN CORPORATE SERVICES LTD,Licensed,Special purpose vehicle
TURBOPROP HOLDING LTD,08-01-2026,RAD CORPORATE SERVICES LIMITED,Licensed,Special purpose vehicle
YASMA HOLDING LTD,08-01-2026,IDARAH CORPORATE LIMITED,Licensed,Special purpose vehicle
KAKAJ FOUNDATION,08-01-2026,IDARAH CORPORATE LIMITED,Licensed,Foundation
LF HOLDING GROUP LIMITED,09-01-2026,GRANT THORNTON AUDIT AND ACCOUNTING LIMITED,Licensed,Special purpose vehicle
SADE INVESTMENTS HOLDING LIMITED,09-01-2026,KPI AHLI CHARTERED ACCOUNTANTS,Licensed,Special purpose vehicle
KIM APOL FOUNDATION,09-01-2026,GRIFFIN CORPORATE SERVICES LTD,Licensed,Foundation
CLARIONNE INVESTMENTS HOLDINGS LIMITED,12-01-2026,,Licensed,Special purpose vehicle
DREAM LINE HOLDING LTD,12-01-2026,10 LEAVES LIMITED,Licensed,Special purpose vehicle
F9 ATOMYX HOLDING LTD,12-01-2026,,Licensed,Special purpose vehicle
FRAMA BUSINESS HOLDINGS LIMITED,12-01-2026,,Licensed,Special purpose vehicle
MEME SPV LTD,12-01-2026,EQUUS CORPORATE LIMITED,Licensed,Special purpose vehicle
OPHYRELIN INVESTMENTS HOLDINGS LIMITED,12-01-2026,,Licensed,Special purpose vehicle
PANASIA HOLDING LTD,12-01-2026,ROSEMONT PARTNERS CORPORATE SERVICES LIMITED,Licensed,Special purpose vehicle
REGEN HYDRO 2 SPV LIMITED,12-01-2026,MABA CORPORATE SERVICES LIMITED,Licensed,Special purpose vehicle
SAVONA INVESTMENTS HOLDINGS LIMITED,12-01-2026,,Licensed,Special purpose vehicle
SSS HOLDING LIMITED,12-01-2026,ACCLIME CORPORATE SERVICES LIMITED,Licensed,Special purpose vehicle
ENERVEST HOLDING LIMITED,13-01-2026,AL TAMIMI & CO. CORPORATE SERVICES LIMITED,Licensed,Special purpose vehicle
IGNIS SAFETY HOLDING LIMITED,13-01-2026,ASSISS LTD,Licensed,Special purpose vehicle
LYRIANA INVESTMENTS HOLDINGS LIMITED,13-01-2026,,Licensed,Special purpose vehicle
NWB INVEST HOLDINGS LIMITED,13-01-2026,M-HQ LTD,Licensed,Special purpose vehicle
RAY HOLDING LTD,13-01-2026,10 LEAVES LIMITED,Licensed,Special purpose vehicle
TENX HOLDINGS LIMITED,13-01-2026,CLARA FORMATIONS LIMITED,Licensed,Special purpose vehicle
SKY LEGACY FOUNDATION,13-01-2026,GRANT THORNTON AUDIT AND ACCOUNTING LIMITED,Licensed,Foundation
ALTICA HOLDING & INVESTMENT LTD,14-01-2026,TRIAM CONSULTANCIES PRIVATE LIMITED,Licensed,Special purpose vehicle
GEOKING SPV LIMITED,14-01-2026,AL TAMIMI & CO. CORPORATE SERVICES LIMITED,Licensed,Special purpose vehicle
GOCAB HOLDINGS LIMITED,14-01-2026,CLARA FORMATIONS LIMITED,Licensed,Special purpose vehicle
HAYAT GORDEEV HOLDINGS LTD,14-01-2026,CLARA FORMATIONS LIMITED,Licensed,Special purpose vehicle
KDR HOLDINGS LIMITED,14-01-2026,CLARA FORMATIONS LIMITED,Licensed,Special purpose vehicle
RR HOLDING LTD,14-01-2026,AL TAMIMI & CO. CORPORATE SERVICES LIMITED,Licensed,Special purpose vehicle
RYPE GLOBAL HOLDING LIMITED,14-01-2026,KPI AHLI CHARTERED ACCOUNTANTS,Licensed,Special purpose vehicle
ATS GLOBAL HOLDINGS LIMITED,15-01-2026,ROSEMONT PARTNERS CORPORATE SERVICES LIMITED,Licensed,Special purpose vehicle
ALEPHYA EDUCATION HOLDING LIMITED,15-01-2026,WALKERS PROFESSIONAL SERVICES (MIDDLE EAST) LIMITED,Licensed,Special purpose vehicle
BLUFIVE LEASING HOLDING SPV LIMITED,15-01-2026,INP IBRAHIM N PARTNERS LEGAL CONSULTANCY LTD,Licensed,Special purpose vehicle
H CAPITAL SECURITIZATION SPV LIMITED,15-01-2026,ROSEMONT PARTNERS CORPORATE SERVICES LIMITED,Licensed,Special purpose vehicle
KAILASH HOLDINGS I LIMITED,15-01-2026,10 LEAVES LIMITED,Licensed,Special purpose vehicle
LYRIANA TERRA HOLDINGS LIMITED,15-01-2026,,Licensed,Special purpose vehicle
RUQAN TERRA HOLDINGS LIMITED,15-01-2026,,Licensed,Special purpose vehicle
SINCERE INVESTMENT HOLDING LTD,15-01-2026,ACCLIME CORPORATE SERVICES LIMITED,Licensed,Special purpose vehicle
XIAOYUN HOLDING LIMITED,15-01-2026,STROLLA LLP,Licensed,Special purpose vehicle
DWAYRE FOUNDATION,15-01-2026,SOVEREIGN CORPORATE SERVICES ME LIMITED,Licensed,Foundation
BALGHAILHAM HOLDING LTD,16-01-2026,,Licensed,Special purpose vehicle
CHIMFIN I STARS GP SPV LTD,16-01-2026,,Licensed,Special purpose vehicle
EQ4 HOLDING LTD,16-01-2026,J. AWAN & PARTNERS LIMITED,Licensed,Special purpose vehicle
LAGOONS WATERFRONT HOLDING LTD,16-01-2026,,Licensed,Special purpose vehicle
LAGOONS WEST HOLDING LTD,16-01-2026,,Licensed,Special purpose vehicle
LITTLE YAS HOLDING LTD,16-01-2026,,Licensed,Special purpose vehicle
LUNATE LEGACY II (GP) SPV 2 LTD,16-01-2026,,Licensed,Special purpose vehicle
MOONSTONE HOLDING RSC LIMITED,16-01-2026,MAPLES FIDUCIARY SERVICES (MIDDLE EAST) LIMITED,Licensed,Special purpose vehicle
RUQAN INVESTMENTS HOLDINGS LIMITED,16-01-2026,,Licensed,Special purpose vehicle
MAXM FOUNDATION,16-01-2026,ROSEMONT PARTNERS CORPORATE SERVICES LIMITED,Licensed,Foundation
ANOORA INVESTMENTS HOLDINGS LIMITED,19-01-2026,,Licensed,Special purpose vehicle
ANOORA TERRA HOLDINGS LIMITED,19-01-2026,,Licensed,Special purpose vehicle
CHAVERE TERRA HOLDINGS LIMITED,19-01-2026,,Licensed,Special purpose vehicle
LUNATE INTERACTIVE LIQUIDS SERIES SPV 2 LTD,19-01-2026,,Licensed,Special purpose vehicle
MOOD TERRA HOLDINGS LIMITED,19-01-2026,,Licensed,Special purpose vehicle
NERQON INVESTMENTS HOLDINGS LIMITED,19-01-2026,,Licensed,Special purpose vehicle
NERQON TERRA HOLDINGS LIMITED,19-01-2026,,Licensed,Special purpose vehicle
NULAXIS TERRA HOLDINGS LIMITED,19-01-2026,,Licensed,Special purpose vehicle
NULAXIS INVESTMENTS HOLDINGS LIMITED,19-01-2026,,Licensed,Special purpose vehicle
O&F HC 24 SPV LIMITED,19-01-2026,AL TAMIMI & CO. CORPORATE SERVICES LIMITED,Licensed,Special purpose vehicle
NUWAH INVESTMENTS SPV LIMITED,19-01-2026,AL TAMIMI & CO. CORPORATE SERVICES LIMITED,Licensed,Special purpose vehicle
PETRALON ENERGY HOLDINGS LIMITED,19-01-2026,M-HQ LTD,Licensed,Special purpose vehicle
QADORY INVESTMENTS HOLDINGS LIMITED,19-01-2026,,Licensed,Special purpose vehicle
QADORY TERRA HOLDINGS LIMITED,19-01-2026,,Licensed,Special purpose vehicle
SELYRX INVESTMENTS HOLDINGS LIMITED,19-01-2026,,Licensed,Special purpose vehicle
SELYRX TERRA HOLDINGS LIMITED,19-01-2026,,Licensed,Special purpose vehicle
SIGMA SQUARE DELTA ONE HOLDING LTD,19-01-2026,SWISS GROUP LEGAL LTD,Licensed,Special purpose vehicle
SKYLAR TERRA HOLDINGS LIMITED,19-01-2026,,Licensed,Special purpose vehicle
SLI EAST HOLDINGS SPV LIMITED,19-01-2026,WALKERS PROFESSIONAL SERVICES (MIDDLE EAST) LIMITED,Licensed,Special purpose vehicle
SUHOR TERRA HOLDINGS LIMITED,19-01-2026,,Licensed,Special purpose vehicle
SUHOR INVESTMENTS HOLDINGS LIMITED,19-01-2026,,Licensed,Special purpose vehicle
THARWA RESOURCES SPV LIMITED,19-01-2026,AL TAMIMI & CO. CORPORATE SERVICES LIMITED,Licensed,Special purpose vehicle
CHAVERE INVESTMENTS HOLDINGS LIMITED,20-01-2026,,Licensed,Special purpose vehicle
FINE PROVISION HOLDING LTD,20-01-2026,ROSEMONT PARTNERS CORPORATE SERVICES LIMITED,Licensed,Special purpose vehicle
FRAMA TERRA HOLDINGS LIMITED,20-01-2026,,Licensed,Special purpose vehicle
FUSION FIVE GROUP HOLDINGS LTD,20-01-2026,CLARA FORMATIONS LIMITED,Licensed,Special purpose vehicle
GREENSTONE HOLDING LIMITED,20-01-2026,SANCTUARY CORPORATE SERVICES FZ LLC,Licensed,Special purpose vehicle
ISOLUTION INVESTMENT HOLDING LIMITED,20-01-2026,SOVEREIGN CORPORATE SERVICES ME LIMITED,Licensed,Special purpose vehicle
KNAV AFFINIAX MIDDLE EAST HOLDINGS LIMITED,20-01-2026,CLARA FORMATIONS LIMITED,Licensed,Special purpose vehicle
MOOD INVESTMENTS HOLDINGS LIMITED,20-01-2026,,Licensed,Special purpose vehicle
PALM 52 SPV LIMITED,20-01-2026,AL TAMIMI & CO. CORPORATE SERVICES LIMITED,Licensed,Special purpose vehicle
ORMEA TERRA HOLDINGS LIMITED,20-01-2026,,Licensed,Special purpose vehicle
ORMEA INVESTMENTS HOLDINGS LIMITED,20-01-2026,,Licensed,Special purpose vehicle
QANORA INVESTMENTS HOLDINGS LIMITED,20-01-2026,,Licensed,Special purpose vehicle
QANORA TERRA HOLDINGS LIMITED,20-01-2026,,Licensed,Special purpose vehicle
SKYLAR INVESTMENTS HOLDINGS LIMITED,20-01-2026,,Licensed,Special purpose vehicle
THAKER FAMILY FOUNDATION,20-01-2026,KPI AHLI CHARTERED ACCOUNTANTS,Licensed,Foundation
ASCENTIUM GLOBAL MIDDLE EAST HOLDINGS LIMITED,21-01-2026,CLARA FORMATIONS LIMITED,Licensed,Special purpose vehicle
ACELEN RENEWABLES CANARY SPV LIMITED,21-01-2026,AL TAMIMI & CO. CORPORATE SERVICES LIMITED,Licensed,Special purpose vehicle
BLUEFIVE ONYX BIDCO II HOLDING LTD,21-01-2026,INP IBRAHIM N PARTNERS LEGAL CONSULTANCY LTD,Licensed,Special purpose vehicle
B2 HOLDINGS LIMITED,21-01-2026,CLARA FORMATIONS LIMITED,Licensed,Special purpose vehicle
BLUEFIVE ONYX BIDCO I HOLDING LTD,21-01-2026,INP IBRAHIM N PARTNERS LEGAL CONSULTANCY LTD,Licensed,Special purpose vehicle
COASTA INVESTMENTS HOLDINGS LIMITED,21-01-2026,,Licensed,Special purpose vehicle
EVEREST TERRA HOLDINGS LIMITED,21-01-2026,,Licensed,Special purpose vehicle
FALCON PROPERTIES 4 HOLDING LIMITED,21-01-2026,AL TAMIMI & CO. CORPORATE SERVICES LIMITED,Licensed,Special purpose vehicle
FRAMA INVESTMENTS HOLDINGS LIMITED,21-01-2026,,Licensed,Special purpose vehicle
HYDRA SPV LTD,21-01-2026,CSP GROUP LTD,Licensed,Special purpose vehicle
MONTREAUX TERRA HOLDINGS LIMITED,21-01-2026,,Licensed,Special purpose vehicle
NIVA BUSINESS HOLDINGS LIMITED,21-01-2026,,Licensed,Special purpose vehicle
NIVA INVESTMENTS HOLDINGS LIMITED,21-01-2026,,Licensed,Special purpose vehicle
NIVA TERRA HOLDINGS LIMITED,21-01-2026,,Licensed,Special purpose vehicle
ORYX CAPITAL SPV LTD,21-01-2026,,Licensed,Special purpose vehicle
SERAVILLA ULTIMA HOLDINGS LIMITED,21-01-2026,,Licensed,Special purpose vehicle
SMARTEXIS HOLDING LTD,21-01-2026,CLARA FORMATIONS LIMITED,Licensed,Special purpose vehicle
STELLAR HOLDING RSC LTD,21-01-2026,,Licensed,Special purpose vehicle
ULTO TERRA HOLDINGS LIMITED,21-01-2026,,Licensed,Special purpose vehicle
ULTO BUSINESS HOLDINGS LIMITED,21-01-2026,,Licensed,Special purpose vehicle
ULTO INVESTMENTS HOLDINGS LIMITED,21-01-2026,,Licensed,Special purpose vehicle
CHARLIE FOUNDATION,21-01-2026,ROSEMONT PARTNERS CORPORATE SERVICES LIMITED,Licensed,Foundation
STAYA FOUNDATION,21-01-2026,KALANTAR BUSINESS LAW GROUP LTD,Licensed,Foundation
BREZZIO INVESTMENTS HOLDINGS LIMITED,22-01-2026,,Licensed,Special purpose vehicle
BINGHATTI AND MODON SPV LTD,22-01-2026,CLARA FORMATIONS LIMITED,Licensed,Special purpose vehicle
VULTEX INVESTMENTS HOLDINGS LIMITED,22-01-2026,,Licensed,Special purpose vehicle
VULTEX TERRA HOLDINGS LIMITED,22-01-2026,,Licensed,Special purpose vehicle
ZAVION HOLDING LTD,22-01-2026,EQUUS CORPORATE LIMITED,Licensed,Special purpose vehicle
AJALTOUNI HOLDINGS LTD,22-01-2026,CLARA FORMATIONS LIMITED,Licensed,Special purpose vehicle
FURTHER VENTURES CARRY II SPV LIMITED,22-01-2026,TMF GROUP FIDUCIARY SERVICES LIMITED,Licensed,Special purpose vehicle
FIRSTTIER ALTERNATIVES SPV RSC LTD,22-01-2026,,Licensed,Special purpose vehicle
KEMET HOLDING LIMITED,22-01-2026,AL TAMIMI & CO. CORPORATE SERVICES LIMITED,Licensed,Special purpose vehicle
LUNATE DIRECT INVESTMENTS II (BLOCKER) SPV LTD,22-01-2026,,Licensed,Special purpose vehicle
OCTOLABS HOLDINGS LIMITED,22-01-2026,CLARA FORMATIONS LIMITED,Licensed,Special purpose vehicle
SKYJOE HOLDING LIMITED,22-01-2026,EQUUS CORPORATE LIMITED,Licensed,Special purpose vehicle
TALOLAS INVESTMENTS HOLDING LTD,22-01-2026,ARGENTUM LAW LTD,Licensed,Special purpose vehicle
BAOBAB ENERGIES SPV LIMITED,23-01-2026,SOVEREIGN CORPORATE SERVICES ME LIMITED,Licensed,Special purpose vehicle
ITTIHAD DEVELOPMENT HOLDING RSC LTD,23-01-2026,,Licensed,Special purpose vehicle
RENOVATENOW HOLDINGS LIMITED,23-01-2026,CLARA FORMATIONS LIMITED,Licensed,Special purpose vehicle
ROYEZ GLOBAL COMPANY HOLDING LIMITED,23-01-2026,CLARA FORMATIONS LIMITED,Licensed,Special purpose vehicle
TACTICA AI INVESTMENT HOLDING RSC LTD,23-01-2026,,Licensed,Special purpose vehicle
VESTA PROPERTY HOLDINGS RSC LTD,23-01-2026,AL TAMIMI & CO. CORPORATE SERVICES LIMITED,Licensed,Special purpose vehicle
AL AMAL FOUNDATION,23-01-2026,AMICORP ADVISORY LIMITED,Licensed,Foundation
OAADB FOUNDATION,23-01-2026,ROSEMONT PARTNERS CORPORATE SERVICES LIMITED,Licensed,Foundation
ADQ CV FOF II LTD,26-01-2026,,Licensed,Special purpose vehicle
ADQ CV EVERGREEN LTD,26-01-2026,,Licensed,Special purpose vehicle
E SAFE SOLUTIONS HOLDINGS LTD,26-01-2026,ROSEMONT PARTNERS CORPORATE SERVICES LIMITED,Licensed,Special purpose vehicle
BARRICADE HOLDING LTD,26-01-2026,ROSEMONT PARTNERS CORPORATE SERVICES LIMITED,Licensed,Special purpose vehicle
LDI II HOLDCO SPV 1 LTD,26-01-2026,,Licensed,Special purpose vehicle
ALPHA RED GROUP FOUNDATION,26-01-2026,CLYDE SERVICES LIMITED,Licensed,Foundation
AVANA FOUNDATION,26-01-2026,ARGENTUM LAW LTD,Licensed,Foundation
ZEITOUN FOUNDATION,26-01-2026,M-HQ LTD,Licensed,Foundation
ADQ CV FUTURE HOLDINGS V LTD,27-01-2026,,Licensed,Special purpose vehicle
ADQ CV CO-INVEST OVERFLOW LTD,27-01-2026,,Licensed,Special purpose vehicle
AURELIUS HOLDINGS LTD,27-01-2026,MABA CORPORATE SERVICES LIMITED,Licensed,Special purpose vehicle
RHYNOX ROBOTICS HOLDING LTD,27-01-2026,,Licensed,Special purpose vehicle
TRADERZ HOLDING LIMITED,27-01-2026,CLARA FORMATIONS LIMITED,Licensed,Special purpose vehicle
PRIME PROPERTIES 4 HOLDING LIMITED,27-01-2026,AL TAMIMI & CO. CORPORATE SERVICES LIMITED,Licensed,Special purpose vehicle
B2 INVESTMENTS HOLDINGS LIMITED,27-01-2026,CLARA FORMATIONS LIMITED,Licensed,Special purpose vehicle
KNOX NN HOLDINGS LTD,27-01-2026,AL TAMIMI & CO. CORPORATE SERVICES LIMITED,Licensed,Special purpose vehicle
PLATINUM GRID B 2026 RSC LIMITED,27-01-2026,,Licensed,Special purpose vehicle
TERRIFIX SPV LIMITED,27-01-2026,J. AWAN & PARTNERS LIMITED,Licensed,Special purpose vehicle
URBANEO SERVICES HOLDING  LTD,27-01-2026,EQUUS CORPORATE LIMITED,Licensed,Special purpose vehicle
GF FAMILY FOUNDATION,27-01-2026,CLARA FORMATIONS LIMITED,Licensed,Foundation
MESB HOLDINGS LTD,28-01-2026,SOVEREIGN CORPORATE SERVICES ME LIMITED,Licensed,Special purpose vehicle
CRITICAL HIT MENA HOLDING LTD,28-01-2026,BANKS LEGAL LIMITED,Licensed,Special purpose vehicle
SECBE SPV LIMITED,28-01-2026,AL TAMIMI & CO. CORPORATE SERVICES LIMITED,Licensed,Special purpose vehicle
VISION INVEST BIOSAF HOLDING LIMITED,28-01-2026,CSC CORPORATE SERVICES (MIDDLE EAST) LIMITED,Licensed,Special purpose vehicle
WIND ENERGY HOLDING LIMITED,28-01-2026,10 LEAVES LIMITED,Licensed,Special purpose vehicle
ALLIANCE GROUP HOLDING LIMITED,29-01-2026,OCORIAN CORPORATE SERVICES (ME) LIMITED,Licensed,Special purpose vehicle
1KL HOLDINGS LIMITED,29-01-2026,CLARA FORMATIONS LIMITED,Licensed,Special purpose vehicle
DEKUPLE DAS KAPITAL HOLDING LIMITED,29-01-2026,KALANTAR BUSINESS LAW GROUP LTD,Licensed,Special purpose vehicle
CROWN HEIGHTS GROUP HOLDING CO. LTD,29-01-2026,CLARA FORMATIONS LIMITED,Licensed,Special purpose vehicle
H SPHERE HOLDINGS LTD,29-01-2026,CSP GROUP LTD,Licensed,Special purpose vehicle
VALERIXA HOLDINGS LIMITED,29-01-2026,CLARA FORMATIONS LIMITED,Licensed,Special purpose vehicle
THE CARAM FOUNDATION,29-01-2026,ROSEMONT PARTNERS CORPORATE SERVICES LIMITED,Licensed,Foundation
THANATOS FOUNDATION,29-01-2026,CLARA FORMATIONS LIMITED,Licensed,Foundation
ACAFAO ONE HOLDINGS LTD,30-01-2026,BANKS LEGAL LIMITED,Licensed,Special purpose vehicle
NEXT GENERATION HOLDING LIMITED,30-01-2026,PRAXISIFM TRUST LIMITED,Licensed,Special purpose vehicle
BNW GROUP HOLDINGS LIMITED,30-01-2026,CLARA FORMATIONS LIMITED,Licensed,Special purpose vehicle
AIXIOM INVESTMENT HOLDING LTD,30-01-2026,10 LEAVES LIMITED,Licensed,Special purpose vehicle
HUMAID BIN DRAI INVESTMENTS SPV LIMITED,30-01-2026,WALKERS PROFESSIONAL SERVICES (MIDDLE EAST) LIMITED,Licensed,Special purpose vehicle
LHASA FAMILY HOLDINGS FOUNDATION,30-01-2026,ROSEMONT PARTNERS CORPORATE SERVICES LIMITED,Licensed,Foundation
BRAVEN SPV LIMITED,02-02-2026,AL TAMIMI & CO. CORPORATE SERVICES LIMITED,Licensed,Special purpose vehicle
CX 01 HOLDING LTD,02-02-2026,,Licensed,Special purpose vehicle
CX 02 HOLDING LTD,02-02-2026,,Licensed,Special purpose vehicle
CHAOSGROUND HOLDINGS LTD,02-02-2026,CLARA FORMATIONS LIMITED,Licensed,Special purpose vehicle
5TH PILLAR HOLDINGS LIMITED,02-02-2026,CSP GROUP LTD,Licensed,Special purpose vehicle
LM 01 HOLDING LTD,02-02-2026,,Licensed,Special purpose vehicle
LM 02 HOLDING LTD,02-02-2026,,Licensed,Special purpose vehicle
MELT LIVE HOLDINGS LTD,02-02-2026,CSP GROUP LTD,Licensed,Special purpose vehicle
NOVAGATE SPV LIMITED,02-02-2026,AL TAMIMI & CO. CORPORATE SERVICES LIMITED,Licensed,Special purpose vehicle
RB 02 HOLDING LTD,02-02-2026,,Licensed,Special purpose vehicle
RANMORE HOLDING LTD,02-02-2026,ACCLIME CORPORATE SERVICES LIMITED,Licensed,Special purpose vehicle
RB 01 HOLDING LTD,02-02-2026,,Licensed,Special purpose vehicle
S V R S HOLDINGS LIMITED,02-02-2026,CLARA FORMATIONS LIMITED,Licensed,Special purpose vehicle
SG DEN SPV HOLDINGS LIMITED,02-02-2026,CLARA FORMATIONS LIMITED,Licensed,Special purpose vehicle
THE LUXURY HEIGHTS HOLDING LIMITED,02-02-2026,ROSEMONT PARTNERS CORPORATE SERVICES LIMITED,Licensed,Special purpose vehicle
DREAM FOUNDATION,02-02-2026,ACCLIME CORPORATE SERVICES LIMITED,Licensed,Foundation
BREAD A HOLDING 2 LTD,03-02-2026,ASSISS LTD,Licensed,Special purpose vehicle
BREAD D HOLDING 1 LTD,03-02-2026,ASSISS LTD,Licensed,Special purpose vehicle
AONE SPV LTD,03-02-2026,STROLLA LLP,Licensed,Special purpose vehicle
AMANA SPV LTD,03-02-2026,TMF GROUP FIDUCIARY SERVICES LIMITED,Licensed,Special purpose vehicle
ATLANTIC BLUEWATER HOLDINGS LIMITED,03-02-2026,ACCLIME CORPORATE SERVICES LIMITED,Licensed,Special purpose vehicle
FIX GROUP HOLDINGS LTD,03-02-2026,CLARA FORMATIONS LIMITED,Licensed,Special purpose vehicle
IMPERIAL WEALTH MULTI ASSETS HOLDINGS LTD,03-02-2026,ACCLIME CORPORATE SERVICES LIMITED,Licensed,Special purpose vehicle
SAUDI MX PARK HOLDING LTD,03-02-2026,CSP GROUP LTD,Licensed,Special purpose vehicle
COSMOS HOLDINGS LIMITED,04-02-2026,CLARA FORMATIONS LIMITED,Licensed,Special purpose vehicle
AL AIN MILLS SPV LIMITED,04-02-2026,AL TAMIMI & CO. CORPORATE SERVICES LIMITED,Licensed,Special purpose vehicle
B&A HOLDINGS LTD,04-02-2026,M-HQ LTD,Licensed,Special purpose vehicle
CULMEN HOLDINGS LTD,04-02-2026,CLARA FORMATIONS LIMITED,Licensed,Special purpose vehicle
KAILASH HOLDINGS II LIMITED,04-02-2026,10 LEAVES LIMITED,Licensed,Special purpose vehicle
G F S REAL ESTATE HOLDINGS LTD,04-02-2026,ROSEMONT PARTNERS CORPORATE SERVICES LIMITED,Licensed,Special purpose vehicle
MILLENIUM SPV LTD,04-02-2026,AL TAMIMI & CO. CORPORATE SERVICES LIMITED,Licensed,Special purpose vehicle
SERHAT SPV LTD,04-02-2026,AL TAMIMI & CO. CORPORATE SERVICES LIMITED,Licensed,Special purpose vehicle
ALHASHMI FOUNDATION,04-02-2026,M-HQ LTD,Licensed,Foundation
ALKHAIRAT TPP SPV LTD,05-02-2026,EQUIOM CORPORATE SERVICES (MIDDLE EAST) LTD,Licensed,Special purpose vehicle
STRATIX HOLDING LIMITED,05-02-2026,IDARAH CORPORATE LIMITED,Licensed,Special purpose vehicle
RATIFY HOLDINGS LIMITED,05-02-2026,VELOX  SOLUTIONS LIMITED,Licensed,Special purpose vehicle
PLATINUM NUMENOR B 2026 RSC LIMITED,05-02-2026,,Licensed,Special purpose vehicle
BAZZARRY HOLDINGS LIMITED,05-02-2026,CLARA FORMATIONS LIMITED,Licensed,Special purpose vehicle
NOBLE FOUNDATION,05-02-2026,SOVEREIGN CORPORATE SERVICES ME LIMITED,Licensed,Foundation
SAPPHIRE SPRINGS FOUNDATION,05-02-2026,SANCTUARY CORPORATE SERVICES FZ LLC,Licensed,Foundation
CHIMERA 2026 LTC SPV RSC LTD,06-02-2026,,Licensed,Special purpose vehicle
FLM GROUP HOLDING RSC LTD,06-02-2026,,Licensed,Special purpose vehicle
CHIMERA 2026 SO SPV RSC LTD,06-02-2026,,Licensed,Special purpose vehicle
CHIMERA 2026 DI SPV RSC LTD,06-02-2026,,Licensed,Special purpose vehicle
CHIMERA 2026 FOF SPV RSC LTD,06-02-2026,,Licensed,Special purpose vehicle
49G HOLDING LTD,06-02-2026,MABA CORPORATE SERVICES LIMITED,Licensed,Special purpose vehicle
RIVERCHART SPV LTD,06-02-2026,MABA CORPORATE SERVICES LIMITED,Licensed,Special purpose vehicle
6PMT 1 SPV LTD,09-02-2026,MABA CORPORATE SERVICES LIMITED,Licensed,Special purpose vehicle
WONDERBEAUTIES HOLDING LIMITED,09-02-2026,EQUUS CORPORATE LIMITED,Licensed,Special purpose vehicle
6PMT 2 SPV LTD,09-02-2026,MABA CORPORATE SERVICES LIMITED,Licensed,Special purpose vehicle
6PMT 4 SPV LTD,09-02-2026,MABA CORPORATE SERVICES LIMITED,Licensed,Special purpose vehicle
AXTON HOLDING RSC LTD,09-02-2026,,Licensed,Special purpose vehicle
ENVISION CARE HOLDING LIMITED,09-02-2026,STROLLA LLP,Licensed,Special purpose vehicle
6PMT 3 SPV LTD,09-02-2026,MABA CORPORATE SERVICES LIMITED,Licensed,Special purpose vehicle
WELLCOLLECTIVE HOLDINGS LIMITED,09-02-2026,CLARA FORMATIONS LIMITED,Licensed,Special purpose vehicle
NORTH BRIDGE HOLDING LIMITED,09-02-2026,STROLLA LLP,Licensed,Special purpose vehicle
SKY CAPITAL HOLDING RSC LTD,09-02-2026,,Licensed,Special purpose vehicle
THE OVAL LAVO FOUNDATION,09-02-2026,AL TAMIMI & CO. CORPORATE SERVICES LIMITED,Licensed,Foundation
BXR GROVE HOLDING LIMITED,10-02-2026,CSP GROUP LTD,Licensed,Special purpose vehicle
BAITAKAPP HOLDINGS LTD,10-02-2026,WALKERS PROFESSIONAL SERVICES (MIDDLE EAST) LIMITED,Licensed,Special purpose vehicle
GEMANA INVESTMENTS SPV LIMITED,10-02-2026,AL TAMIMI & CO. CORPORATE SERVICES LIMITED,Licensed,Special purpose vehicle
JD HOLDINGS SPV LTD,10-02-2026,SOVEREIGN CORPORATE SERVICES ME LIMITED,Licensed,Special purpose vehicle
N E T HOLDINGS LIMITED,10-02-2026,EQUUS CORPORATE LIMITED,Licensed,Special purpose vehicle
KEMET POWER HOLDING LIMITED,10-02-2026,AL TAMIMI & CO. CORPORATE SERVICES LIMITED,Licensed,Special purpose vehicle
SRQ TAMKEEN XVIII SPV LTD,10-02-2026,,Licensed,Special purpose vehicle
SF SPV HOLDING LIMITED,10-02-2026,ACCLIME CORPORATE SERVICES LIMITED,Licensed,Special purpose vehicle
SWINGFIT HOLDINGS LTD,10-02-2026,ROSEMONT PARTNERS CORPORATE SERVICES LIMITED,Licensed,Special purpose vehicle
TERRA GRAND SPV LIMITED,10-02-2026,MABA CORPORATE SERVICES LIMITED,Licensed,Special purpose vehicle
CORSADO FOUNDATION,10-02-2026,ACCLIME CORPORATE SERVICES LIMITED,Licensed,Foundation
ASTO FOUNDATION,10-02-2026,ARGENTUM LAW LTD,Licensed,Foundation
KKPM FOUNDATION,10-02-2026,CLARA FORMATIONS LIMITED,Licensed,Foundation
THE CASS FOUNDATION,10-02-2026,SANCTUARY CORPORATE SERVICES FZ LLC,Licensed,Foundation
GLOBAL AUTO HUB HOLDINGS LIMITED,11-02-2026,,Licensed,Special purpose vehicle
RIQ INTERNATIONAL HOLDING RSC LTD,11-02-2026,,Licensed,Special purpose vehicle
RR PROPERTIES HOLDING LTD,11-02-2026,AL TAMIMI & CO. CORPORATE SERVICES LIMITED,Licensed,Special purpose vehicle
T42 INVESTMENTS HOLDING LIMITED,11-02-2026,SWISS GROUP LEGAL LTD,Licensed,Special purpose vehicle
SOCIETE AGRICOLE DE KAMINA HOLDING LIMITED,11-02-2026,ASSISS LTD,Licensed,Special purpose vehicle
TL RECEIVABLES SPV LTD,11-02-2026,10 LEAVES LIMITED,Licensed,Special purpose vehicle
EMARA INVESTMENTS HOLDING LTD,12-02-2026,CROWE MAK LLP,Licensed,Special purpose vehicle
411 ASSET HOLDING LTD,12-02-2026,SWISS GROUP LEGAL LTD,Licensed,Special purpose vehicle
BINZAGR CALDERYS MIDDLE EAST HOLDING COMPANY LIMITED,12-02-2026,WALKERS PROFESSIONAL SERVICES (MIDDLE EAST) LIMITED,Licensed,Special purpose vehicle
MABROOK HOLDINGS LTD,12-02-2026,CLARA FORMATIONS LIMITED,Licensed,Special purpose vehicle
OLIVE TREE HOLDING LIMITED,12-02-2026,CLARA FORMATIONS LIMITED,Licensed,Special purpose vehicle
PEAQ SPV LTD,12-02-2026,EQUUS CORPORATE LIMITED,Licensed,Special purpose vehicle
ZAABEEL AVENUE HOLDING LTD,12-02-2026,RAD CORPORATE SERVICES LIMITED,Licensed,Special purpose vehicle
ZKYN HOLDING LIMITED,12-02-2026,AMICORP ADVISORY LIMITED,Licensed,Special purpose vehicle
MANTRA FOUNDATION,12-02-2026,KPI AHLI CHARTERED ACCOUNTANTS,Licensed,Foundation
ARECA CENTRAL ASIA HOLDING LIMITED,13-02-2026,TRIAM CONSULTANCIES PRIVATE LIMITED,Licensed,Special purpose vehicle
MGX GP 10 RSC LTD,13-02-2026,,Licensed,Special purpose vehicle
AL JAZIRA GLOBAL SPORTS HOLDING RSC LTD,13-02-2026,,Licensed,Special purpose vehicle
MBSO COLLECTIVE SPV LTD,13-02-2026,AL TAMIMI & CO. CORPORATE SERVICES LIMITED,Licensed,Special purpose vehicle
OPSI HOLDING LIMITED,13-02-2026,OCORIAN CORPORATE SERVICES (ME) LIMITED,Licensed,Special purpose vehicle
MONIT HOLDINGS LIMITED,13-02-2026,CLARA FORMATIONS LIMITED,Licensed,Special purpose vehicle
SETEC ASTRONOMY FOUNDATION,13-02-2026,ROSEMONT PARTNERS CORPORATE SERVICES LIMITED,Licensed,Foundation
CELESTIAL RESOURCE HOLDING RSC LTD,16-02-2026,,Licensed,Special purpose vehicle
CLARIONNE BUSINESS HOLDINGS LIMITED,16-02-2026,,Licensed,Special purpose vehicle
HARRY INVESTMENTS HOLDINGS LIMITED,16-02-2026,,Licensed,Special purpose vehicle
KKPM HOLDINGS LTD,16-02-2026,CLARA FORMATIONS LIMITED,Licensed,Special purpose vehicle
FINEA INVESTMENTS HOLDINGS LIMITED,16-02-2026,,Licensed,Special purpose vehicle
LOUIS FOURTEEN HOLDING LTD,16-02-2026,RAD CORPORATE SERVICES LIMITED,Licensed,Special purpose vehicle
F9 INDUSTRIAL METALS HOLDING LTD,16-02-2026,,Licensed,Special purpose vehicle
PRIMUS HOLDING RSC LTD,16-02-2026,,Licensed,Special purpose vehicle
ONYXA HOLDING RSC LTD,16-02-2026,,Licensed,Special purpose vehicle
ROKKO INVESTMENTS HOLDINGS LIMITED,16-02-2026,,Licensed,Special purpose vehicle
SAVONA BUSINESS HOLDINGS LIMITED,16-02-2026,,Licensed,Special purpose vehicle
SOUTH RF 16 SPV LIMITED,16-02-2026,AL TAMIMI & CO. CORPORATE SERVICES LIMITED,Licensed,Special purpose vehicle
SOVEREIGN METALS INFRASTRUCTURE SPV LTD,16-02-2026,EQUIOM CORPORATE SERVICES (MIDDLE EAST) LTD,Licensed,Special purpose vehicle
SOUTH RF 15 SPV LIMITED,16-02-2026,AL TAMIMI & CO. CORPORATE SERVICES LIMITED,Licensed,Special purpose vehicle
ZUUT HOLDING LTD,16-02-2026,CSP GROUP LTD,Licensed,Special purpose vehicle
CHAMPIONS FOUNDATION,16-02-2026,ROSEMONT PARTNERS CORPORATE SERVICES LIMITED,Licensed,Foundation
AFRICANUS HOLDING LTD,17-02-2026,CLARA FORMATIONS LIMITED,Licensed,Special purpose vehicle
AIMBRIDGE MIDDLE EAST HOLDING LIMITED,17-02-2026,AL TAMIMI & CO. CORPORATE SERVICES LIMITED,Licensed,Special purpose vehicle
ARSAN HOLDINGS LTD,17-02-2026,ROSEMONT PARTNERS CORPORATE SERVICES LIMITED,Licensed,Special purpose vehicle
DWAYRE JGE 2 V017 SPV LTD,17-02-2026,SOVEREIGN CORPORATE SERVICES ME LIMITED,Licensed,Special purpose vehicle
AL WARFAH HOLDINGS LTD,17-02-2026,TRIAM CONSULTANCIES PRIVATE LIMITED,Licensed,Special purpose vehicle
FURTHER INVESTMENTS II HOLDINGS LIMITED,17-02-2026,TMF GROUP FIDUCIARY SERVICES LIMITED,Licensed,Special purpose vehicle
KKPM LIQUIDITY HOLDINGS LTD,17-02-2026,CLARA FORMATIONS LIMITED,Licensed,Special purpose vehicle
EPIC PADEL WORLD HOLDINGS LIMITED,17-02-2026,CLARA FORMATIONS LIMITED,Licensed,Special purpose vehicle
NIFTY CRAFT HOLDING LTD,17-02-2026,CLARA FORMATIONS LIMITED,Licensed,Special purpose vehicle
SOUTH OASIS PROPERTIES SPV LTD,17-02-2026,ROSEMONT PARTNERS CORPORATE SERVICES LIMITED,Licensed,Special purpose vehicle
TADROS GROUP HOLDINGS LTD,17-02-2026,MABA CORPORATE SERVICES LIMITED,Licensed,Special purpose vehicle
ENTROPY FOUNDATION,17-02-2026,ASSISS LTD,Licensed,Foundation
CONSERTUS LACECO SPV LIMITED,18-02-2026,M-HQ LTD,Licensed,Special purpose vehicle
22 OVER X HOLDINGS LIMITED,18-02-2026,CLARA FORMATIONS LIMITED,Licensed,Special purpose vehicle
ALTIORA CAPITAL SPV RSC LTD,18-02-2026,,Licensed,Special purpose vehicle
GO GAS INVESTMENT HOLDING LIMITED,18-02-2026,AL TAMIMI & CO. CORPORATE SERVICES LIMITED,Licensed,Special purpose vehicle
READY HOLDINGS LTD,18-02-2026,ROSEMONT PARTNERS CORPORATE SERVICES LIMITED,Licensed,Special purpose vehicle
QUIBLE HOLDINGS LIMITED,18-02-2026,CLARA FORMATIONS LIMITED,Licensed,Special purpose vehicle
SR26 HOLDING LTD,18-02-2026,CROWE MAK LLP,Licensed,Special purpose vehicle
AHMED FAMILY FOUNDATION,18-02-2026,ROSEMONT PARTNERS CORPORATE SERVICES LIMITED,Licensed,Foundation
YK NEXUS FOUNDATION,18-02-2026,CLARA FORMATIONS LIMITED,Licensed,Foundation
KK HOLDINGS LTD,19-02-2026,ROSEMONT PARTNERS CORPORATE SERVICES LIMITED,Licensed,Special purpose vehicle
M K SPV LTD,19-02-2026,STROLLA LLP,Licensed,Special purpose vehicle
SENTINEL FOUNDATION,19-02-2026,SOVEREIGN CORPORATE SERVICES ME LIMITED,Licensed,Foundation
KM NEXUS FOUNDATION,19-02-2026,10 LEAVES LIMITED,Licensed,Foundation
AL DAHRA GROUP LIMITED,20-02-2026,CLYDE SERVICES LIMITED,Licensed,Special purpose vehicle
1E6 HOLDINGS LIMITED,20-02-2026,STROLLA LLP,Licensed,Special purpose vehicle
H&R HOLDING LIMITED,20-02-2026,SANCTUARY CORPORATE SERVICES FZ LLC,Licensed,Special purpose vehicle
AZZURRA RESTRUCTURING PARTNERS HOLDINGS LTD,20-02-2026,AL TAMIMI & CO. CORPORATE SERVICES LIMITED,Licensed,Special purpose vehicle
KMU HOLDING LIMITED,20-02-2026,ASSISS LTD,Licensed,Special purpose vehicle
PROSPECTA SPV LIMITED,20-02-2026,AL TAMIMI & CO. CORPORATE SERVICES LIMITED,Licensed,Special purpose vehicle
VIVIUM LONGEVITY HOLDING LTD,20-02-2026,CSP GROUP LTD,Licensed,Special purpose vehicle
VEWOLAR HOLDING LTD,20-02-2026,ADS INVESTMENT SOLUTIONS LIMITED,Licensed,Special purpose vehicle
ZERO ERA HOLDING LIMITED,20-02-2026,ACCLIME CORPORATE SERVICES LIMITED,Licensed,Special purpose vehicle
AUREON FOUNDATION,20-02-2026,GRIFFIN CORPORATE SERVICES LTD,Licensed,Foundation
HOVARION HOLDING LIMITED,23-02-2026,J. AWAN & PARTNERS LIMITED,Licensed,Special purpose vehicle
FARPOINT HOLDING LIMITED,23-02-2026,EQUUS CORPORATE LIMITED,Licensed,Special purpose vehicle
AEROVERSE HOLDING LIMITED,23-02-2026,SWISS GROUP LEGAL LTD,Licensed,Special purpose vehicle
BLUECHIPS SPV LIMITED,23-02-2026,HISTORY LIMITED,Licensed,Special purpose vehicle
L'IMAD 1ST SPV 2 EXEMPT RSC LTD,23-02-2026,,Licensed,Special purpose vehicle
L'IMAD 1ST HOLDING 2 NON-EXEMPT RSC LTD,23-02-2026,,Licensed,Special purpose vehicle
L'IMAD 1ST HOLDING 1 EXEMPT RSC LTD,23-02-2026,,Licensed,Special purpose vehicle
L'IMAD 1ST SPV 1 EXEMPT RSC LTD,23-02-2026,,Licensed,Special purpose vehicle
K11 FOUNDATION,23-02-2026,ROSEMONT PARTNERS CORPORATE SERVICES LIMITED,Licensed,Foundation
BLUEFIVE CAPITAL GATE BIDCO I HOLDING LTD,24-02-2026,INP IBRAHIM N PARTNERS LEGAL CONSULTANCY LTD,Licensed,Special purpose vehicle
AFSCORP HOLDING LIMITED,24-02-2026,CLARA FORMATIONS LIMITED,Licensed,Special purpose vehicle
H&B JANUS DIGITAL GLOBAL HOLDINGS LIMITED,24-02-2026,CLARA FORMATIONS LIMITED,Licensed,Special purpose vehicle
HALIBURG  GROUP HOLDINGS LIMITED,24-02-2026,SOVEREIGN CORPORATE SERVICES ME LIMITED,Licensed,Special purpose vehicle
K 2 CAPITAL HOLDING RSC LTD,24-02-2026,,Licensed,Special purpose vehicle
SPECIAL PROJECT SPV RSC LTD,24-02-2026,AL TAMIMI & CO. CORPORATE SERVICES LIMITED,Licensed,Special purpose vehicle
ZERDALAB HOLDING LTD,24-02-2026,10 LEAVES LIMITED,Licensed,Special purpose vehicle
W3 HOLDING LIMITED,24-02-2026,10 LEAVES LIMITED,Licensed,Special purpose vehicle
REALTYLINE FOUNDATION,24-02-2026,CLARA FORMATIONS LIMITED,Licensed,Foundation
B F&B HOLDING LIMITED,25-02-2026,GRANT THORNTON AUDIT AND ACCOUNTING LIMITED,Licensed,Special purpose vehicle
ARAMOUNI HOLDING LIMITED,25-02-2026,AL TAMIMI & CO. CORPORATE SERVICES LIMITED,Licensed,Special purpose vehicle
BELLEVUE HOLDING LIMITED,25-02-2026,ROSEMONT PARTNERS CORPORATE SERVICES LIMITED,Licensed,Special purpose vehicle
ALTIS HOLDINGS LIMITED,25-02-2026,CLARA FORMATIONS LIMITED,Licensed,Special purpose vehicle
ELTAWKEEL HOLDING LTD,25-02-2026,STRAVICA CORPORATE SERVICES LIMITED,Licensed,Special purpose vehicle
CORE42 SKY21 HOLDING SPV RSC LTD,25-02-2026,,Licensed,Special purpose vehicle
EBG HOLDINGS LIMITED,25-02-2026,GRANT THORNTON AUDIT AND ACCOUNTING LIMITED,Licensed,Special purpose vehicle
IA MENA HOLDING LIMITED,25-02-2026,CLARA FORMATIONS LIMITED,Licensed,Special purpose vehicle
OBSIDIAN CREEK HOLDING LIMITED,25-02-2026,KPI AHLI CHARTERED ACCOUNTANTS,Licensed,Special purpose vehicle
SUNBEAM HOLDINGS LIMITED,25-02-2026,SANCTUARY CORPORATE SERVICES FZ LLC,Licensed,Special purpose vehicle
JUKA FOUNDATION,25-02-2026,CROWE MAK LLP,Licensed,Foundation
ATRIA HOLDING LIMITED,26-02-2026,10 LEAVES LIMITED,Licensed,Special purpose vehicle
BINARY FINANCE (EUROPE) HOLDINGS LIMITED,26-02-2026,SOVEREIGN CORPORATE SERVICES ME LIMITED,Licensed,Special purpose vehicle
COBLA HOLDING LTD,26-02-2026,MABA CORPORATE SERVICES LIMITED,Licensed,Special purpose vehicle
GREEN CAMEL HOLDING LTD,26-02-2026,CLARA FORMATIONS LIMITED,Licensed,Special purpose vehicle
CHAMPIONS HOLDINGS SPV LTD,26-02-2026,ROSEMONT PARTNERS CORPORATE SERVICES LIMITED,Licensed,Special purpose vehicle
FALAQ HOLDING LIMITED,26-02-2026,CLARA FORMATIONS LIMITED,Licensed,Special purpose vehicle
RAY GLOBAL SPV LTD,26-02-2026,CSP GROUP LTD,Licensed,Special purpose vehicle
SONARA HOLDING LTD,26-02-2026,TMF GROUP FIDUCIARY SERVICES LIMITED,Licensed,Special purpose vehicle
STAY BULLISH HOLDING LTD,26-02-2026,ADS INVESTMENT SOLUTIONS LIMITED,Licensed,Special purpose vehicle
TKCHILD FOUNDATION,26-02-2026,IQ EQ MIDDLE EAST SERVICES LIMITED,Licensed,Foundation
THE KALMARADI FOUNDATION,26-02-2026,ROSEMONT PARTNERS CORPORATE SERVICES LIMITED,Licensed,Foundation
BINARY BRIDGES HOLDING LIMITED,27-02-2026,CLARA FORMATIONS LIMITED,Licensed,Special purpose vehicle
SILVERSTREET HOLDING LIMITED,27-02-2026,VELOX  SOLUTIONS LIMITED,Licensed,Special purpose vehicle
BLACKSTONE GLIDE GCC ASSOCIATES (M.E.) LIMITED,27-02-2026,CSC CORPORATE SERVICES (MIDDLE EAST) LIMITED,Licensed,Special purpose vehicle
MKPK 1 HOLDINGS LIMITED,27-02-2026,JTC CORPORATE SERVICES (DIFC) LIMITED,Licensed,Special purpose vehicle
XANARA HOLDINGS SPV 1 LTD,27-02-2026,GRIFFIN CORPORATE SERVICES LTD,Licensed,Special purpose vehicle
AHMED FAMILY HOLDINGS LIMITED,27-02-2026,ROSEMONT PARTNERS CORPORATE SERVICES LIMITED,Licensed,Special purpose vehicle
EAGLE HILLS ENOTRIA FUND GP LIMITED,27-02-2026,APEX CORPORATE SERVICES (ME) LTD,Licensed,Special purpose vehicle
RELOADER DIGITAL NETWORKS HOLDINGS LTD,27-02-2026,CLARA FORMATIONS LIMITED,Licensed,Special purpose vehicle
D AND D FOUNDATION,27-02-2026,RAD CORPORATE SERVICES LIMITED,Licensed,Foundation
MARCH RE HOLDING LTD,09-03-2026,CSP GROUP LTD,Licensed,Special purpose vehicle
MMV INTERNATIONAL HOLDINGS LIMITED,09-03-2026,ROSEMONT PARTNERS CORPORATE SERVICES LIMITED,Licensed,Special purpose vehicle
FIDELITY HOLDING LTD,09-03-2026,,Licensed,Special purpose vehicle
RAMA HOLDING LIMITED,09-03-2026,MABA CORPORATE SERVICES LIMITED,Licensed,Special purpose vehicle
AXE CAPITAL HOLDING LIMITED,09-03-2026,CSP GROUP LTD,Licensed,Special purpose vehicle
FIDUCIA HOLDINGS LTD,09-03-2026,VELOX  SOLUTIONS LIMITED,Licensed,Special purpose vehicle
KMG HOLDING LIMITED,09-03-2026,ASSISS LTD,Licensed,Special purpose vehicle
R.N. SPV LTD,09-03-2026,ASSISS LTD,Licensed,Special purpose vehicle
SAZ SPV LTD,09-03-2026,CSP GROUP LTD,Licensed,Special purpose vehicle
VERDECORE ENERGY SYSTEMS HOLDING LTD,09-03-2026,CLARA FORMATIONS LIMITED,Licensed,Special purpose vehicle
VITTARA HOLDING LIMITED,09-03-2026,10 LEAVES LIMITED,Licensed,Special purpose vehicle
ZARAFSHAN ENERGY STORAGE HOLDING RSC LTD,09-03-2026,WALKERS PROFESSIONAL SERVICES (MIDDLE EAST) LIMITED,Licensed,Special purpose vehicle
LINKTIA STARTUPS HOLDINGS LIMITED,10-03-2026,CLARA FORMATIONS LIMITED,Licensed,Special purpose vehicle
LMZD SPV LTD,10-03-2026,ASSISS LTD,Licensed,Special purpose vehicle
HAWTREE HOLDINGS LIMITED,10-03-2026,CLARA FORMATIONS LIMITED,Licensed,Special purpose vehicle
NAKAMA HOLDING LIMITED,10-03-2026,KPI AHLI CHARTERED ACCOUNTANTS,Licensed,Special purpose vehicle
MINA HOLDINGS SPV LTD,10-03-2026,,Licensed,Special purpose vehicle
AQVI SOLARIS SPV LTD,11-03-2026,VISTRA (MIDDLE EAST) LTD,Licensed,Special purpose vehicle
BASE93 HOLDINGS LIMITED,11-03-2026,CLARA FORMATIONS LIMITED,Licensed,Special purpose vehicle
ARKS INVESTMENT HOLDING LTD,11-03-2026,CLARA FORMATIONS LIMITED,Licensed,Special purpose vehicle
CALGI HOLDINGS LTD,11-03-2026,STROLLA LLP,Licensed,Special purpose vehicle
BELLA HOLDING LIMITED,11-03-2026,AL TAMIMI & CO. CORPORATE SERVICES LIMITED,Licensed,Special purpose vehicle
ARIMA AGRITECH HOLDINGS LIMITED,11-03-2026,M-HQ LTD,Licensed,Special purpose vehicle
CORALIS HOLDING LIMITED,11-03-2026,CSP GROUP LTD,Licensed,Special purpose vehicle
BEVERLY HOLDING LIMITED,11-03-2026,AL TAMIMI & CO. CORPORATE SERVICES LIMITED,Licensed,Special purpose vehicle
LMS HOLDING LIMITED,11-03-2026,ACCLIME CORPORATE SERVICES LIMITED,Licensed,Special purpose vehicle
KENZ AI HOLDING LTD,11-03-2026,CLARA FORMATIONS LIMITED,Licensed,Special purpose vehicle
MAISON KOKOON SPV LTD,11-03-2026,CSP GROUP LTD,Licensed,Special purpose vehicle
O360 HOLDINGS SPV LIMITED,11-03-2026,HISTORY LIMITED,Licensed,Special purpose vehicle
PELAGUS LITTORAL CONEXUS HOLDING LIMITED,11-03-2026,CLARA FORMATIONS LIMITED,Licensed,Special purpose vehicle
RMA SPV LTD,11-03-2026,ASSISS LTD,Licensed,Special purpose vehicle
ZRN HOLDINGS LTD,11-03-2026,CLARA FORMATIONS LIMITED,Licensed,Special purpose vehicle
BOSKALIS HOLDING COMPANY LIMITED,12-03-2026,M-HQ LTD,Licensed,Special purpose vehicle
BOSKALIS DREDGING HOLDING LIMITED,12-03-2026,M-HQ LTD,Licensed,Special purpose vehicle
BOSKALIS OFFSHORE ENERGY HOLDING LIMITED,12-03-2026,M-HQ LTD,Licensed,Special purpose vehicle
ENGINEERING PROPERTY HOLDING LTD,12-03-2026,ACCLIME CORPORATE SERVICES LIMITED,Licensed,Special purpose vehicle
INFERENCE HOLDINGS LIMITED,12-03-2026,CLARA FORMATIONS LIMITED,Licensed,Special purpose vehicle
COZY CAPRICORN SPV LIMITED,12-03-2026,AL TAMIMI & CO. CORPORATE SERVICES LIMITED,Licensed,Special purpose vehicle
FENWICKE INVESTMENT HOLDING RSC LTD,12-03-2026,,Licensed,Special purpose vehicle
NORWICKE INVESTMENT HOLDING RSC LTD,12-03-2026,,Licensed,Special purpose vehicle
SEVEN HILLS HOLDING LTD,12-03-2026,AL TAMIMI & CO. CORPORATE SERVICES LIMITED,Licensed,Special purpose vehicle
RETMA FOUNDATION,12-03-2026,ELNAGGAR & PARTNERS LIMITED,Licensed,Foundation
CARS24 GLOBAL HOLDINGS LIMITED,13-03-2026,10 LEAVES LIMITED,Licensed,Special purpose vehicle
ELEVATE GLOBAL HOLDING LIMITED,13-03-2026,SANCTUARY CORPORATE SERVICES FZ LLC,Licensed,Special purpose vehicle
GEMANA PROPERTIES SPV LIMITED,13-03-2026,AL TAMIMI & CO. CORPORATE SERVICES LIMITED,Licensed,Special purpose vehicle
FALAQ SIP HOLDINGS LIMITED,13-03-2026,CLARA FORMATIONS LIMITED,Licensed,Special purpose vehicle
FTG INV SPV LIMITED,13-03-2026,CLARA FORMATIONS LIMITED,Licensed,Special purpose vehicle
SIDAIYZE HOLDING LIMITED,13-03-2026,ACCLIME CORPORATE SERVICES LIMITED,Licensed,Special purpose vehicle
SIQURE ASSET HOLDINGS LTD,13-03-2026,CLARA FORMATIONS LIMITED,Licensed,Special purpose vehicle
VECTORGLOBE HOLDINGS LTD,13-03-2026,CLARA FORMATIONS LIMITED,Licensed,Special purpose vehicle
BIAS FOUNDATION,13-03-2026,CLARA FORMATIONS LIMITED,Licensed,Foundation
ALDEBARAN 88 HOLDING LIMITED,16-03-2026,CLARA FORMATIONS LIMITED,Licensed,Special purpose vehicle
CULTURAL PROPONENCY HOUSE HOLDINGS LTD,16-03-2026,CLARA FORMATIONS LIMITED,Licensed,Special purpose vehicle
ISTAMID HOLDINGS LIMITED,16-03-2026,STROLLA LLP,Licensed,Special purpose vehicle
ORANGE NORTH STAR HOLDING LIMITED,16-03-2026,J. AWAN & PARTNERS LIMITED,Licensed,Special purpose vehicle
WAYFINDER HOLDINGS LIMITED,16-03-2026,CLARA FORMATIONS LIMITED,Licensed,Special purpose vehicle
WISEVENTURES HOLDING LTD,16-03-2026,J. AWAN & PARTNERS LIMITED,Licensed,Special purpose vehicle
JBR HOLDING LIMITED,16-03-2026,10 LEAVES LIMITED,Licensed,Special purpose vehicle
JEENY HOLDINGS LIMITED,16-03-2026,CLARA FORMATIONS LIMITED,Licensed,Special purpose vehicle
BERESTA FOUNDATION,16-03-2026,ROSEMONT PARTNERS CORPORATE SERVICES LIMITED,Licensed,Foundation
AXDI SPV 6 LTD,17-03-2026,,Licensed,Special purpose vehicle
ASSETLY HOLDINGS LIMITED,17-03-2026,HISTORY LIMITED,Licensed,Special purpose vehicle
SAFARI GLOBAL HOLDINGS LIMITED,17-03-2026,ROSEMONT PARTNERS CORPORATE SERVICES LIMITED,Licensed,Special purpose vehicle
ORANGE LINE HOLDING LIMITED,17-03-2026,J. AWAN & PARTNERS LIMITED,Licensed,Special purpose vehicle
SWARM ROBOTICS HOLDINGS LIMITED,17-03-2026,CLARA FORMATIONS LIMITED,Licensed,Special purpose vehicle
SMAPE HOLDINGS LTD,17-03-2026,WALKERS PROFESSIONAL SERVICES (MIDDLE EAST) LIMITED,Licensed,Special purpose vehicle
LEGACY WEALTH FOUNDATION,17-03-2026,ROSEMONT PARTNERS CORPORATE SERVICES LIMITED,Licensed,Foundation
THE FIVE SEAS FOUNDATION,17-03-2026,STROLLA LLP,Licensed,Foundation
EL KHOURI GLOBAL SOLUTIONS HOLDINGS LTD,18-03-2026,EQUUS CORPORATE LIMITED,Licensed,Special purpose vehicle
FANDIRECT HOLDING LIMITED,18-03-2026,CLARA FORMATIONS LIMITED,Licensed,Special purpose vehicle
AFTABI HOLDINGS LTD,18-03-2026,,Licensed,Special purpose vehicle
CELEST HOLDINGS LTD,18-03-2026,,Licensed,Special purpose vehicle
GSA PBSA INVESTMENT HOLDINGS LIMITED,18-03-2026,IQ EQ MIDDLE EAST SERVICES LIMITED,Licensed,Special purpose vehicle
AXDI SPV 5 LTD,18-03-2026,,Licensed,Special purpose vehicle
E DADDY HOLDINGS LTD,18-03-2026,TRIAM CONSULTANCIES PRIVATE LIMITED,Licensed,Special purpose vehicle
RED SEA HOLDING LIMITED,18-03-2026,CSP GROUP LTD,Licensed,Special purpose vehicle
STAR HOSPITALITY HOLDING LTD,18-03-2026,RAD CORPORATE SERVICES LIMITED,Licensed,Special purpose vehicle
TDMZSS HOLDINGS LIMITED,18-03-2026,CLARA FORMATIONS LIMITED,Licensed,Special purpose vehicle
TOMYRIS HOLDINGS LTD,18-03-2026,,Licensed,Special purpose vehicle
TOUQ GROUP HOLDING LTD,18-03-2026,CROWE MAK LLP,Licensed,Special purpose vehicle
KARMEL FOUNDATION,18-03-2026,AL TAMIMI & CO. CORPORATE SERVICES LIMITED,Licensed,Foundation
THE FRACTAL FOUNDATION,18-03-2026,MOORE JFC LIMITED,Licensed,Foundation
MAST FIVE HOLDING LTD,22-03-2026,STROLLA LLP,Licensed,Special purpose vehicle
KEE HOLDINGS LTD,22-03-2026,EQUUS CORPORATE LIMITED,Licensed,Special purpose vehicle
GLOBAL PLATFORM HOLDINGS LIMITED,23-03-2026,JTC CORPORATE SERVICES (DIFC) LIMITED,Licensed,Special purpose vehicle
AKTIVO REAL ESTATE INVESTMENTS HOLDING SPV LTD,23-03-2026,CSP GROUP LTD,Licensed,Special purpose vehicle
DHARMA SOMA NITYA HOLDING CO LIMITED,23-03-2026,CROWE MAK LLP,Licensed,Special purpose vehicle
PLATINUM SIMIAN C 2022 RSC LIMITED,23-03-2026,,Licensed,Special purpose vehicle
RSA STRATEGIC HOLDINGS LTD,23-03-2026,TMF GROUP FIDUCIARY SERVICES LIMITED,Licensed,Special purpose vehicle
SIMPLE TECHNOLOGY HOLDINGS LTD,23-03-2026,10 LEAVES LIMITED,Licensed,Special purpose vehicle
SPECTRE HOLDING RSC LTD,23-03-2026,,Licensed,Special purpose vehicle
SYNERGY EQUIPMENT HOLDINGS LIMITED,23-03-2026,CLARA FORMATIONS LIMITED,Licensed,Special purpose vehicle
VERGROUP HOLDING LTD,23-03-2026,BANKS LEGAL LIMITED,Licensed,Special purpose vehicle
AMAN FOUNDATION,23-03-2026,ASSISS LTD,Licensed,Foundation
VAUBAN FOUNDATION,23-03-2026,10 LEAVES LIMITED,Licensed,Foundation
DOMINGO SPV LTD,24-03-2026,MABA CORPORATE SERVICES LIMITED,Licensed,Special purpose vehicle
HILLS AND FORT HOLDINGS LTD,24-03-2026,10 LEAVES LIMITED,Licensed,Special purpose vehicle
JAYVANKA HOLDINGS LIMITED,24-03-2026,M-HQ LTD,Licensed,Special purpose vehicle
O&F HIVE BARSHA SPV LIMITED,24-03-2026,AL TAMIMI & CO. CORPORATE SERVICES LIMITED,Licensed,Special purpose vehicle
O&F VENTURES SPV LIMITED,24-03-2026,AL TAMIMI & CO. CORPORATE SERVICES LIMITED,Licensed,Special purpose vehicle
SIC ATLAS HOLDING LIMITED,24-03-2026,GRANT THORNTON AUDIT AND ACCOUNTING LIMITED,Licensed,Special purpose vehicle
SORVANE INVESTMENT HOLDING RSC LTD,24-03-2026,,Licensed,Special purpose vehicle
SPORTSWORLD HOLDINGS LTD,24-03-2026,MABA CORPORATE SERVICES LIMITED,Licensed,Special purpose vehicle
VILLA CHELSEA HOLDING LTD,24-03-2026,ASSISS LTD,Licensed,Special purpose vehicle
UBIQUANT HOLDING (AD) LIMITED,24-03-2026,ASSISS LTD,Licensed,Special purpose vehicle
ATOLL CROWN HOLDING LTD,25-03-2026,CSP GROUP LTD,Licensed,Special purpose vehicle
CONTENT CREATION HOLDING LIMITED,25-03-2026,CLARA FORMATIONS LIMITED,Licensed,Special purpose vehicle
ECHO ATLAS HOLDINGS LIMITED,25-03-2026,CLARA FORMATIONS LIMITED,Licensed,Special purpose vehicle
JKS INDIAN MIDDLE EAST HOLDINGS LTD,25-03-2026,PRAXISIFM TRUST LIMITED,Licensed,Special purpose vehicle
HOMER STREET HOLDINGS LIMITED,25-03-2026,CLARA FORMATIONS LIMITED,Licensed,Special purpose vehicle
MANARA HOLDING COMPANY LTD,25-03-2026,CLARA FORMATIONS LIMITED,Licensed,Special purpose vehicle
LAGUNA PEARL HOLDING LTD,25-03-2026,CSP GROUP LTD,Licensed,Special purpose vehicle
OMNIOS HOLDINGS LIMITED,25-03-2026,TRIFECTA ADVISORY GROUP LIMITED,Licensed,Special purpose vehicle
R.AI SPV RSC LTD,25-03-2026,,Licensed,Special purpose vehicle
ROBOTIC BOXES ENGINEERING HOLDING LIMITED,25-03-2026,CLARA FORMATIONS LIMITED,Licensed,Special purpose vehicle
SIMPSON STREET HOLDINGS LIMITED,25-03-2026,CLARA FORMATIONS LIMITED,Licensed,Special purpose vehicle
SELENE HOLDINGS LTD,25-03-2026,CSP GROUP LTD,Licensed,Special purpose vehicle
SIS INDUSTRIAL CYBER SECURITY HOLDINGS LTD,25-03-2026,CROWE MAK LLP,Licensed,Special purpose vehicle
VOLERY HOLDINGS LTD,25-03-2026,ROSEMONT PARTNERS CORPORATE SERVICES LIMITED,Licensed,Special purpose vehicle
CALVOS FOUNDATION,25-03-2026,AL TAMIMI & CO. CORPORATE SERVICES LIMITED,Licensed,Foundation
GORDINGTON FOUNDATION,25-03-2026,AL TAMIMI & CO. CORPORATE SERVICES LIMITED,Licensed,Foundation
HYTHYLENE-TECH HOLDING LIMITED,26-03-2026,WALKERS PROFESSIONAL SERVICES (MIDDLE EAST) LIMITED,Licensed,Special purpose vehicle
LONESTAR HOLDING LIMITED,26-03-2026,CROWE MAK LLP,Licensed,Special purpose vehicle
NAMEZI HOLDING LIMITED,26-03-2026,CLARA FORMATIONS LIMITED,Licensed,Special purpose vehicle
MGH MINERVA HOLDINGS RSC LIMITED,26-03-2026,WALKERS PROFESSIONAL SERVICES (MIDDLE EAST) LIMITED,Licensed,Special purpose vehicle
PROJECT EPIC M10 HOLDINGS LIMITED,26-03-2026,CLARA FORMATIONS LIMITED,Licensed,Special purpose vehicle
TATOOINE HOLDINGS LIMITED,26-03-2026,CLARA FORMATIONS LIMITED,Licensed,Special purpose vehicle
X ASSET AI HOLDINGS LTD,26-03-2026,CLARA FORMATIONS LIMITED,Licensed,Special purpose vehicle
ZARRAF SOLAR PV HOLDING RSC LIMITED,26-03-2026,WALKERS PROFESSIONAL SERVICES (MIDDLE EAST) LIMITED,Licensed,Special purpose vehicle
CELESTIAL GLOBAL HOLDING RSC LTD,27-03-2026,,Licensed,Special purpose vehicle
NOVO LINK HOLDING LTD,27-03-2026,10 LEAVES LIMITED,Licensed,Special purpose vehicle
MS FOUNDATION,27-03-2026,GRANT THORNTON AUDIT AND ACCOUNTING LIMITED,Licensed,Foundation
MAB INVESTMENT HOLDING LIMITED,30-03-2026,KPI AHLI CHARTERED ACCOUNTANTS,Licensed,Special purpose vehicle
HARBOR VIEWS INVESTMENTS HOLDINGS LIMITED,30-03-2026,,Licensed,Special purpose vehicle
AUCTUS HOLDINGS LIMITED,30-03-2026,CLARA FORMATIONS LIMITED,Licensed,Special purpose vehicle
EVENTS.COM GLOBAL SPV LIMITED,30-03-2026,CLARA FORMATIONS LIMITED,Licensed,Special purpose vehicle
MENA NILE HOLDING LIMITED,30-03-2026,CSP GROUP LTD,Licensed,Special purpose vehicle
ONE. IMPACT HOLDING LTD,30-03-2026,ROSEMONT PARTNERS CORPORATE SERVICES LIMITED,Licensed,Special purpose vehicle
PIP WORLD HOLDINGS LTD,30-03-2026,CSP GROUP LTD,Licensed,Special purpose vehicle
RC SPV LIMITED,30-03-2026,STRAVICA CORPORATE SERVICES LIMITED,Licensed,Special purpose vehicle
PAS FOUNDATION,30-03-2026,AL TAMIMI & CO. CORPORATE SERVICES LIMITED,Licensed,Foundation
GOLDEN BAY HOLDING LIMITED,31-03-2026,EQUUS CORPORATE LIMITED,Licensed,Special purpose vehicle
AXORA HOLDINGS LIMITED,31-03-2026,CLARA FORMATIONS LIMITED,Licensed,Special purpose vehicle
ALLEYWAY HOLDING LIMITED,31-03-2026,IDARAH CORPORATE LIMITED,Licensed,Special purpose vehicle
DIGITAL PETROLEUM HOLDINGS LIMITED,31-03-2026,CLARA FORMATIONS LIMITED,Licensed,Special purpose vehicle
ARCHETYPE HOLDING LTD,31-03-2026,VELOX  SOLUTIONS LIMITED,Licensed,Special purpose vehicle
ENERGY INVESTMENT HOLDING LIMITED,31-03-2026,TMF GROUP FIDUCIARY SERVICES LIMITED,Licensed,Special purpose vehicle
PLUTO ME HOLDINGS LIMITED,31-03-2026,CLYDE SERVICES LIMITED,Licensed,Special purpose vehicle
MZ PROPERTY HOLDING LTD,31-03-2026,STRAVICA CORPORATE SERVICES LIMITED,Licensed,Special purpose vehicle
MAGNITUDE HOLDINGS LTD,31-03-2026,TRIFECTA ADVISORY GROUP LIMITED,Licensed,Special purpose vehicle
PLUTO GLOBAL HOLDINGS LIMITED,31-03-2026,CLYDE SERVICES LIMITED,Licensed,Special purpose vehicle
SINDAD HOLDING RSC LTD,31-03-2026,,Licensed,Special purpose vehicle
SQ HOLDINGS LTD,31-03-2026,CLARA FORMATIONS LIMITED,Licensed,Special purpose vehicle
TOURBITE PRIME HOLDING LTD,31-03-2026,CROWE MAK LLP,Licensed,Special purpose vehicle
VERTEX ONE HOLDING RSC LTD,31-03-2026,,Licensed,Special purpose vehicle
NOMOS FOUNDATION,31-03-2026,M S CHARTERED ACCOUNTANTS LTD,Licensed,Foundation
VILLIVARU FOUNDATION,31-03-2026,AL TAMIMI & CO. CORPORATE SERVICES LIMITED,Licensed,Foundation
TUFFAHA FOUNDATION,31-03-2026,CLARA FORMATIONS LIMITED,Licensed,Foundation
GORDINGTON HOLDINGS LTD,01-04-2026,AL TAMIMI & CO. CORPORATE SERVICES LIMITED,Licensed,Special purpose vehicle
MELON DIGITAL HOLDING LTD,01-04-2026,CLARA FORMATIONS LIMITED,Licensed,Special purpose vehicle
NUKLEO LAB HOLDING LTD,01-04-2026,AL TAMIMI & CO. CORPORATE SERVICES LIMITED,Licensed,Special purpose vehicle
ONEIM ALTERNATIVE INVESTMENTS I SPV LTD,01-04-2026,EQUIOM CORPORATE SERVICES (MIDDLE EAST) LTD,Licensed,Special purpose vehicle
GALINA FOUNDATION,01-04-2026,CAVENWELL CORPORATE SERVICES (GM) LIMITED,Licensed,Foundation
MIRCHANDANI MAPS EQUILIBRIUM FOUNDATION,01-04-2026,ROSEMONT PARTNERS CORPORATE SERVICES LIMITED,Licensed,Foundation
DIAFA F&B HOLDING RSC LTD,02-04-2026,,Licensed,Special purpose vehicle
DRAGON DUNES HOLDINGS LTD,02-04-2026,ELNAGGAR & PARTNERS LIMITED,Licensed,Special purpose vehicle
MAMUN HOLDINGS LTD,02-04-2026,CLARA FORMATIONS LIMITED,Licensed,Special purpose vehicle
MILANE FINANCE HOLDINGS LIMITED,02-04-2026,AL TAMIMI & CO. CORPORATE SERVICES LIMITED,Licensed,Special purpose vehicle
MILANE GROUP HOLDINGS LIMITED,02-04-2026,AL TAMIMI & CO. CORPORATE SERVICES LIMITED,Licensed,Special purpose vehicle
N7 SPV LIMITED,02-04-2026,AL TAMIMI & CO. CORPORATE SERVICES LIMITED,Licensed,Special purpose vehicle
MILAYA HOLDINGS LIMITED,02-04-2026,STRAVICA CORPORATE SERVICES LIMITED,Licensed,Special purpose vehicle
SF73 HOLDINGS LTD,02-04-2026,10 LEAVES LIMITED,Licensed,Special purpose vehicle
SWORD HOLDING RSC LTD,02-04-2026,,Licensed,Special purpose vehicle
LEGACY ESTATE FOUNDATION,02-04-2026,AL TAMIMI & CO. CORPORATE SERVICES LIMITED,Licensed,Foundation
KAMAL HOLDING LIMITED,03-04-2026,,Licensed,Special purpose vehicle
KAYAN HOLDING LIMITED,03-04-2026,,Licensed,Special purpose vehicle
BESTBUDS HEALTH TECHNOLOGIES HOLDING LIMITED,03-04-2026,TRIFECTA ADVISORY GROUP LIMITED,Licensed,Special purpose vehicle
ORA FINTECH HOLDING LIMITED,03-04-2026,BANKS LEGAL LIMITED,Licensed,Special purpose vehicle
MILANE MEDIA HOLDINGS LIMITED,03-04-2026,AL TAMIMI & CO. CORPORATE SERVICES LIMITED,Licensed,Special purpose vehicle
RESILIENCE HOLDINGS SPV LTD,03-04-2026,M S CHARTERED ACCOUNTANTS LTD,Licensed,Special purpose vehicle
TME HOLDINGS LTD,03-04-2026,AL TAMIMI & CO. CORPORATE SERVICES LIMITED,Licensed,Special purpose vehicle
UROKO BAY HOLDING LTD,03-04-2026,CSP GROUP LTD,Licensed,Special purpose vehicle
FLUMERA SPV LIMITED,06-04-2026,TRIFECTA ADVISORY GROUP LIMITED,Licensed,Special purpose vehicle
DIAFA CAPRICE SPV RSC LTD,06-04-2026,,Licensed,Special purpose vehicle
AXIGHT SPECIAL OPPORTUNITIES SMA I (GP) SPV LTD,06-04-2026,,Licensed,Special purpose vehicle
HLM4 HOLDING LTD,06-04-2026,INP IBRAHIM N PARTNERS LEGAL CONSULTANCY LTD,Licensed,Special purpose vehicle
AXIGHT ASIA PACIFIC INVESTMENTS II (GP) SPV LTD,06-04-2026,,Licensed,Special purpose vehicle
NOVATRA HOLDINGS LTD,06-04-2026,INP IBRAHIM N PARTNERS LEGAL CONSULTANCY LTD,Licensed,Special purpose vehicle
PROSOMA MEA HOLDINGS LIMITED,06-04-2026,CLARA FORMATIONS LIMITED,Licensed,Special purpose vehicle
MI NOR HOLDING LTD,07-04-2026,INP IBRAHIM N PARTNERS LEGAL CONSULTANCY LTD,Licensed,Special purpose vehicle
LEGAC HOLDING LTD,07-04-2026,INP IBRAHIM N PARTNERS LEGAL CONSULTANCY LTD,Licensed,Special purpose vehicle
PHOENIX AI HOLDINGS LIMITED,07-04-2026,MABA CORPORATE SERVICES LIMITED,Licensed,Special purpose vehicle
ANDALUS GROUP HOLDINGS LIMITED,07-04-2026,CLARA FORMATIONS LIMITED,Licensed,Special purpose vehicle
WATTKRAFT ME HOLDING LTD,07-04-2026,SANCTUARY CORPORATE SERVICES FZ LLC,Licensed,Special purpose vehicle
CALVOS REAL ESTATE HOLDINGS LTD,08-04-2026,AL TAMIMI & CO. CORPORATE SERVICES LIMITED,Licensed,Special purpose vehicle
DIAFA CAPRICE BIDCO HOLDING RSC LTD,08-04-2026,,Licensed,Special purpose vehicle
SAHSEH HOLDING LIMITED,08-04-2026,CLARA FORMATIONS LIMITED,Licensed,Special purpose vehicle
RYAL MINERALS HOLDING LTD,08-04-2026,ROSEMONT PARTNERS CORPORATE SERVICES LIMITED,Licensed,Special purpose vehicle
BAAZA HOLDINGS LIMITED,09-04-2026,CLARA FORMATIONS LIMITED,Licensed,Special purpose vehicle
ARCADIA MAYA SPV LTD,09-04-2026,ROSEMONT PARTNERS CORPORATE SERVICES LIMITED,Licensed,Special purpose vehicle
AERAS GLOBAL HOLDING LIMITED,09-04-2026,COUNSEL SERVICES LIMITED,Licensed,Special purpose vehicle
CENTAURE AI HOLDING RSC LTD,09-04-2026,,Licensed,Special purpose vehicle
HIMMA HOLDINGS LTD,09-04-2026,CLARA FORMATIONS LIMITED,Licensed,Special purpose vehicle
KORHOGO HOLDINGS LTD,09-04-2026,,Licensed,Special purpose vehicle
GREENBULL PRIME SPV 1 LTD,09-04-2026,APEX CORPORATE SERVICES (ME) LTD,Licensed,Special purpose vehicle
MONDEVO AI HOLDINGS LIMITED,09-04-2026,APEX CORPORATE SERVICES (ME) LTD,Licensed,Special purpose vehicle
KZ –  BEACHFRONT DEVELOPMENT SPV LIMITED,09-04-2026,ASSISS LTD,Licensed,Special purpose vehicle
MONGATE GROUP SPV LTD,09-04-2026,10 LEAVES LIMITED,Licensed,Special purpose vehicle
OM ONE HOLDING LTD,09-04-2026,INP IBRAHIM N PARTNERS LEGAL CONSULTANCY LTD,Licensed,Special purpose vehicle
PRIME GLOBAL SPV LIMITED,09-04-2026,CSC CORPORATE SERVICES (MIDDLE EAST) LIMITED,Licensed,Special purpose vehicle
SIHASSET GLOBAL HOLDING LIMITED,09-04-2026,CSC CORPORATE SERVICES (MIDDLE EAST) LIMITED,Licensed,Special purpose vehicle
TAMAYA ONE HOLDING LTD,09-04-2026,INP IBRAHIM N PARTNERS LEGAL CONSULTANCY LTD,Licensed,Special purpose vehicle
TAMAYA2 HOLDING LTD,09-04-2026,INP IBRAHIM N PARTNERS LEGAL CONSULTANCY LTD,Licensed,Special purpose vehicle
UNITRADE RESOURCES HOLDINGS LIMITED,09-04-2026,MOORE JFC LIMITED,Licensed,Special purpose vehicle
USEYANA HOLDING LIMITED,09-04-2026,CLARA FORMATIONS LIMITED,Licensed,Special purpose vehicle
MAGNA ONE HOLDING LTD,10-04-2026,INP IBRAHIM N PARTNERS LEGAL CONSULTANCY LTD,Licensed,Special purpose vehicle
NAHDA GCC FUND I GP LTD,10-04-2026,,Licensed,Special purpose vehicle
PALOMA RSC LTD,11-04-2026,,Licensed,Special purpose vehicle
CORETECHX SYSTEMS HOLDINGS LIMITED,13-04-2026,CLARA FORMATIONS LIMITED,Licensed,Special purpose vehicle
LUCEN HOLDING LTD,13-04-2026,CLARA FORMATIONS LIMITED,Licensed,Special purpose vehicle
MADA URBAN DEVELOPMENT SPV LIMITED,13-04-2026,ACCLIME CORPORATE SERVICES LIMITED,Licensed,Special purpose vehicle
L’IMAD RAIL - JORDAN RSC LTD,13-04-2026,,Licensed,Special purpose vehicle
L’IMAD RAIL HOLDING RSC LTD,13-04-2026,,Licensed,Special purpose vehicle
GAMESTER KIDS HOLDING LTD,13-04-2026,IDARAH CORPORATE LIMITED,Licensed,Special purpose vehicle
NOVERA HOLDING RSC LTD,13-04-2026,,Licensed,Special purpose vehicle
PROJECT RAPTOR HOLDING SPV LTD,13-04-2026,,Licensed,Special purpose vehicle
DBT HOLDING LIMITED,14-04-2026,CLARA FORMATIONS LIMITED,Licensed,Special purpose vehicle
DRA HOLDINGS LTD,14-04-2026,CLARA FORMATIONS LIMITED,Licensed,Special purpose vehicle
EAST LANE NB HOLDING LTD,14-04-2026,MAPLES FIDUCIARY SERVICES (MIDDLE EAST) LIMITED,Licensed,Special purpose vehicle
GORDINGTON REAL ESTATE HOLDINGS LTD,14-04-2026,AL TAMIMI & CO. CORPORATE SERVICES LIMITED,Licensed,Special purpose vehicle
MAYBORNE HOLDINGS LIMITED,14-04-2026,CLARA FORMATIONS LIMITED,Licensed,Special purpose vehicle
MEDIRECT HOLDINGS LIMITED,14-04-2026,CLARA FORMATIONS LIMITED,Licensed,Special purpose vehicle
S B HOLDING LIMITED,14-04-2026,,Licensed,Special purpose vehicle
ORAAM HOLDINGS LTD,14-04-2026,10 LEAVES LIMITED,Licensed,Special purpose vehicle
YELLOWSTONE HOLDING LIMITED,14-04-2026,OCORIAN CORPORATE SERVICES (ME) LIMITED,Licensed,Special purpose vehicle
VALDORA HOLDING LIMITED,14-04-2026,RAD CORPORATE SERVICES LIMITED,Licensed,Special purpose vehicle
SRQ TAMKEEN XXI SPV LTD,14-04-2026,,Licensed,Special purpose vehicle
REBASE HOLDINGS LIMITED,14-04-2026,SANCTUARY CORPORATE SERVICES FZ LLC,Licensed,Special purpose vehicle
AICA PROPERTIES HOLDING LTD,15-04-2026,CLARA FORMATIONS LIMITED,Licensed,Special purpose vehicle
GOLDSTREAM GLOBAL HOLDINGS LTD,15-04-2026,ROSEMONT PARTNERS CORPORATE SERVICES LIMITED,Licensed,Special purpose vehicle
MAZAC HOLDINGS LIMITED,15-04-2026,RAD CORPORATE SERVICES LIMITED,Licensed,Special purpose vehicle
RSA XB HOLDING LTD,15-04-2026,TMF GROUP FIDUCIARY SERVICES LIMITED,Licensed,Special purpose vehicle
DUKE INVESTMENT HOLDINGS LIMITED,16-04-2026,KPI AHLI CHARTERED ACCOUNTANTS,Licensed,Special purpose vehicle
DRAGONFLY HOLDINGS LIMITED,16-04-2026,10 LEAVES LIMITED,Licensed,Special purpose vehicle
INFINITY BIDCO I HOLDING LTD,16-04-2026,TRIFECTA ADVISORY GROUP LIMITED,Licensed,Special purpose vehicle
ALAKAI HOLDINGS LTD,16-04-2026,GRIFFIN CORPORATE SERVICES LTD,Licensed,Special purpose vehicle
AETHERA HOLDING RSC LTD,16-04-2026,,Licensed,Special purpose vehicle
FLOOSI PARTNERS SPV LTD,16-04-2026,ELNAGGAR & PARTNERS LIMITED,Licensed,Special purpose vehicle
ALIVATE HOLDING LTD,16-04-2026,CLARA FORMATIONS LIMITED,Licensed,Special purpose vehicle
RFOPTIX TECHNOLOGIES HOLDINGS LIMITED,16-04-2026,CSP GROUP LTD,Licensed,Special purpose vehicle
M132 HOLDINGS LTD,16-04-2026,ASSISS LTD,Licensed,Special purpose vehicle
BTECH HOLDINGS LTD,17-04-2026,SOVEREIGN CORPORATE SERVICES ME LIMITED,Licensed,Special purpose vehicle
1640 HOLDINGS LTD,17-04-2026,ROSEMONT PARTNERS CORPORATE SERVICES LIMITED,Licensed,Special purpose vehicle
PLATINUM LORIEN C 2026 RSC LIMITED,17-04-2026,,Licensed,Special purpose vehicle
ATELIER ZIVARA HOLDINGS LTD,20-04-2026,AL TAMIMI & CO. CORPORATE SERVICES LIMITED,Licensed,Special purpose vehicle
AT PRIVATE ADVISORY LIMITED,20-04-2026,CAVENWELL CORPORATE SERVICES (GM) LIMITED,Licensed,Special purpose vehicle
DECAHYDRON SPV HOLDINGS LIMITED,20-04-2026,CSP GROUP LTD,Licensed,Special purpose vehicle
FFG PSA HOLDING SPV LTD,20-04-2026,M S CHARTERED ACCOUNTANTS LTD,Licensed,Special purpose vehicle
LL IV SPV 1 LTD,20-04-2026,,Licensed,Special purpose vehicle
JUMANA HOSPITALITY HOLDINGS LIMITED,20-04-2026,CLARA FORMATIONS LIMITED,Licensed,Special purpose vehicle
MARIANA INTERNATIONAL MIDCO II GP RSC LTD,20-04-2026,,Licensed,Special purpose vehicle
MAJAL HOLDING SPV LTD,20-04-2026,STROLLA LLP,Licensed,Special purpose vehicle
MARIANA INTERNATIONAL MIDCO I GP RSC LTD,20-04-2026,,Licensed,Special purpose vehicle
MGX MARIANA CO-INVEST I RSC LTD,20-04-2026,,Licensed,Special purpose vehicle
MGX MARIANA INTERNATIONAL HOLDING GP RSC LTD,20-04-2026,,Licensed,Special purpose vehicle
PLATINUM ITHILDIN C 2026 RSC LIMITED,20-04-2026,,Licensed,Special purpose vehicle
THE WEALTH TELLERS HOLDING SPV LIMITED,20-04-2026,CSP GROUP LTD,Licensed,Special purpose vehicle
URBAN CARS HOLDING LIMITED,20-04-2026,CLARA FORMATIONS LIMITED,Licensed,Special purpose vehicle
VEON DIGITAL FINANCE HOLDING LTD,20-04-2026,WALKERS PROFESSIONAL SERVICES (MIDDLE EAST) LIMITED,Licensed,Special purpose vehicle
VILLIVARU SPV LTD,20-04-2026,AL TAMIMI & CO. CORPORATE SERVICES LIMITED,Licensed,Special purpose vehicle
CUSTOM PEPTIDES HOLDINGS LIMITED,21-04-2026,CLARA FORMATIONS LIMITED,Licensed,Special purpose vehicle
GILLARD GROUP HOLDINGS LIMITED,21-04-2026,IDARAH CORPORATE LIMITED,Licensed,Special purpose vehicle
GRIFFIN GLOBAL HOLDINGS SPV LTD,21-04-2026,CSP GROUP LTD,Licensed,Special purpose vehicle
CALVOS HOLDINGS LTD,21-04-2026,AL TAMIMI & CO. CORPORATE SERVICES LIMITED,Licensed,Special purpose vehicle
SERVANA HOLDING LIMITED,21-04-2026,CLARA FORMATIONS LIMITED,Licensed,Special purpose vehicle
HLMS FOUNDATION,08-04-2026,OCORIAN CORPORATE SERVICES (ME) LIMITED,Licensed,Foundation
MERLIN VENTURES FOUNDATION,08-04-2026,TMF GROUP FIDUCIARY SERVICES LIMITED,Licensed,Foundation
NAH FOUNDATION,08-04-2026,ASSISS LTD,Licensed,Foundation
PROSPERITY FOUNDATION,08-04-2026,CSP GROUP LTD,Licensed,Foundation
SILVER LAKE HOLDINGS FOUNDATION,09-04-2026,10 LEAVES LIMITED,Licensed,Foundation
THE DRAGONFLY FOUNDATION,09-04-2026,10 LEAVES LIMITED,Licensed,Foundation
CI FOUNDATION,10-04-2026,WALKERS PROFESSIONAL SERVICES (MIDDLE EAST) LIMITED,Licensed,Foundation
AETERNA FOUNDATION,13-04-2026,CSP GROUP LTD,Licensed,Foundation
MCM FOUNDATION,13-04-2026,SANCTUARY CORPORATE SERVICES FZ LLC,Licensed,Foundation
CARTER HOLDINGS FOUNDATION,15-04-2026,AL TAMIMI & CO. CORPORATE SERVICES LIMITED,Licensed,Foundation
EVERON FOUNDATION,15-04-2026,ROSEMONT PARTNERS CORPORATE SERVICES LIMITED,Licensed,Foundation
JEEVAN FOUNDATION,15-04-2026,AL TAMIMI & CO. CORPORATE SERVICES LIMITED,Licensed,Foundation
NEXBRIDGE FOUNDATION,15-04-2026,COUNSEL SERVICES LIMITED,Licensed,Foundation
NE PLUS ULTRA FOUNDATION,16-04-2026,M-HQ LTD,Licensed,Foundation
ALFARIZI WEALTH WISE FOUNDATION,16-04-2026,RAD CORPORATE SERVICES LIMITED,Licensed,Foundation
AL SALEEM FOUNDATION,21-04-2026,10 LEAVES LIMITED,Licensed,Foundation
